Crop,State,Season,Area,Rainfall,Temperature,Humidity,Soil pH,Nitrogen,Phosphorus,Potassium,Fertilizer,Yield
Maize,Karnataka,Zaid,6.08,925.7,32.2,62.8,6.46,99.0,24.0,143.6,150.4,4.68
Sugarcane,Andhra Pradesh,Rabi,4.31,1076.7,34.7,71.3,6.34,94.6,49.1,99.9,152.6,96.59
Potato,Maharashtra,Kharif,2.89,1038.7,16.6,79.6,6.19,106.0,94.5,91.6,59.1,
Cotton,Punjab,Zaid,3.21,648.2,20.4,85.7,5.9,127.9,15.0,104.6,123.0,2.61
Groundnut,West Bengal,Rabi,5.83,1037.8,26.2,68.0,7.31,178.2,55.5,102.5,179.0,3.18
Maize,West Bengal,Zaid,6.1,955.7,26.2,58.4,6.12,123.2,58.3,104.7,56.2,4.81
Potato,West Bengal,Kharif,4.96,1385.8,28.5,69.6,6.36,113.3,44.6,48.7,99.6,28.39
Pulses,Haryana,Zaid,6.47,310.6,30.4,67.8,6.13,177.9,56.5,114.7,140.9,1.86
Maize,Madhya Pradesh,Zaid,4.83,540.2,33.1,60.7,7.01,112.7,45.5,138.9,127.4,4.38
Cotton,Haryana,Zaid,8.16,835.1,29.3,65.0,7.76,109.4,39.6,111.0,193.6,2.46
Wheat,Andhra Pradesh,Zaid,5.16,634.9,22.6,68.1,6.05,138.3,46.8,127.0,205.8,4.07
Sugarcane,Madhya Pradesh,Zaid,5.73,901.8,34.6,91.1,5.8,156.0,46.6,129.4,122.9,80.77
Wheat,Andhra Pradesh,Zaid,1.02,553.0,32.0,61.2,5.44,160.7,66.3,77.4,97.8,3.58
Cotton,Madhya Pradesh,Zaid,8.38,1426.6,31.2,66.1,6.7,184.0,40.5,89.6,111.4,2.01
Sugarcane,Madhya Pradesh,Rabi,5.94,1081.9,22.1,,6.85,40.0,73.5,128.8,194.8,92.64
Potato,Madhya Pradesh,Zaid,4.01,516.5,34.0,59.8,5.88,91.4,74.9,130.9,155.4,24.7
Rice,Andhra Pradesh,Kharif,5.86,964.3,22.7,71.8,6.26,102.8,,172.9,85.0,4.27
Maize,Tamil Nadu,Kharif,6.93,845.3,17.0,,6.75,87.9,70.1,69.1,97.0,5.29
Cotton,West Bengal,Kharif,5.2,1530.0,17.8,66.6,6.13,102.7,65.4,90.6,103.7,2.59
Potato,Gujarat,Rabi,1.67,681.5,30.8,80.5,6.64,99.0,56.8,92.1,117.1,23.09
Pulses,Punjab,Rabi,1.16,815.0,25.9,72.3,6.27,152.6,62.2,168.7,144.0,2.1
Cotton,Punjab,Zaid,10.13,860.7,29.2,73.3,6.46,126.5,45.4,152.7,167.6,2.62
Pulses,Uttar Pradesh,Rabi,2.58,803.0,33.5,66.9,6.91,109.9,29.9,137.1,111.8,1.67
Pulses,Tamil Nadu,Zaid,2.9,765.0,22.5,59.4,5.88,71.9,54.3,144.2,206.3,1.6
Sugarcane,Karnataka,Kharif,1.46,1283.8,25.4,53.8,5.45,180.3,43.0,97.9,205.6,92.82
Wheat,Uttar Pradesh,Kharif,1.06,743.1,19.0,71.3,6.08,114.1,59.7,168.7,127.1,4.73
Pulses,Tamil Nadu,Kharif,6.31,556.7,18.6,67.3,5.65,127.1,47.1,57.5,167.3,1.89
Pulses,Gujarat,Kharif,5.35,863.9,23.3,71.7,6.75,180.3,85.6,119.5,199.4,2.02
Rice,Madhya Pradesh,Zaid,3.91,1349.4,22.8,59.8,6.65,110.5,59.2,150.6,174.6,3.96
Wheat,Uttar Pradesh,Zaid,1.33,878.1,25.9,65.5,6.4,108.0,36.9,92.8,230.7,4.38
Rice,Gujarat,Kharif,5.25,830.8,31.0,67.6,5.69,89.4,50.2,130.2,143.1,4.48
Sugarcane,Tamil Nadu,Zaid,6.07,1158.7,30.5,75.6,5.72,89.7,52.4,59.4,180.4,83.25
Cotton,Karnataka,Kharif,2.51,917.7,15.4,59.3,6.63,101.3,54.1,116.3,190.8,2.47
Maize,Maharashtra,Rabi,6.42,840.2,17.2,68.0,5.72,162.7,62.7,116.6,150.2,5.26
Wheat,Maharashtra,Zaid,2.39,797.6,21.1,62.1,7.56,106.7,36.0,58.2,180.5,3.69
Rice,Haryana,Rabi,5.86,985.7,38.8,62.2,6.71,167.8,51.6,73.7,88.9,4.94
Pulses,Andhra Pradesh,Kharif,1.2,256.8,26.4,65.7,7.23,49.7,99.5,112.4,187.7,1.79
Cotton,Punjab,Kharif,3.54,894.1,27.7,53.9,7.27,95.6,69.8,138.7,81.2,2.79
Maize,Tamil Nadu,Kharif,1.65,892.5,16.7,55.2,,169.4,40.3,124.9,206.7,5.41
Cotton,Tamil Nadu,Kharif,3.15,647.1,20.4,63.0,6.89,175.7,47.2,125.8,269.8,2.92
Rice,Gujarat,Kharif,4.37,1395.2,27.1,79.5,6.88,90.3,65.9,97.4,189.3,4.43
Rice,Karnataka,Zaid,1.06,1440.7,26.0,55.3,8.0,221.4,54.4,153.9,67.7,
Pulses,Andhra Pradesh,Zaid,5.71,910.2,26.4,71.5,7.2,40.0,69.4,137.0,209.6,1.56
Maize,Haryana,Zaid,5.59,415.2,24.2,80.8,5.43,171.1,76.9,89.9,77.4,4.67
Sugarcane,Gujarat,Rabi,1.52,833.2,27.2,61.9,6.46,101.2,80.4,119.7,134.3,101.78
Groundnut,Karnataka,Zaid,5.0,752.9,31.1,76.7,6.03,117.4,34.6,144.3,100.3,2.39
Potato,Uttar Pradesh,Rabi,4.75,698.3,23.4,91.7,6.34,125.0,28.5,76.8,135.5,26.28
Groundnut,West Bengal,Zaid,3.42,967.6,31.6,84.8,6.11,118.0,34.1,128.1,200.9,2.64
Cotton,Uttar Pradesh,Zaid,10.94,1651.9,23.0,64.3,6.89,86.9,87.0,81.9,99.5,2.2
Potato,Haryana,Rabi,4.46,1429.5,37.1,,6.68,210.0,58.6,167.6,183.7,28.47
Potato,Gujarat,Zaid,4.28,373.4,24.2,81.4,7.03,126.8,53.7,115.1,136.3,24.45
Pulses,Madhya Pradesh,Zaid,2.04,1328.5,29.6,78.7,8.0,116.1,26.5,136.6,277.2,1.71
Sugarcane,Maharashtra,Rabi,2.64,1176.4,27.1,41.2,6.97,70.1,35.0,105.6,172.3,94.36
Sugarcane,Madhya Pradesh,Rabi,4.32,1110.9,26.3,81.9,7.16,195.8,58.8,145.1,240.9,101.84
Sugarcane,Andhra Pradesh,Rabi,2.83,1133.4,23.6,72.8,8.2,127.5,26.1,105.0,189.1,87.48
Rice,Madhya Pradesh,Kharif,5.81,736.0,23.0,64.8,6.25,161.0,15.0,77.7,100.0,4.26
Wheat,Maharashtra,Rabi,5.87,1412.1,18.4,65.9,,120.7,,140.6,72.3,3.93
Cotton,Karnataka,Kharif,8.38,859.8,27.7,72.6,7.0,173.5,57.7,86.7,259.3,2.65
Cotton,Tamil Nadu,Zaid,3.36,1099.0,30.5,45.8,6.73,129.0,29.1,132.3,158.7,2.47
Sugarcane,Maharashtra,Zaid,1.88,,24.4,92.3,6.09,116.6,79.9,120.3,188.5,77.99
Sugarcane,Gujarat,Rabi,8.59,250.0,29.5,62.7,6.47,69.4,52.7,172.9,268.9,101.92
Wheat,Gujarat,Kharif,5.55,866.3,31.3,65.2,7.72,79.5,29.4,136.8,153.9,3.79
Wheat,Punjab,Kharif,2.03,577.1,27.2,89.7,6.77,123.2,79.1,78.7,76.9,5.24
Groundnut,Haryana,Rabi,2.19,405.9,21.4,62.3,7.81,125.1,15.0,149.6,68.5,3.11
Maize,Madhya Pradesh,Zaid,6.98,752.9,31.5,86.8,6.43,106.3,76.3,30.0,223.3,4.63
Wheat,Uttar Pradesh,Rabi,8.03,566.2,29.3,61.8,6.77,68.1,25.2,96.0,75.8,4.19
Groundnut,Uttar Pradesh,Zaid,2.26,961.0,24.1,75.8,7.05,112.7,45.5,71.0,137.0,2.54
Wheat,West Bengal,Zaid,7.35,1302.5,33.8,72.4,6.81,79.4,51.9,52.4,143.8,3.82
Groundnut,Gujarat,Zaid,2.11,460.0,29.4,74.7,6.32,140.2,45.3,104.9,196.1,2.48
Groundnut,West Bengal,Kharif,1.36,841.2,26.5,60.0,6.79,113.2,50.1,104.8,97.5,2.79
Cotton,Gujarat,Kharif,6.47,1156.0,34.2,74.7,6.75,107.4,24.6,90.7,63.5,2.51
Cotton,Punjab,Zaid,11.14,957.9,37.7,95.0,6.97,64.4,95.8,101.1,144.6,2.73
Pulses,Punjab,Rabi,5.57,629.0,22.6,65.0,5.51,103.5,29.7,97.5,133.9,
Maize,Tamil Nadu,Zaid,2.05,624.7,30.7,64.5,6.37,127.0,28.7,138.0,151.4,4.58
Maize,Uttar Pradesh,Kharif,6.5,819.1,23.6,60.5,6.59,167.3,61.0,112.8,155.1,5.8
Groundnut,Madhya Pradesh,Kharif,5.63,1004.9,32.1,92.0,5.77,100.0,27.9,57.8,173.9,2.93
Cotton,Gujarat,Rabi,8.95,834.3,23.5,81.9,7.05,121.5,37.8,114.5,29.8,2.34
Rice,Maharashtra,Kharif,6.12,676.1,24.1,65.4,6.79,132.8,40.5,52.6,177.3,4.72
Wheat,Tamil Nadu,Kharif,8.52,880.5,35.4,49.7,7.69,92.9,64.8,90.6,151.2,4.5
Maize,Maharashtra,Rabi,4.73,659.7,26.7,69.2,,112.4,72.7,98.9,153.9,5.24
Potato,Punjab,Rabi,4.92,777.7,18.7,60.3,6.63,148.4,49.7,117.1,96.2,28.85
Sugarcane,Gujarat,Rabi,5.55,1257.4,23.9,66.9,6.52,67.4,33.3,169.6,192.5,91.66
Maize,Gujarat,Rabi,5.9,256.9,19.8,71.6,6.6,126.0,81.7,46.5,162.4,5.21
Rice,Maharashtra,Zaid,7.72,759.7,,61.1,6.89,100.8,15.1,136.4,173.5,3.93
Sugarcane,Uttar Pradesh,Rabi,7.3,1290.0,30.9,72.7,7.0,40.1,57.0,168.5,159.5,93.9
Sugarcane,Andhra Pradesh,Kharif,3.23,822.9,29.0,71.0,,198.3,106.3,95.4,143.9,95.25
Maize,Andhra Pradesh,Rabi,5.44,641.2,28.7,76.7,5.76,213.5,41.1,115.5,157.9,
Sugarcane,Tamil Nadu,Zaid,8.29,611.1,21.9,49.4,5.92,130.5,67.0,137.1,74.1,87.04
Rice,Andhra Pradesh,Kharif,4.77,672.8,25.5,64.9,7.65,134.4,86.2,81.3,62.2,4.79
Wheat,Madhya Pradesh,Kharif,3.64,799.1,32.6,56.9,6.89,151.4,54.6,163.4,228.1,4.78
Sugarcane,Gujarat,Kharif,1.38,878.9,21.9,73.4,7.18,87.1,100.7,96.9,76.2,86.45
Sugarcane,West Bengal,Kharif,2.63,486.4,33.5,49.6,7.28,96.2,63.2,126.2,95.6,101.06
Groundnut,Gujarat,Rabi,4.36,582.7,25.7,61.9,6.95,109.0,72.4,48.6,206.0,2.73
Cotton,Haryana,Kharif,10.96,1090.7,21.3,76.9,6.27,103.1,65.6,104.4,129.9,2.48
Rice,Gujarat,Zaid,4.47,1528.8,32.3,55.4,5.6,97.7,39.5,153.0,155.4,3.84
Rice,Uttar Pradesh,Zaid,1.04,725.4,19.8,54.3,6.41,131.0,58.4,119.2,37.4,3.83
Wheat,Karnataka,Kharif,2.2,531.9,22.1,66.9,7.25,197.8,36.9,,122.4,4.61
Pulses,Andhra Pradesh,Zaid,5.3,,21.6,79.7,7.46,127.4,54.8,114.6,119.5,1.56
Groundnut,Punjab,Rabi,5.91,876.1,24.5,74.4,5.05,102.2,78.1,89.6,225.2,2.95
Groundnut,Andhra Pradesh,Kharif,3.01,1246.4,19.4,62.2,6.28,134.1,62.9,153.2,158.2,2.85
Maize,Gujarat,Zaid,3.32,1003.1,23.3,83.3,5.78,83.1,51.8,105.2,44.0,4.11
Groundnut,Tamil Nadu,Zaid,4.06,487.7,28.6,68.0,5.34,136.6,30.1,93.4,88.1,2.55
Groundnut,Maharashtra,Zaid,2.04,1503.9,32.4,76.8,6.61,119.5,50.7,72.3,84.9,2.29
Wheat,Uttar Pradesh,Zaid,4.55,1311.8,23.9,71.8,5.73,81.3,60.9,97.4,125.4,3.51
Maize,West Bengal,Zaid,5.07,380.9,28.6,73.8,6.72,127.8,22.1,87.3,169.9,4.44
Potato,Tamil Nadu,Kharif,3.65,749.8,24.9,75.4,6.87,136.2,68.6,70.7,121.4,26.19
Pulses,Andhra Pradesh,Rabi,1.54,379.0,23.9,75.4,6.41,57.2,64.1,119.7,131.4,1.83
Maize,Andhra Pradesh,Kharif,3.1,250.0,27.4,66.0,7.09,73.8,89.7,126.6,,4.61
Wheat,Haryana,Zaid,9.39,821.7,34.9,71.0,6.94,77.2,37.6,136.2,34.3,3.47
Cotton,Andhra Pradesh,Rabi,7.68,833.7,28.1,69.9,7.02,125.0,61.1,112.2,255.2,2.6
Maize,Uttar Pradesh,Zaid,1.02,962.4,26.6,67.6,7.61,141.8,58.3,45.4,233.3,4.97
Rice,Tamil Nadu,Rabi,6.55,1119.4,22.3,51.3,8.2,143.8,43.7,156.7,57.2,4.38
Cotton,Gujarat,Rabi,4.81,1410.3,33.0,80.3,5.39,40.0,59.3,49.8,82.8,2.3
Wheat,Maharashtra,Rabi,2.69,714.9,25.3,92.2,7.57,100.5,42.9,102.9,164.0,4.05
Potato,Andhra Pradesh,Zaid,3.66,905.6,33.1,75.1,7.73,109.8,49.5,145.4,186.4,25.31
Cotton,Haryana,Rabi,7.72,918.0,28.6,83.3,,40.0,83.2,93.1,229.6,2.8
Groundnut,Punjab,Kharif,5.24,844.1,36.0,85.3,6.98,92.5,31.9,100.3,208.2,3.05
Pulses,Madhya Pradesh,Kharif,2.74,709.0,21.6,77.3,7.66,180.9,46.1,80.1,181.6,1.88
Sugarcane,Tamil Nadu,Zaid,1.01,481.7,21.7,68.6,6.58,134.0,77.3,113.0,164.6,90.31
Pulses,Andhra Pradesh,Zaid,6.66,723.1,39.6,57.6,6.79,126.0,28.1,198.4,125.4,1.47
Sugarcane,Andhra Pradesh,Zaid,7.23,891.5,32.1,51.7,8.2,176.3,78.2,99.4,164.6,93.22
Cotton,Haryana,Kharif,11.18,1010.9,16.4,79.6,6.69,156.4,26.8,141.3,120.3,2.79
Potato,Punjab,Kharif,4.3,829.4,30.0,80.2,6.55,160.2,40.5,110.6,158.1,30.45
Groundnut,Madhya Pradesh,Kharif,5.74,952.7,27.6,80.6,7.34,134.8,45.9,145.7,240.6,3.13
Wheat,Punjab,Rabi,4.66,744.8,25.1,67.1,6.6,172.6,37.9,91.2,222.2,4.28
Pulses,Karnataka,Kharif,2.68,577.4,20.9,80.2,6.76,166.8,78.3,138.3,202.6,1.91
Groundnut,Tamil Nadu,Zaid,3.2,829.8,20.7,79.4,6.2,71.1,33.3,91.2,95.6,2.52
Maize,Andhra Pradesh,Kharif,2.28,1002.9,34.2,64.2,5.72,193.6,81.4,67.4,168.4,5.08
Pulses,Punjab,Rabi,4.98,1022.6,23.8,78.7,6.93,160.8,80.1,102.8,74.1,1.96
Cotton,Madhya Pradesh,Kharif,6.33,629.7,19.3,75.4,5.97,70.7,41.0,88.1,231.8,2.4
Rice,Gujarat,Rabi,1.05,837.4,36.8,74.5,6.93,114.4,38.2,73.3,187.7,4.3
Cotton,Karnataka,Zaid,7.09,499.2,23.8,48.9,6.42,100.2,59.6,151.4,98.7,2.48
Potato,Tamil Nadu,Kharif,0.89,851.0,28.7,70.3,6.93,40.0,35.3,75.9,20.0,28.48
Cotton,Haryana,Kharif,2.81,724.0,31.1,63.1,6.41,70.7,31.9,108.3,161.6,2.74
Rice,Andhra Pradesh,Rabi,2.61,739.5,36.1,39.1,5.62,160.8,61.3,137.0,137.2,4.64
Wheat,Madhya Pradesh,Rabi,3.61,791.6,30.2,89.1,7.6,135.0,53.3,193.2,223.9,4.53
Wheat,Gujarat,Zaid,7.41,763.1,29.6,76.2,6.12,123.3,34.5,135.0,157.2,3.5
Maize,Haryana,Kharif,5.94,309.3,31.2,73.3,6.43,134.1,47.1,129.6,188.3,5.68
Groundnut,Uttar Pradesh,Rabi,2.6,776.0,19.9,93.7,6.54,79.0,71.9,32.8,20.0,2.63
Cotton,Andhra Pradesh,Kharif,2.04,1120.7,15.0,78.5,7.07,144.1,57.8,127.8,96.7,2.5
Rice,Punjab,Zaid,3.93,1026.3,37.1,58.8,6.67,167.8,92.7,64.3,181.1,4.82
Sugarcane,Haryana,Zaid,8.09,270.4,34.9,71.9,6.2,41.7,80.0,142.2,172.0,81.95
Sugarcane,Madhya Pradesh,Kharif,7.18,928.0,21.4,45.1,6.45,130.9,21.6,135.9,142.7,89.02
Sugarcane,Tamil Nadu,Rabi,2.72,595.7,23.1,85.6,7.06,83.9,77.1,135.4,90.8,101.63
Sugarcane,Madhya Pradesh,Kharif,1.52,490.8,17.1,55.7,8.17,135.4,38.4,139.5,232.0,85.99
Sugarcane,Uttar Pradesh,Zaid,1.36,981.5,31.0,84.3,5.91,93.9,67.4,103.0,109.2,81.9
Potato,Karnataka,Rabi,2.79,481.9,30.4,73.3,8.2,72.0,63.3,90.1,48.4,24.19
Maize,Karnataka,Kharif,2.69,1233.8,23.4,72.8,7.08,175.9,73.3,98.0,180.6,4.86
Groundnut,Tamil Nadu,Zaid,5.12,1276.4,29.7,79.1,6.9,139.4,67.3,127.2,164.9,2.62
Maize,West Bengal,Kharif,3.23,990.6,27.6,70.4,5.79,43.8,71.0,131.5,135.2,5.36
Wheat,Uttar Pradesh,Zaid,3.08,921.0,23.9,69.7,6.47,176.1,56.4,99.9,180.8,4.46
Wheat,Andhra Pradesh,Kharif,4.91,1125.3,31.0,71.8,5.5,120.0,15.0,149.0,49.1,3.78
Pulses,Gujarat,Rabi,1.58,353.6,35.8,69.5,7.33,121.6,60.8,81.7,130.8,
Cotton,Punjab,Kharif,5.04,1040.8,27.8,65.0,8.2,169.0,37.0,147.0,147.8,2.98
Sugarcane,Haryana,Kharif,3.69,911.9,31.8,70.6,6.28,86.8,80.3,120.5,154.4,108.07
Maize,Haryana,Zaid,6.54,549.6,24.4,80.4,6.77,68.2,83.7,64.8,179.6,5.07
Cotton,Uttar Pradesh,Kharif,4.15,553.4,20.4,61.1,5.42,114.2,49.8,151.8,140.4,2.53
Wheat,Uttar Pradesh,Kharif,5.26,1139.9,32.0,84.1,7.29,155.4,15.4,64.9,184.7,4.7
Cotton,Uttar Pradesh,Rabi,7.31,510.4,23.8,77.1,,73.2,59.3,124.8,234.8,2.92
Maize,Punjab,Zaid,4.96,320.7,24.5,66.5,6.35,121.6,38.9,136.0,216.0,5.0
Cotton,Haryana,Zaid,7.88,1027.8,,70.2,7.15,127.4,56.9,60.7,150.4,2.18
Maize,West Bengal,Zaid,2.81,1002.7,31.0,56.8,6.61,107.0,57.7,145.6,86.2,5.13
Pulses,West Bengal,Kharif,5.86,957.3,15.0,44.7,7.16,153.1,23.5,104.7,84.0,1.93
Groundnut,Madhya Pradesh,Rabi,4.99,396.1,27.2,65.9,6.09,117.2,15.0,130.3,114.1,2.79
Potato,Punjab,Rabi,1.97,668.4,27.8,44.0,6.58,56.0,24.8,113.5,153.7,29.97
Pulses,Madhya Pradesh,Zaid,3.76,1007.6,32.1,62.5,6.78,79.5,70.2,150.6,122.6,1.48
Cotton,Madhya Pradesh,Rabi,5.27,739.3,23.1,79.7,5.81,128.3,52.1,62.0,196.3,2.3
Cotton,Andhra Pradesh,Rabi,8.05,523.3,23.9,72.4,5.81,132.4,75.5,56.6,212.1,2.83
Maize,Andhra Pradesh,Kharif,5.69,953.7,26.4,82.7,7.19,129.2,46.8,91.4,220.8,5.42
Potato,Karnataka,Rabi,4.3,1148.2,19.6,48.9,5.7,132.8,53.7,121.3,200.1,
Cotton,Gujarat,Rabi,7.98,963.3,30.1,83.6,6.96,132.3,67.1,126.6,144.0,2.53
Pulses,Karnataka,Zaid,5.61,467.3,30.7,69.8,,121.8,85.3,114.0,227.8,1.58
Potato,Madhya Pradesh,Zaid,3.7,875.3,30.1,55.0,7.41,88.4,57.7,58.1,110.5,21.18
Groundnut,Punjab,Kharif,5.71,717.9,30.5,35.0,6.61,109.1,31.4,115.5,147.9,3.01
Pulses,Karnataka,Rabi,6.04,637.1,22.1,33.5,6.74,54.1,79.5,107.6,,1.74
Sugarcane,Gujarat,Kharif,2.78,526.9,27.3,61.2,6.79,155.2,96.8,51.6,171.7,112.65
Rice,Haryana,Kharif,7.25,751.4,28.3,75.0,6.79,145.8,82.0,96.4,159.0,4.78
Pulses,Gujarat,Zaid,5.15,834.2,26.4,,6.82,77.8,,44.3,178.0,1.94
Potato,Karnataka,Zaid,4.33,403.0,24.2,63.6,6.95,41.7,48.9,149.9,158.9,22.27
Wheat,West Bengal,Zaid,1.04,790.5,32.7,67.5,7.08,112.9,15.0,102.8,167.7,3.71
Potato,Karnataka,Zaid,3.12,781.3,30.3,68.8,5.55,160.3,79.9,90.1,165.2,24.29
Maize,Uttar Pradesh,Rabi,3.3,1011.1,18.2,89.9,6.25,61.9,58.5,51.4,150.9,5.31
Cotton,West Bengal,Zaid,8.1,1191.2,29.4,83.5,8.2,104.0,52.7,60.3,200.1,2.34
Maize,West Bengal,Rabi,6.94,518.4,28.9,48.4,7.57,68.9,45.7,,186.0,5.19
Sugarcane,Karnataka,Zaid,8.04,789.2,33.5,86.5,6.4,202.6,96.4,105.7,227.5,86.07
Maize,Haryana,Rabi,1.31,452.4,21.4,48.1,5.74,66.4,50.7,167.3,190.5,5.72
Cotton,Karnataka,Kharif,6.07,903.9,,71.4,6.24,165.3,49.0,131.6,154.0,2.67
Wheat,Andhra Pradesh,Zaid,3.82,1158.1,32.1,68.7,7.03,97.7,64.4,120.1,49.9,3.61
Rice,Uttar Pradesh,Zaid,1.75,1005.3,22.3,75.6,6.76,140.8,62.9,110.8,205.4,4.43
Pulses,Tamil Nadu,Rabi,5.28,724.4,29.5,48.0,5.9,71.0,65.3,82.8,118.4,1.74
Pulses,Gujarat,Zaid,6.64,870.5,40.0,65.7,7.37,54.2,29.5,30.0,204.1,1.4
Rice,Maharashtra,Kharif,3.04,1126.4,25.2,91.6,7.07,63.1,40.5,120.0,106.6,4.42
Sugarcane,Maharashtra,Zaid,1.23,479.6,31.8,69.3,8.2,62.6,47.1,105.8,170.8,84.67
Wheat,Uttar Pradesh,Rabi,7.78,584.0,27.6,70.8,6.96,225.4,22.7,151.4,45.0,4.61
Potato,Gujarat,Kharif,3.08,754.8,28.0,70.0,6.97,114.0,31.1,61.5,216.4,28.91
Maize,West Bengal,Zaid,1.04,605.0,23.5,76.4,6.2,85.0,49.7,106.7,184.4,4.77
Potato,Karnataka,Kharif,4.5,857.2,35.9,69.0,6.7,81.1,65.0,142.4,120.7,25.67
Rice,Maharashtra,Kharif,6.5,932.6,28.9,70.0,6.47,129.4,48.5,95.7,184.8,4.26
Maize,Uttar Pradesh,Zaid,2.79,1005.0,30.6,76.8,5.61,124.7,53.0,91.8,138.1,5.3
Wheat,Uttar Pradesh,Rabi,9.88,550.0,25.5,71.7,7.02,118.8,62.4,151.9,132.7,4.67
Sugarcane,Karnataka,Zaid,5.3,607.1,20.5,53.3,8.2,147.3,34.4,30.0,198.2,85.58
Wheat,Karnataka,Kharif,3.54,1257.5,25.8,61.8,6.54,111.1,29.1,107.5,118.9,4.41
Sugarcane,Gujarat,Rabi,2.36,787.8,20.1,66.9,6.65,157.0,45.8,102.7,148.8,96.32
Rice,Haryana,Zaid,4.43,1077.2,24.4,80.3,7.07,110.8,66.5,69.9,243.6,4.75
Maize,Madhya Pradesh,Zaid,3.88,463.8,38.8,67.3,6.64,115.4,39.8,100.5,186.8,4.31
Sugarcane,Uttar Pradesh,Rabi,5.86,795.1,26.3,55.5,7.44,78.4,85.4,110.3,110.5,104.87
Groundnut,Gujarat,Zaid,2.98,415.1,25.9,82.2,7.52,55.3,74.2,117.1,173.2,2.18
Cotton,Tamil Nadu,Zaid,4.3,985.2,24.4,77.6,6.38,108.3,29.2,148.2,20.0,2.06
Wheat,Maharashtra,Kharif,7.68,851.4,26.8,48.9,6.91,40.0,50.7,31.2,216.8,4.84
Groundnut,Punjab,Rabi,5.33,964.8,31.4,73.4,6.9,57.6,55.8,,181.1,2.93
Wheat,Haryana,Kharif,4.04,991.3,24.0,71.7,6.01,79.5,28.5,117.1,232.1,4.56
Cotton,Gujarat,Zaid,8.92,342.1,29.9,62.8,7.45,118.8,56.7,40.5,61.6,2.0
Groundnut,Haryana,Kharif,2.25,1121.3,23.7,95.0,7.0,96.9,53.1,37.6,90.8,3.1
Maize,Tamil Nadu,Rabi,3.01,810.2,32.2,73.8,6.24,89.4,48.8,161.2,218.0,5.58
Potato,Gujarat,Zaid,4.55,682.8,22.2,52.5,6.24,119.2,58.2,111.4,156.0,24.07
Sugarcane,West Bengal,Kharif,7.8,473.8,25.2,88.3,6.75,165.2,58.1,85.7,190.0,108.63
Potato,Maharashtra,Zaid,2.35,399.7,29.2,77.6,6.78,61.2,72.8,155.5,148.9,23.07
Pulses,Punjab,Rabi,4.26,455.5,29.2,68.6,6.28,103.6,31.4,74.0,120.0,1.92
Sugarcane,Madhya Pradesh,Rabi,3.02,896.9,26.3,71.0,4.91,141.6,40.7,144.8,124.2,92.48
Wheat,Tamil Nadu,Rabi,7.15,1102.7,29.2,83.4,7.9,68.7,57.9,101.2,173.7,4.03
Wheat,Karnataka,Zaid,8.91,977.5,23.7,82.2,6.03,114.8,37.4,64.3,118.8,3.93
Cotton,Andhra Pradesh,Rabi,5.74,866.8,33.0,79.4,6.89,119.4,81.2,91.9,134.0,2.62
Sugarcane,Karnataka,Zaid,5.67,787.5,25.9,65.3,6.2,207.3,59.4,59.0,170.2,85.06
Cotton,Andhra Pradesh,Rabi,2.72,1359.3,25.3,62.1,6.07,113.8,44.1,53.3,147.9,2.51
Maize,Gujarat,Zaid,5.76,995.0,20.0,77.8,6.55,128.1,17.3,,118.5,4.27
Sugarcane,Uttar Pradesh,Rabi,8.52,597.5,36.5,71.0,4.8,132.8,47.3,142.5,98.2,98.15
Groundnut,Madhya Pradesh,Kharif,5.39,345.0,30.0,62.8,6.26,120.7,61.9,65.4,159.1,2.9
Sugarcane,Punjab,Rabi,7.76,1032.4,21.3,52.1,5.95,113.4,15.0,110.2,203.4,114.09
Wheat,Karnataka,Rabi,8.73,1357.6,26.4,52.7,7.02,154.9,47.6,91.5,136.8,4.12
Potato,Punjab,Kharif,3.79,859.6,32.0,74.9,6.26,103.1,25.7,159.5,145.8,30.2
Potato,Andhra Pradesh,Zaid,1.77,745.8,25.6,62.6,6.03,180.7,70.8,131.0,,22.72
Potato,Haryana,Zaid,2.43,823.4,34.1,54.8,6.16,57.7,67.4,131.7,147.0,29.82
Sugarcane,Punjab,Zaid,8.92,754.2,32.9,95.0,6.28,156.8,86.0,117.8,205.2,100.68
Sugarcane,Maharashtra,Zaid,8.64,1155.6,19.3,73.1,6.56,104.3,78.3,112.3,121.2,91.94
Rice,Tamil Nadu,Rabi,6.97,674.2,30.7,45.9,6.72,163.7,69.9,105.4,,4.99
Potato,Tamil Nadu,Rabi,2.31,1150.8,31.8,78.5,6.13,59.8,30.4,67.4,165.2,25.33
Wheat,West Bengal,Kharif,8.1,892.0,32.7,61.0,5.78,120.5,43.3,66.6,171.9,4.39
Groundnut,Karnataka,Kharif,5.01,1309.1,17.1,53.9,6.21,103.2,56.0,71.8,161.9,2.53
Cotton,Gujarat,Zaid,11.19,1310.1,33.4,52.6,6.89,169.9,35.0,101.7,142.9,2.3
Wheat,Andhra Pradesh,Zaid,8.13,618.8,32.0,70.0,8.02,108.5,29.2,67.9,54.5,3.79
Sugarcane,Maharashtra,Rabi,8.08,473.6,33.3,48.9,6.35,151.8,87.2,149.4,20.0,98.8
Rice,West Bengal,Zaid,6.62,655.1,31.7,61.3,6.59,175.2,27.6,35.2,184.6,
Potato,Haryana,Zaid,2.15,1157.0,20.0,59.4,7.86,110.9,83.7,,96.0,24.85
Sugarcane,Punjab,Kharif,3.7,939.3,26.4,61.1,6.88,111.6,22.0,100.1,67.1,100.1
Cotton,Punjab,Zaid,8.5,1313.3,21.3,76.4,7.14,174.0,76.7,109.1,138.4,2.61
Groundnut,Punjab,Rabi,1.58,995.7,21.6,60.3,6.96,113.9,114.8,118.3,159.6,2.99
Sugarcane,Gujarat,Zaid,1.2,930.8,27.9,74.8,7.08,107.2,46.0,148.9,,85.82
Cotton,Tamil Nadu,Kharif,9.15,1157.9,34.5,88.4,5.99,121.2,19.3,57.5,144.5,2.52
Cotton,Punjab,Kharif,7.99,651.6,22.2,79.9,5.57,165.6,87.4,118.8,161.6,2.91
Potato,Uttar Pradesh,Kharif,0.77,1614.4,21.6,71.3,7.44,71.6,69.1,106.2,251.1,28.95
Sugarcane,Maharashtra,Zaid,6.33,1008.2,26.2,84.0,6.51,133.3,95.0,84.2,152.0,95.09
Pulses,Tamil Nadu,Zaid,2.28,1309.0,23.9,61.9,6.35,133.8,71.3,136.5,149.6,1.6
Cotton,Tamil Nadu,Zaid,10.94,703.8,27.5,61.7,6.81,188.3,52.8,171.9,117.6,2.53
Rice,Maharashtra,Rabi,7.2,714.3,16.1,44.8,6.63,128.4,41.2,150.8,263.6,4.95
Groundnut,Karnataka,Rabi,2.68,350.6,32.6,82.6,5.86,68.2,76.2,96.2,128.3,2.53
Rice,Haryana,Kharif,5.39,1544.7,24.7,51.2,,98.1,97.2,102.0,109.1,4.72
Wheat,Punjab,Rabi,2.77,666.5,25.4,57.2,7.9,125.2,58.2,71.1,180.6,4.46
Wheat,Uttar Pradesh,Rabi,4.07,1002.3,30.9,49.6,6.67,105.9,48.5,111.8,114.0,4.23
Cotton,Tamil Nadu,Kharif,6.41,743.3,20.4,66.6,5.94,61.7,66.2,87.8,181.9,2.82
Wheat,Maharashtra,Zaid,9.28,1145.5,29.0,61.7,6.55,125.6,81.1,138.7,69.5,3.66
Wheat,Haryana,Kharif,7.65,410.9,16.0,76.2,5.74,88.8,26.4,90.4,188.3,4.53
Potato,Andhra Pradesh,Zaid,0.61,1018.5,29.5,79.6,6.95,131.2,21.7,147.1,150.5,24.32
Wheat,Uttar Pradesh,Kharif,7.91,806.9,29.6,56.8,5.46,204.3,88.8,84.7,203.9,4.49
Groundnut,Punjab,Kharif,5.73,1190.2,23.6,64.7,7.02,85.0,46.0,119.8,171.9,3.13
Pulses,West Bengal,Rabi,2.2,635.8,24.7,57.5,8.02,71.8,51.7,121.4,195.9,1.77
Cotton,Punjab,Kharif,10.47,1001.7,27.8,51.7,5.54,158.5,19.4,129.6,124.4,2.98
Pulses,Maharashtra,Zaid,1.98,902.7,24.3,95.0,6.0,82.8,54.3,98.9,162.3,1.78
Pulses,Gujarat,Rabi,1.71,1009.9,22.2,65.0,7.7,188.5,83.3,88.8,195.4,1.92
Potato,Tamil Nadu,Zaid,2.92,1359.3,29.5,74.9,7.2,119.0,85.8,91.3,116.9,23.52
Wheat,West Bengal,Zaid,1.59,743.5,31.9,48.4,7.59,99.6,70.3,123.1,113.2,3.61
Wheat,Maharashtra,Kharif,6.73,674.9,34.5,44.4,5.97,57.3,67.8,99.9,39.5,4.34
Groundnut,Punjab,Zaid,2.25,1620.6,25.5,53.9,6.93,102.0,72.3,72.5,143.3,2.59
Groundnut,West Bengal,Rabi,4.57,758.5,20.5,71.1,6.3,173.4,49.1,112.7,190.7,2.93
Pulses,Gujarat,Rabi,1.0,490.0,35.9,89.3,7.32,190.8,72.6,187.3,206.0,1.84
Cotton,Uttar Pradesh,Rabi,5.9,1017.0,26.1,77.2,7.3,131.1,51.7,109.4,175.1,2.66
Groundnut,Haryana,Rabi,4.22,823.5,31.2,73.2,4.93,132.7,,169.8,89.9,2.77
Maize,Gujarat,Rabi,1.07,250.0,30.8,62.0,6.2,124.7,59.5,150.1,159.9,4.95
Rice,Tamil Nadu,Kharif,2.57,892.2,36.3,45.6,7.74,58.2,60.3,130.0,194.8,5.11
Cotton,Punjab,Zaid,3.66,906.7,23.9,81.4,5.84,132.9,54.5,161.6,72.7,2.48
Sugarcane,Andhra Pradesh,Zaid,1.61,874.1,24.4,68.4,6.31,147.8,48.6,107.3,,93.8
Potato,Tamil Nadu,Kharif,4.12,1500.6,26.2,85.9,5.6,116.0,37.7,77.2,108.4,25.8
Pulses,Karnataka,Kharif,2.1,909.4,20.8,84.7,5.81,76.3,31.5,94.8,88.8,1.55
Cotton,Maharashtra,Kharif,9.04,1308.3,24.7,67.8,7.55,60.9,38.0,76.9,212.0,2.36
Rice,Karnataka,Kharif,6.78,592.5,37.7,81.8,5.42,105.6,48.3,140.1,153.6,4.85
Maize,Karnataka,Zaid,3.92,719.1,28.4,63.1,5.37,175.7,39.7,160.4,119.2,4.39
Rice,Madhya Pradesh,Kharif,1.25,726.8,27.2,65.4,6.98,145.5,39.7,84.7,99.8,4.29
Groundnut,Punjab,Zaid,4.97,951.9,22.0,63.7,5.84,,41.4,90.8,160.8,3.03
Wheat,Maharashtra,Kharif,7.71,1128.1,21.8,65.3,7.97,79.8,50.2,122.5,176.5,4.56
Potato,Maharashtra,Zaid,2.42,752.5,22.8,79.8,6.01,108.5,51.1,106.0,20.0,21.38
Cotton,Madhya Pradesh,Kharif,11.52,736.3,16.8,62.9,7.76,80.2,45.1,80.3,169.4,2.7
Pulses,Karnataka,Zaid,3.73,759.2,28.1,77.7,5.9,169.8,45.1,111.6,154.5,1.49
Potato,West Bengal,Rabi,2.11,1061.2,24.6,58.9,7.39,139.5,66.7,130.2,143.2,26.11
Cotton,Gujarat,Kharif,10.26,970.1,29.6,71.0,7.61,123.9,42.9,49.0,70.6,2.31
Potato,Haryana,Kharif,2.17,913.9,21.9,73.9,6.86,114.3,67.2,181.2,202.5,28.73
Rice,Karnataka,Kharif,1.13,593.1,26.4,50.2,8.2,123.1,58.4,135.6,61.4,3.94
Sugarcane,Andhra Pradesh,Zaid,1.9,690.2,28.3,79.3,7.32,73.9,40.4,50.1,147.6,86.62
Cotton,Punjab,Kharif,6.48,946.9,36.9,71.5,7.22,149.3,62.2,162.6,87.4,2.77
Rice,Andhra Pradesh,Rabi,1.62,521.3,24.4,75.3,5.84,143.4,49.9,151.5,81.4,4.25
Cotton,Gujarat,Kharif,3.1,756.0,25.5,72.3,5.85,133.0,17.4,79.1,100.0,2.59
Groundnut,Tamil Nadu,Kharif,3.5,677.8,25.5,59.0,6.46,155.7,45.1,97.2,164.3,2.94
Cotton,Madhya Pradesh,Zaid,6.02,1231.6,23.1,66.6,5.99,143.6,97.0,135.3,127.2,2.55
Rice,Andhra Pradesh,Zaid,6.34,880.4,25.3,67.3,6.49,48.6,67.0,109.5,142.0,4.14
Cotton,Uttar Pradesh,Zaid,3.49,920.5,32.0,68.4,6.87,155.3,80.1,144.4,141.8,2.55
Pulses,Gujarat,Zaid,5.47,787.3,27.5,72.8,6.95,114.8,72.0,78.2,158.9,1.61
Cotton,Tamil Nadu,Zaid,6.64,934.4,26.5,60.9,6.64,229.1,35.7,103.4,72.6,2.27
Sugarcane,Andhra Pradesh,Zaid,6.55,1231.4,23.3,40.5,7.01,109.2,93.1,158.5,119.2,91.78
Pulses,Uttar Pradesh,Kharif,6.29,949.5,26.1,74.2,7.04,101.5,101.7,144.6,73.5,1.92
Maize,Maharashtra,Zaid,3.15,1235.1,28.3,65.7,6.86,97.2,,119.9,161.7,4.28
Sugarcane,Tamil Nadu,Zaid,3.0,890.8,26.9,79.6,7.61,145.4,68.6,67.9,150.6,102.93
Wheat,Madhya Pradesh,Zaid,3.97,580.1,35.9,52.8,7.15,125.6,61.8,162.8,38.7,3.3
Maize,Haryana,Kharif,3.31,401.5,18.2,64.9,7.36,177.1,36.9,165.2,88.5,5.83
Cotton,Punjab,Kharif,6.5,661.8,21.3,67.8,5.86,159.8,90.6,140.3,107.9,2.77
Potato,Punjab,Rabi,2.44,647.7,28.6,65.7,5.57,40.0,81.1,65.1,171.1,30.97
Cotton,Uttar Pradesh,Kharif,5.46,790.9,40.0,84.6,6.91,94.4,32.5,88.1,219.5,2.63
Cotton,Uttar Pradesh,Rabi,9.41,722.1,27.1,60.9,5.18,116.4,51.8,90.1,300.0,2.77
Wheat,Andhra Pradesh,Kharif,8.19,422.1,22.2,74.8,6.74,84.3,69.8,102.0,168.7,4.52
Sugarcane,Gujarat,Rabi,1.71,304.9,24.8,69.1,6.06,87.9,36.5,90.6,119.7,95.8
Wheat,West Bengal,Rabi,9.73,983.9,30.1,65.8,6.99,148.2,52.1,176.0,165.1,4.42
Rice,Maharashtra,Rabi,2.42,1158.7,29.6,71.0,6.3,108.5,33.8,183.6,181.3,4.31
Wheat,Punjab,Rabi,4.2,1436.4,26.1,62.5,6.85,76.9,41.1,93.6,92.0,4.71
Pulses,Punjab,Kharif,2.95,756.9,15.3,66.5,7.41,99.2,47.5,,153.2,1.81
Maize,Maharashtra,Kharif,5.18,1008.7,24.0,84.2,7.01,146.6,30.0,180.2,151.8,5.41
Maize,Maharashtra,Zaid,5.83,779.8,34.7,81.7,6.67,132.0,32.0,76.8,254.9,4.99
Maize,Uttar Pradesh,Kharif,3.19,533.7,30.3,70.3,7.16,40.0,55.0,143.9,190.5,5.11
Groundnut,Uttar Pradesh,Kharif,5.8,809.9,29.7,45.2,6.6,135.7,30.1,68.5,202.5,2.83
Sugarcane,Andhra Pradesh,Zaid,1.49,1148.8,29.6,41.6,6.16,142.9,37.0,53.8,187.0,90.07
Rice,Haryana,Kharif,3.88,1072.8,33.5,70.9,5.49,68.8,47.8,65.9,74.6,4.13
Wheat,Haryana,Rabi,7.16,666.1,23.4,69.3,7.13,159.7,61.1,100.5,176.3,5.04
Rice,West Bengal,Kharif,4.12,547.4,31.6,66.7,6.92,135.7,58.7,125.0,136.2,4.66
Pulses,Karnataka,Kharif,5.82,1209.4,26.4,72.1,6.39,184.3,37.5,63.7,174.5,1.73
Wheat,Karnataka,Kharif,3.65,1073.2,25.2,58.0,5.36,98.4,48.8,97.2,183.6,4.73
Groundnut,Punjab,Zaid,4.52,1062.9,38.4,70.7,7.03,119.2,28.0,101.1,157.1,3.0
Sugarcane,Punjab,Kharif,8.04,618.5,34.8,82.5,6.0,104.4,64.4,118.0,158.7,109.08
Maize,Haryana,Zaid,6.03,845.4,24.6,91.5,5.98,88.8,55.0,70.8,90.7,4.47
Potato,Maharashtra,Rabi,0.61,779.5,25.5,88.7,5.74,,15.0,116.5,227.6,25.47
Pulses,Haryana,Zaid,1.67,919.6,30.3,49.0,7.29,87.8,54.1,151.2,144.5,1.75
Wheat,West Bengal,Rabi,6.43,1169.4,28.1,64.2,6.04,220.8,32.3,55.5,189.5,4.36
Sugarcane,Haryana,Kharif,4.28,744.1,25.8,72.1,7.55,124.8,73.3,66.4,243.7,106.04
Pulses,Gujarat,Kharif,1.06,1094.6,27.2,67.1,7.52,88.4,15.8,123.7,84.3,1.9
Pulses,Madhya Pradesh,Zaid,6.76,551.7,38.2,72.2,6.67,109.0,41.6,132.9,181.1,1.48
Maize,Andhra Pradesh,Kharif,3.08,540.9,26.2,76.0,7.57,127.6,60.5,108.1,140.4,5.31
Groundnut,Punjab,Rabi,5.05,602.5,21.1,59.9,,166.8,83.9,118.1,193.9,3.03
Groundnut,Punjab,Zaid,2.09,850.1,25.8,68.4,6.74,147.3,69.7,81.2,145.5,3.02
Cotton,Punjab,Zaid,10.74,412.7,15.0,69.6,6.32,138.0,61.2,167.6,120.6,2.47
Groundnut,Maharashtra,Rabi,3.61,317.0,26.2,79.8,7.03,198.0,34.9,140.1,87.5,2.8
Wheat,Madhya Pradesh,Kharif,9.64,901.7,22.1,56.6,6.58,102.3,40.1,143.2,117.6,4.76
Potato,Tamil Nadu,Kharif,3.33,870.8,25.0,65.0,7.09,76.4,24.6,104.0,250.7,28.38
Pulses,West Bengal,Rabi,1.34,894.9,26.8,73.3,,59.7,80.7,125.0,139.6,1.76
Cotton,Uttar Pradesh,Rabi,5.21,827.0,27.0,92.8,5.76,199.7,41.4,57.4,149.8,2.79
Cotton,Gujarat,Zaid,9.4,856.0,27.2,58.9,,140.3,56.6,83.7,181.7,2.3
Wheat,Punjab,Kharif,3.2,626.2,15.0,78.4,6.17,200.1,55.8,77.4,145.4,4.63
Sugarcane,Maharashtra,Rabi,6.66,1264.7,22.5,70.9,7.08,119.4,43.6,118.3,62.3,90.64
Potato,Haryana,Zaid,3.27,613.6,23.2,95.0,5.95,156.8,71.8,158.2,213.5,26.92
Cotton,Haryana,Kharif,8.95,573.8,18.0,57.7,6.34,180.0,37.0,127.4,146.2,2.67
Rice,Uttar Pradesh,Zaid,2.45,781.7,22.7,74.8,7.39,102.1,73.0,113.7,118.8,4.13
Sugarcane,Andhra Pradesh,Kharif,8.51,1406.1,23.5,66.7,7.37,152.5,69.7,64.9,223.9,100.04
Pulses,Gujarat,Rabi,3.79,,27.0,72.6,6.01,137.3,34.9,175.3,84.7,1.71
Pulses,Punjab,Kharif,5.33,660.9,28.1,53.1,8.2,83.2,67.4,77.6,251.3,1.97
Groundnut,Gujarat,Rabi,2.38,638.9,25.8,68.0,6.53,215.6,52.1,106.0,118.6,2.89
Maize,Gujarat,Kharif,5.17,1013.2,22.7,61.4,6.69,72.7,43.9,180.9,182.7,5.79
Wheat,Karnataka,Kharif,9.86,,38.2,89.9,4.8,139.0,71.4,159.3,201.6,4.42
Potato,Haryana,Rabi,4.38,903.4,24.3,64.5,7.29,136.3,104.3,92.3,148.2,27.4
Wheat,Uttar Pradesh,Rabi,9.57,873.8,27.0,66.6,7.02,94.7,69.8,102.6,213.2,4.63
Cotton,Tamil Nadu,Rabi,9.2,776.5,23.0,37.4,8.0,206.2,15.0,108.4,55.3,2.43
Maize,Andhra Pradesh,Rabi,2.49,848.3,26.3,59.3,6.52,182.0,82.5,95.5,225.1,5.6
Cotton,Haryana,Kharif,4.71,949.0,29.0,72.5,6.26,188.0,51.2,94.0,204.9,2.98
Wheat,Tamil Nadu,Rabi,3.08,976.2,26.2,76.9,7.36,48.7,56.0,76.3,152.9,4.73
Wheat,Gujarat,Zaid,3.82,942.0,28.2,71.6,7.91,147.4,52.9,41.0,139.4,4.21
Groundnut,Haryana,Kharif,5.26,767.7,23.1,62.8,7.0,111.9,62.9,135.6,149.7,3.1
Cotton,Punjab,Zaid,2.14,790.5,25.5,85.5,5.99,131.2,38.2,100.9,105.6,2.5
Groundnut,West Bengal,Zaid,4.33,1078.3,33.4,72.1,6.46,158.5,63.7,97.3,153.2,2.46
Wheat,Haryana,Zaid,1.77,719.5,32.4,54.8,6.86,87.6,77.9,100.0,118.8,4.34
Sugarcane,Madhya Pradesh,Rabi,4.1,1069.8,22.3,80.1,6.95,126.8,30.8,133.0,137.4,95.21
Rice,Gujarat,Rabi,7.66,1162.1,26.8,67.4,7.88,53.0,37.7,89.6,181.6,4.47
Rice,Gujarat,Rabi,6.28,900.6,32.0,61.2,5.91,123.4,55.9,139.0,124.3,4.52
Potato,Haryana,Kharif,2.22,1405.7,31.0,70.0,6.62,113.5,73.5,134.7,,26.86
Sugarcane,Maharashtra,Zaid,6.76,872.0,24.3,66.9,6.67,144.9,83.8,118.1,206.7,92.79
Pulses,Haryana,Kharif,3.7,777.5,32.9,69.2,6.57,105.4,15.0,74.8,224.2,2.06
Maize,Maharashtra,Rabi,5.12,988.4,30.4,92.2,6.98,140.6,53.1,137.6,164.9,5.05
Maize,West Bengal,Kharif,2.93,1004.9,28.4,75.3,7.05,110.2,33.9,91.2,155.6,5.16
Groundnut,Tamil Nadu,Zaid,1.69,1201.0,32.3,50.0,7.17,89.5,47.9,104.5,112.1,2.52
Groundnut,Haryana,Zaid,4.99,784.5,27.5,69.2,6.71,157.3,73.8,60.7,145.0,2.58
Cotton,Karnataka,Rabi,8.61,517.9,35.9,65.2,6.37,143.7,39.4,90.3,89.8,2.44
Potato,Haryana,Zaid,3.19,814.9,27.2,47.5,7.14,114.7,71.4,80.9,118.5,26.57
Pulses,Madhya Pradesh,Kharif,1.42,778.5,32.2,62.3,6.2,82.3,72.9,113.0,188.4,1.82
Rice,Gujarat,Zaid,4.07,742.7,20.3,73.0,7.1,94.0,52.2,108.3,,3.61
Cotton,West Bengal,Zaid,5.48,400.1,33.5,55.1,5.26,115.7,46.1,81.3,29.1,2.05
Sugarcane,Uttar Pradesh,Zaid,5.14,524.9,34.2,70.4,5.31,159.9,74.1,88.1,149.6,95.01
Rice,Madhya Pradesh,Rabi,6.96,759.3,26.1,42.6,7.26,152.3,41.6,30.0,185.6,4.91
Maize,Haryana,Rabi,1.43,980.7,26.6,68.2,6.89,69.1,15.0,103.6,193.8,5.31
Potato,West Bengal,Rabi,1.16,477.0,26.1,60.0,6.06,106.4,47.4,120.0,157.8,26.59
Cotton,Haryana,Kharif,5.09,481.8,24.5,94.2,6.28,130.9,28.0,111.1,48.6,2.64
Groundnut,Uttar Pradesh,Kharif,2.45,1505.7,24.2,68.4,6.21,140.9,74.6,146.9,123.0,2.96
Potato,Punjab,Rabi,2.07,1086.9,27.9,64.5,5.97,116.0,49.8,159.1,175.2,29.16
Sugarcane,Tamil Nadu,Zaid,2.91,651.7,34.6,66.7,8.2,164.1,53.3,101.7,167.3,87.89
Pulses,Andhra Pradesh,Zaid,5.96,797.4,28.1,64.3,6.85,150.9,68.6,47.4,96.5,1.82
Potato,Maharashtra,Zaid,3.11,1748.7,33.7,62.0,7.77,61.3,45.9,152.0,157.4,21.19
Potato,Haryana,Zaid,4.98,1681.3,29.5,82.2,5.62,125.7,56.4,88.4,,25.05
Rice,Gujarat,Zaid,4.2,724.9,26.0,46.8,7.76,95.1,64.5,77.1,154.9,3.74
Groundnut,Andhra Pradesh,Kharif,3.18,673.3,25.4,49.4,5.44,189.6,84.5,101.2,149.3,2.94
Wheat,Karnataka,Kharif,3.39,513.4,23.9,64.6,6.25,86.7,39.3,124.7,166.1,4.12
Sugarcane,Uttar Pradesh,Rabi,1.55,1155.5,20.6,76.9,6.13,95.9,61.0,134.3,211.3,96.37
Groundnut,Madhya Pradesh,Rabi,3.67,906.7,20.6,62.6,6.64,141.1,15.0,98.3,61.2,2.3
Sugarcane,Andhra Pradesh,Kharif,3.27,636.7,30.5,56.8,6.81,142.6,15.0,146.2,101.2,92.18
Sugarcane,Punjab,Rabi,6.05,957.6,36.7,59.3,5.71,65.2,60.4,168.1,,107.57
Wheat,Punjab,Zaid,7.81,571.4,27.4,58.3,5.98,,63.4,130.7,300.0,4.83
Cotton,Gujarat,Kharif,7.17,957.3,27.2,62.7,6.43,117.0,39.1,126.3,104.6,2.53
Maize,Uttar Pradesh,Zaid,2.4,783.6,29.0,59.5,6.7,94.7,60.0,117.0,229.9,4.89
Maize,Andhra Pradesh,Rabi,3.28,880.4,23.8,75.8,8.15,78.1,81.7,90.5,77.9,4.72
Pulses,Maharashtra,Zaid,4.39,1440.6,33.9,,6.44,116.9,56.5,125.9,206.6,1.52
Rice,Uttar Pradesh,Zaid,1.85,888.7,24.7,70.2,7.28,177.7,70.9,93.2,81.4,4.25
Wheat,Maharashtra,Rabi,9.04,250.0,27.4,77.3,6.16,68.8,44.4,94.2,167.2,4.57
Cotton,Madhya Pradesh,Zaid,11.88,1376.2,31.7,87.0,6.82,178.5,43.1,111.7,78.7,1.95
Wheat,Punjab,Kharif,5.7,603.1,27.4,55.4,7.22,145.6,25.5,115.2,213.1,4.64
Wheat,Andhra Pradesh,Zaid,1.45,890.3,29.7,42.9,6.02,209.0,65.5,155.8,114.9,4.01
Pulses,Madhya Pradesh,Rabi,6.9,920.0,35.5,75.1,6.09,165.2,82.4,95.5,70.6,1.72
Potato,Haryana,Kharif,1.67,1025.8,,59.5,6.49,160.7,55.8,125.9,160.5,28.84
Maize,Tamil Nadu,Kharif,6.64,854.9,30.2,38.0,7.71,111.7,86.0,129.3,128.4,5.16
Cotton,Tamil Nadu,Zaid,7.1,1087.0,25.3,76.3,5.45,143.7,53.0,64.2,102.1,2.36
Wheat,Andhra Pradesh,Zaid,4.8,1089.8,33.4,85.1,6.52,139.6,15.0,82.9,99.6,4.06
Pulses,Andhra Pradesh,Kharif,5.48,998.1,24.3,72.1,6.2,167.1,38.3,77.6,195.4,1.89
Cotton,Punjab,Rabi,11.86,604.6,15.3,75.3,6.76,75.6,54.5,76.5,236.9,2.82
Cotton,Punjab,Kharif,11.37,474.4,29.6,55.7,6.36,126.8,48.3,81.2,162.8,2.81
Pulses,Haryana,Rabi,2.36,795.0,20.1,75.1,6.23,79.9,75.4,92.4,128.5,1.91
Maize,Gujarat,Rabi,4.85,864.2,25.2,53.4,7.67,163.4,49.9,174.8,105.6,5.17
Rice,Punjab,Zaid,1.82,1012.8,33.1,83.0,6.59,199.6,46.3,118.8,132.4,4.3
Rice,Maharashtra,Rabi,1.56,586.1,25.5,62.4,8.08,188.4,73.1,102.8,,4.25
Rice,Punjab,Kharif,5.15,924.7,23.7,74.6,5.53,177.0,55.4,208.5,67.1,5.09
Rice,Andhra Pradesh,Kharif,1.91,841.0,25.7,74.7,7.32,144.6,64.5,133.4,171.8,5.03
Sugarcane,Tamil Nadu,Rabi,7.34,350.6,36.2,76.4,6.38,75.6,88.6,107.4,161.6,94.71
Pulses,Tamil Nadu,Rabi,1.76,924.7,20.8,62.5,7.93,103.6,49.4,89.7,153.2,1.68
Maize,Haryana,Rabi,6.87,835.2,24.9,66.8,7.49,113.3,16.4,129.0,90.3,5.55
Maize,Andhra Pradesh,Kharif,4.4,1419.1,29.2,64.7,6.85,72.3,60.3,97.3,33.7,4.71
Wheat,Gujarat,Zaid,4.05,1118.6,28.5,72.7,7.28,98.5,64.8,75.5,211.6,3.98
Rice,Tamil Nadu,Kharif,5.53,717.7,29.1,76.0,6.98,109.9,72.2,147.9,89.8,4.65
Wheat,Tamil Nadu,Zaid,7.56,1036.0,25.8,75.6,6.77,49.7,58.9,99.8,300.0,4.24
Wheat,Madhya Pradesh,Zaid,9.02,600.4,23.9,64.1,6.37,110.0,69.6,82.6,181.3,4.14
Wheat,Uttar Pradesh,Rabi,2.91,815.2,25.4,61.8,7.53,40.0,33.5,96.6,171.0,4.62
Rice,Madhya Pradesh,Kharif,6.61,934.4,29.6,68.3,6.1,88.7,61.9,139.0,151.3,4.5
Pulses,Andhra Pradesh,Kharif,2.44,850.1,22.6,76.3,7.12,72.6,60.0,74.5,154.8,1.78
Cotton,Haryana,Kharif,4.93,1146.8,15.8,62.7,5.88,85.8,59.6,136.4,116.9,2.67
Rice,Gujarat,Kharif,4.57,1329.6,25.4,79.7,5.44,133.0,33.6,138.1,107.2,4.21
Maize,Punjab,Rabi,4.4,690.8,23.6,60.3,6.27,115.5,43.6,136.5,76.9,5.63
Potato,West Bengal,Zaid,4.08,594.3,22.0,66.7,7.52,148.2,75.3,144.4,117.5,27.46
Rice,Andhra Pradesh,Rabi,4.75,1018.9,21.9,66.3,6.99,145.0,62.9,100.5,61.2,4.71
Wheat,Karnataka,Rabi,5.31,776.7,15.9,95.0,5.52,78.8,47.3,96.0,233.1,4.33
Maize,Madhya Pradesh,Rabi,6.0,1106.1,30.0,61.4,8.2,111.6,47.9,81.1,20.0,4.9
Potato,Madhya Pradesh,Rabi,1.06,737.8,24.0,67.9,6.24,91.0,38.2,151.7,63.0,25.15
Pulses,Karnataka,Zaid,5.16,748.8,24.1,67.8,7.59,109.2,69.6,89.4,48.9,1.37
Wheat,Gujarat,Zaid,2.21,922.4,31.8,35.7,6.36,129.9,17.9,66.0,120.9,3.99
Groundnut,Gujarat,Rabi,2.82,873.3,23.8,74.4,6.88,157.2,72.6,66.6,108.0,2.65
Wheat,Andhra Pradesh,Zaid,6.85,1115.7,22.2,72.9,6.69,121.3,29.9,99.3,113.8,3.84
Rice,Haryana,Zaid,7.49,926.4,26.1,60.0,7.01,113.7,41.9,74.4,116.8,4.31
Sugarcane,Maharashtra,Rabi,3.87,619.6,22.4,71.9,6.85,87.0,43.4,95.5,20.5,98.15
Potato,West Bengal,Kharif,1.66,676.5,23.9,80.6,6.14,106.2,79.7,78.3,72.6,26.52
Wheat,Uttar Pradesh,Kharif,4.51,309.6,28.1,87.9,6.49,93.2,80.9,108.0,106.4,4.29
Cotton,West Bengal,Rabi,6.24,687.1,25.0,54.7,6.9,113.0,73.0,109.3,191.0,2.85
Maize,Tamil Nadu,Rabi,6.56,655.5,24.5,82.9,6.38,63.3,58.3,100.0,111.7,5.47
Potato,Punjab,Zaid,1.61,672.9,28.3,50.9,6.05,155.7,26.4,98.1,225.4,29.84
Maize,Tamil Nadu,Zaid,4.38,1212.5,31.4,56.7,6.67,93.7,58.2,132.6,153.3,4.72
Groundnut,Haryana,Zaid,4.29,1267.5,35.4,,6.94,59.5,75.4,86.7,151.7,2.74
Rice,Haryana,Zaid,2.17,283.6,31.8,74.4,6.41,113.0,55.0,49.0,104.3,4.49
Maize,Tamil Nadu,Zaid,4.81,1041.1,36.6,60.4,6.95,77.6,82.3,95.3,134.7,4.61
Pulses,Haryana,Rabi,6.53,1155.8,31.3,58.0,6.94,,60.5,115.1,163.1,1.78
Rice,Tamil Nadu,Rabi,4.05,653.2,29.8,66.1,6.34,114.5,93.8,65.6,160.8,4.8
Rice,Haryana,Rabi,4.93,603.1,32.7,61.8,6.74,40.0,81.8,108.1,193.8,4.91
Wheat,Andhra Pradesh,Zaid,4.53,825.7,35.2,75.8,6.32,131.1,45.4,105.1,125.0,3.91
Wheat,Haryana,Zaid,9.06,250.0,27.6,71.6,6.04,128.8,70.9,103.5,209.2,4.03
Potato,Punjab,Zaid,2.8,853.1,23.6,91.1,7.19,196.1,60.7,140.9,164.3,27.61
Pulses,Uttar Pradesh,Kharif,1.76,1174.0,28.2,73.1,6.94,93.4,37.5,93.5,62.4,1.77
Sugarcane,Gujarat,Kharif,2.09,1114.4,26.2,95.0,7.25,178.7,74.2,210.3,290.6,97.87
Potato,Gujarat,Zaid,2.41,707.4,25.8,65.2,5.75,143.7,54.1,100.5,,23.91
Rice,Tamil Nadu,Zaid,3.27,848.7,23.5,72.0,7.15,150.1,37.1,173.6,66.7,4.29
Groundnut,Karnataka,Rabi,5.78,732.4,17.1,71.5,6.61,85.2,27.3,78.5,223.3,2.53
Cotton,Gujarat,Rabi,4.14,969.5,19.8,76.5,6.38,191.1,65.2,133.7,130.4,2.78
Sugarcane,Maharashtra,Rabi,1.62,988.6,26.5,87.3,7.83,140.1,48.5,126.4,208.0,102.23
Potato,Haryana,Kharif,2.32,742.2,27.6,71.5,5.51,90.7,26.1,115.8,117.4,27.16
Sugarcane,Andhra Pradesh,Zaid,2.67,1196.8,26.8,70.7,6.18,128.8,53.5,168.6,165.9,94.72
Wheat,Gujarat,Zaid,9.71,655.4,28.2,84.7,6.09,140.8,36.1,67.5,184.9,3.98
Sugarcane,Maharashtra,Kharif,4.04,797.1,22.3,84.6,7.15,140.3,70.7,111.0,194.2,102.62
Pulses,Madhya Pradesh,Zaid,3.48,880.8,30.0,79.6,6.8,56.5,36.0,95.6,152.0,1.57
Cotton,Andhra Pradesh,Zaid,10.07,842.8,36.9,79.4,7.02,40.0,48.1,105.2,197.3,2.42
Rice,Gujarat,Zaid,7.63,969.6,31.0,66.7,7.5,125.6,29.7,94.1,72.6,4.41
Sugarcane,Tamil Nadu,Zaid,2.49,494.7,20.3,79.0,6.02,120.8,19.9,132.1,107.0,77.96
Wheat,Andhra Pradesh,Rabi,7.84,471.7,26.6,68.5,5.76,43.8,46.2,140.6,141.8,4.2
Wheat,Madhya Pradesh,Rabi,1.75,946.2,29.6,51.0,6.8,114.9,36.8,150.0,150.2,4.06
Pulses,Andhra Pradesh,Rabi,2.94,1014.7,34.8,43.0,7.05,105.5,21.8,66.4,179.2,1.87
Sugarcane,Gujarat,Rabi,1.3,470.6,32.0,74.8,6.76,87.3,92.3,143.6,20.0,93.05
Pulses,Maharashtra,Kharif,5.34,1052.7,24.1,61.6,7.36,211.3,23.5,65.5,184.5,1.66
Groundnut,Punjab,Kharif,4.33,600.5,26.8,72.4,5.45,121.1,71.0,169.6,117.8,3.23
Potato,Karnataka,Rabi,1.6,250.0,30.9,78.1,7.11,116.7,59.0,178.0,25.8,23.58
Cotton,West Bengal,Rabi,10.09,845.9,22.2,76.4,6.7,154.7,47.5,125.4,167.4,2.72
Rice,Punjab,Kharif,2.47,732.2,29.7,82.8,7.1,125.0,55.5,150.4,156.0,4.96
Cotton,Maharashtra,Zaid,11.99,1201.9,20.7,57.6,7.13,111.0,72.2,143.1,91.2,2.38
Potato,Madhya Pradesh,Kharif,1.21,1050.2,31.5,78.3,7.31,81.8,30.6,113.2,242.5,27.67
Sugarcane,Gujarat,Kharif,6.44,1108.1,31.7,62.5,6.71,181.8,55.7,151.1,211.6,108.69
Sugarcane,Uttar Pradesh,Rabi,7.37,1041.8,25.3,54.5,7.75,141.6,34.2,60.1,128.2,109.1
Wheat,Karnataka,Zaid,6.59,1066.1,36.3,70.5,6.37,73.5,37.3,163.5,236.2,3.99
Cotton,Haryana,Rabi,7.05,924.3,27.5,67.4,5.99,134.4,87.3,100.9,273.2,2.83
Sugarcane,Maharashtra,Zaid,4.42,947.9,15.0,54.6,6.48,95.9,70.4,120.0,115.5,94.26
Sugarcane,Karnataka,Rabi,5.81,698.9,27.3,85.1,6.45,130.2,40.7,220.0,84.0,92.91
Maize,Uttar Pradesh,Zaid,1.19,421.7,22.6,53.7,6.59,117.9,31.0,143.8,173.9,4.51
Potato,Andhra Pradesh,Kharif,4.41,858.7,20.6,61.1,6.4,148.0,54.2,89.2,85.4,28.57
Groundnut,Andhra Pradesh,Zaid,4.03,1289.6,30.0,69.4,6.66,98.9,44.3,118.9,144.7,2.71
Potato,Haryana,Kharif,3.63,1053.2,34.1,54.4,6.46,123.3,74.3,30.0,232.3,30.23
Potato,Madhya Pradesh,Rabi,2.0,1103.5,29.5,82.8,5.26,127.4,33.4,116.2,151.9,27.34
Pulses,Andhra Pradesh,Rabi,4.26,857.8,34.3,67.4,5.84,167.3,74.2,112.6,189.2,1.79
Pulses,Maharashtra,Zaid,1.19,494.3,26.0,60.8,5.9,146.3,63.4,82.8,166.2,1.55
Maize,Maharashtra,Zaid,4.39,527.6,32.0,82.5,6.89,90.2,67.4,118.7,190.4,4.19
Wheat,Tamil Nadu,Zaid,6.05,993.2,25.0,59.2,7.01,81.3,36.4,84.9,119.0,3.8
Cotton,Karnataka,Zaid,4.08,405.0,29.9,68.8,6.6,128.3,28.5,142.3,187.7,2.08
Sugarcane,Karnataka,Kharif,6.03,375.4,17.6,52.5,5.89,117.6,27.1,101.7,158.1,91.52
Maize,Andhra Pradesh,Kharif,1.94,1038.0,,,7.88,136.3,70.3,133.8,115.6,5.05
Wheat,Andhra Pradesh,Kharif,7.96,632.2,38.3,61.6,6.79,183.8,15.0,91.4,135.3,3.82
Wheat,Gujarat,Kharif,1.95,549.2,27.7,71.6,6.81,135.2,58.1,109.9,121.0,4.34
Rice,Uttar Pradesh,Zaid,7.52,485.1,37.6,62.8,7.25,124.4,68.0,58.6,127.1,4.14
Potato,Madhya Pradesh,Zaid,0.85,395.6,33.1,55.6,6.01,156.7,20.0,95.9,94.8,21.93
Cotton,Tamil Nadu,Zaid,9.87,819.1,36.9,39.1,6.84,122.9,65.2,98.5,198.2,2.42
Potato,Haryana,Rabi,3.12,1340.7,24.6,80.0,6.58,113.5,32.5,173.9,274.0,29.74
Rice,Madhya Pradesh,Kharif,2.87,1042.1,25.8,49.3,7.0,64.4,60.2,66.2,20.0,4.55
Sugarcane,Andhra Pradesh,Kharif,7.25,681.1,21.4,80.8,6.15,121.9,46.6,84.3,132.1,90.29
Groundnut,Karnataka,Zaid,5.84,872.6,19.3,70.2,6.05,112.8,58.2,80.4,63.5,2.24
Wheat,Madhya Pradesh,Kharif,1.86,1072.1,28.7,60.4,6.87,134.7,62.6,79.7,67.1,4.22
Maize,Maharashtra,Zaid,4.9,1004.8,23.8,73.8,6.85,94.6,43.2,89.6,146.5,4.56
Maize,Punjab,Zaid,4.54,852.4,27.5,60.7,6.78,118.0,56.4,111.2,205.9,5.53
Sugarcane,Karnataka,Rabi,7.73,898.1,29.1,73.5,7.57,157.7,24.7,143.1,169.7,89.06
Maize,Gujarat,Zaid,1.08,1131.8,33.9,73.2,6.12,94.8,60.9,141.3,77.0,4.09
Rice,West Bengal,Zaid,4.37,863.2,20.7,46.2,6.13,155.9,46.1,45.8,201.6,4.34
Sugarcane,Maharashtra,Zaid,7.74,1194.8,27.4,79.1,6.84,149.8,61.3,124.3,91.6,90.47
Maize,Karnataka,Zaid,2.27,1257.3,30.3,55.4,7.0,40.0,15.0,100.4,230.9,4.15
Rice,Madhya Pradesh,Zaid,7.38,817.5,20.6,55.4,7.26,71.6,41.9,94.5,214.2,3.84
Sugarcane,Maharashtra,Kharif,5.17,1443.8,23.8,73.2,7.71,128.1,79.3,131.6,244.2,103.07
Groundnut,Andhra Pradesh,Zaid,1.89,793.9,28.9,69.5,6.86,158.8,47.1,59.9,163.5,2.53
Groundnut,Maharashtra,Kharif,1.45,428.5,28.5,59.7,7.55,118.8,49.8,193.0,90.0,2.72
Sugarcane,Tamil Nadu,Kharif,3.53,900.7,35.1,62.1,7.62,124.6,44.4,67.0,244.1,99.76
Potato,Gujarat,Kharif,4.35,681.2,17.9,50.4,7.14,89.8,26.7,106.9,134.5,27.55
Groundnut,West Bengal,Rabi,1.17,1140.4,28.4,77.8,7.09,150.0,43.1,65.4,147.3,2.73
Pulses,Gujarat,Rabi,4.2,881.9,28.7,77.6,7.5,87.4,62.8,145.7,72.0,1.68
Sugarcane,Punjab,Rabi,7.28,549.0,21.6,70.5,7.33,181.3,33.4,96.4,202.8,109.71
Cotton,Uttar Pradesh,Zaid,7.46,930.4,25.9,79.4,5.7,58.6,84.3,65.4,177.7,2.35
Wheat,Tamil Nadu,Zaid,5.41,1166.3,21.2,63.9,7.39,75.9,56.1,133.6,149.4,4.09
Maize,Gujarat,Rabi,3.59,1127.0,29.0,63.9,7.08,109.2,63.3,94.3,128.1,4.97
Wheat,Haryana,Rabi,3.17,538.0,21.7,66.5,5.66,145.8,65.6,118.7,223.9,5.24
Rice,Andhra Pradesh,Kharif,5.76,1329.3,27.2,82.2,6.63,101.1,41.5,118.9,220.2,4.75
Potato,Haryana,Rabi,2.13,812.7,36.9,79.4,6.97,154.0,46.5,128.6,104.2,27.47
Potato,Uttar Pradesh,Kharif,4.04,730.5,33.3,55.7,6.43,40.0,48.0,38.4,221.8,28.96
Wheat,Maharashtra,Zaid,7.83,665.9,20.1,68.7,6.59,114.4,51.2,110.9,51.4,3.73
Potato,Karnataka,Kharif,2.96,394.4,22.2,59.0,7.31,218.0,42.2,128.3,122.4,24.19
Pulses,Punjab,Zaid,3.2,1247.1,27.7,68.1,6.39,47.4,29.7,163.7,84.5,1.61
Wheat,West Bengal,Zaid,6.15,1800.0,30.2,72.0,6.96,160.8,59.6,130.0,149.1,3.8
Maize,Gujarat,Rabi,6.14,1494.9,21.9,57.3,6.86,111.7,32.1,113.6,96.2,4.58
Potato,Karnataka,Zaid,0.67,1042.1,33.9,76.9,5.96,149.9,53.4,110.6,205.6,25.5
Rice,Uttar Pradesh,Rabi,6.04,536.9,22.1,67.1,7.32,137.4,39.8,176.2,158.2,4.73
Sugarcane,West Bengal,Kharif,6.44,754.0,25.7,58.1,6.38,148.2,15.0,131.8,150.8,95.39
Wheat,Gujarat,Zaid,4.96,,21.9,83.2,7.51,145.9,61.7,111.5,173.3,3.79
Sugarcane,West Bengal,Kharif,6.52,1112.3,29.4,48.9,6.51,167.8,30.8,98.0,116.9,111.06
Cotton,Tamil Nadu,Zaid,4.46,1045.5,29.7,55.8,6.94,194.6,39.7,128.5,163.5,2.57
Rice,Punjab,Rabi,2.03,1326.2,26.8,86.4,7.06,200.9,73.7,108.0,93.2,4.73
Groundnut,Haryana,Rabi,2.11,1448.6,23.4,57.3,6.87,82.5,77.0,155.1,165.1,3.14
Rice,Tamil Nadu,Kharif,6.46,1100.9,25.5,62.6,7.15,193.2,19.7,106.1,147.1,4.59
Sugarcane,Andhra Pradesh,Zaid,8.25,867.4,25.2,70.9,7.64,111.0,82.2,64.8,86.7,94.42
Wheat,Gujarat,Rabi,9.2,1340.9,21.4,75.7,5.61,159.1,33.5,121.6,264.0,4.44
Wheat,Karnataka,Kharif,9.94,477.6,22.3,92.5,7.13,190.0,40.2,172.5,104.3,4.11
Wheat,Uttar Pradesh,Kharif,7.11,332.6,25.9,64.6,6.4,131.0,67.3,157.4,178.5,4.13
Sugarcane,West Bengal,Kharif,8.13,735.5,30.7,59.3,6.57,126.7,41.1,90.9,210.3,97.39
Cotton,Uttar Pradesh,Rabi,7.48,1038.1,36.6,79.5,8.0,119.6,64.2,128.8,119.4,2.63
Wheat,Punjab,Rabi,8.77,390.2,25.5,77.5,6.12,141.1,28.0,127.7,157.0,5.07
Pulses,Haryana,Kharif,5.26,1284.3,27.9,59.1,7.42,135.0,53.4,56.5,156.1,1.81
Pulses,West Bengal,Zaid,1.73,281.1,15.7,74.0,6.9,147.9,55.9,72.7,115.6,1.45
Potato,Uttar Pradesh,Rabi,2.13,895.5,24.9,64.4,7.22,142.9,40.3,60.3,151.6,28.27
Wheat,Gujarat,Rabi,9.6,,26.2,58.8,6.63,146.0,99.7,107.2,217.2,4.76
Cotton,Maharashtra,Rabi,4.74,250.0,36.2,67.5,6.95,83.9,50.2,85.2,176.7,2.44
Wheat,Tamil Nadu,Kharif,5.55,424.7,29.3,73.1,6.72,143.2,38.0,84.4,211.0,4.44
Rice,Haryana,Rabi,2.13,250.0,27.9,53.7,5.92,110.5,73.4,105.4,142.3,4.44
Wheat,Uttar Pradesh,Kharif,7.07,1205.2,31.6,,7.03,110.0,60.0,131.9,169.1,4.33
Potato,Punjab,Rabi,1.45,890.2,26.4,76.6,5.93,70.4,86.3,168.5,93.4,28.25
Pulses,Gujarat,Rabi,1.93,480.2,37.1,56.3,5.35,158.6,38.3,67.3,116.1,1.62
Potato,Haryana,Kharif,2.98,1341.2,26.0,80.1,6.39,171.7,75.1,119.7,113.4,30.46
Cotton,Punjab,Rabi,11.31,846.8,20.0,73.7,8.0,65.3,84.2,117.5,174.9,2.81
Rice,Haryana,Rabi,4.78,1478.5,30.0,69.0,7.18,124.4,74.8,114.1,118.5,4.28
Potato,Maharashtra,Rabi,2.63,776.1,27.3,35.1,6.96,92.0,77.3,128.8,227.2,26.16
Cotton,Madhya Pradesh,Kharif,11.71,977.2,22.2,78.8,5.91,71.0,107.7,72.4,88.0,2.37
Cotton,Tamil Nadu,Rabi,3.44,1280.9,31.5,63.4,6.4,152.1,50.5,121.4,144.2,2.72
Maize,Uttar Pradesh,Rabi,1.04,982.9,28.9,64.3,5.72,74.7,73.7,122.7,183.4,5.03
Cotton,Tamil Nadu,Zaid,6.04,593.9,27.7,58.5,7.36,123.2,68.2,109.8,138.4,2.42
Potato,Maharashtra,Zaid,1.57,796.6,20.1,58.6,7.57,139.5,76.4,131.8,150.2,23.69
Pulses,Gujarat,Rabi,5.48,939.2,22.6,63.7,6.47,90.0,27.2,95.4,138.2,1.64
Wheat,Maharashtra,Zaid,5.34,959.3,31.6,92.1,5.9,182.0,50.8,101.6,146.2,4.3
Sugarcane,Punjab,Zaid,3.7,1386.3,34.5,71.8,6.29,169.6,79.3,153.9,173.7,93.65
Pulses,Tamil Nadu,Zaid,1.62,1069.0,33.1,95.0,6.37,143.0,63.8,84.6,157.8,1.82
Sugarcane,Gujarat,Kharif,4.69,1001.6,31.4,80.1,6.29,152.0,70.4,95.0,150.3,97.33
Wheat,Madhya Pradesh,Kharif,8.11,1016.4,31.3,62.4,6.71,166.9,46.9,82.8,170.9,4.86
Wheat,Madhya Pradesh,Rabi,8.62,1220.3,28.7,59.2,7.61,118.7,58.8,99.5,137.6,3.95
Sugarcane,Madhya Pradesh,Rabi,6.18,686.0,29.8,62.4,7.66,92.6,15.0,147.7,141.2,95.88
Sugarcane,Madhya Pradesh,Rabi,6.58,816.7,23.0,92.3,6.15,172.0,25.5,44.3,175.3,88.06
Cotton,Karnataka,Kharif,11.87,790.5,21.0,68.4,5.85,140.6,38.6,136.3,209.6,2.47
Groundnut,Uttar Pradesh,Rabi,4.42,1273.7,33.5,83.7,6.9,193.4,46.2,101.7,131.9,3.08
Rice,Maharashtra,Kharif,3.43,543.7,33.7,81.9,6.9,135.0,37.0,39.9,261.4,4.64
Pulses,West Bengal,Rabi,6.24,860.8,27.1,58.1,7.5,128.9,59.8,103.6,108.0,1.83
Wheat,West Bengal,Zaid,5.87,990.7,19.2,70.0,6.36,79.8,15.0,61.2,169.5,3.64
Wheat,Haryana,Kharif,3.52,1427.4,35.3,66.3,6.01,185.3,83.0,44.9,95.4,4.7
Rice,Uttar Pradesh,Kharif,2.08,576.0,23.0,89.0,6.16,178.6,74.2,202.2,155.8,4.76
Sugarcane,Andhra Pradesh,Kharif,2.2,696.9,17.7,83.3,5.83,154.8,63.2,30.0,246.4,94.54
Cotton,Haryana,Zaid,6.34,812.7,32.1,59.3,6.57,179.5,81.6,84.5,239.3,2.73
Maize,Madhya Pradesh,Kharif,5.69,631.2,28.5,94.9,6.63,210.1,109.7,89.0,219.7,4.95
Groundnut,Haryana,Kharif,2.73,922.6,27.7,77.6,7.4,76.4,57.3,118.9,174.8,3.3
Wheat,Haryana,Zaid,7.1,769.0,25.7,76.3,5.96,127.2,53.4,125.3,60.6,4.29
Rice,Tamil Nadu,Kharif,7.8,250.0,16.2,63.9,6.67,137.6,34.5,98.4,95.7,4.3
Potato,Tamil Nadu,Zaid,1.94,434.9,37.2,74.8,6.85,103.0,96.1,95.3,152.9,22.15
Cotton,Gujarat,Rabi,11.04,1234.8,21.1,45.3,7.01,104.1,41.5,79.3,230.1,2.6
Sugarcane,Punjab,Kharif,4.25,877.6,31.5,46.6,6.78,136.2,81.2,92.6,86.4,101.94
Pulses,Haryana,Rabi,1.88,796.0,23.6,67.1,6.76,139.2,37.6,140.0,86.5,1.7
Sugarcane,Tamil Nadu,Zaid,1.47,813.6,30.4,58.5,6.16,110.5,72.0,54.0,189.8,89.76
Potato,Tamil Nadu,Kharif,0.97,712.1,22.3,74.7,4.8,96.0,76.7,100.2,129.3,25.92
Cotton,Madhya Pradesh,Kharif,10.91,811.3,30.3,95.0,6.75,114.4,53.9,98.4,165.9,2.62
Potato,Madhya Pradesh,Zaid,1.0,798.6,30.6,59.7,5.98,122.2,35.6,79.2,102.0,23.59
Pulses,Maharashtra,Kharif,5.3,880.2,27.1,52.5,5.81,162.7,37.7,50.2,114.8,1.73
Potato,West Bengal,Rabi,3.25,984.0,23.8,75.5,7.57,73.3,39.6,40.0,215.3,26.1
Wheat,Madhya Pradesh,Kharif,1.99,1147.8,31.1,74.9,6.19,61.6,90.9,121.9,115.8,4.04
Pulses,Gujarat,Zaid,6.7,757.2,28.8,84.2,5.42,100.2,78.5,123.3,178.5,1.58
Potato,West Bengal,Rabi,2.69,908.1,,66.5,5.53,113.3,33.8,94.4,80.8,28.92
Sugarcane,Gujarat,Kharif,5.86,633.6,24.2,77.5,6.36,113.8,54.5,116.2,202.0,103.11
Potato,Andhra Pradesh,Rabi,1.02,1116.4,37.1,69.9,6.81,67.6,51.9,104.4,143.4,26.53
Pulses,Karnataka,Rabi,1.19,1172.4,26.1,47.6,6.48,99.3,82.4,75.8,189.1,1.61
Wheat,Uttar Pradesh,Rabi,5.89,614.4,33.9,69.8,6.95,142.8,63.5,114.0,186.5,4.51
Cotton,Uttar Pradesh,Kharif,10.49,703.4,25.4,73.6,6.77,94.7,69.7,78.3,135.2,2.75
Sugarcane,Maharashtra,Rabi,2.73,988.9,29.2,72.4,4.8,116.4,53.8,147.5,138.0,91.54
Pulses,Uttar Pradesh,Kharif,4.21,690.4,25.2,65.4,7.78,87.6,15.0,100.7,261.1,1.92
Wheat,Tamil Nadu,Kharif,2.44,1449.9,32.0,62.3,6.03,191.9,57.3,30.0,181.4,4.41
Sugarcane,Haryana,Zaid,6.25,990.9,29.4,38.9,7.01,173.9,38.3,73.0,132.9,102.47
Groundnut,Punjab,Zaid,3.76,803.4,28.1,80.9,7.52,84.9,60.0,154.0,99.1,2.67
Cotton,Punjab,Zaid,11.36,923.1,27.4,60.5,6.64,147.4,54.0,108.9,98.5,2.85
Cotton,Karnataka,Kharif,4.5,934.4,29.1,71.4,7.28,94.7,15.0,92.0,148.4,2.65
Maize,West Bengal,Rabi,4.91,1051.4,27.0,61.2,7.45,174.8,48.6,128.0,103.6,5.45
Wheat,Punjab,Rabi,6.85,1196.4,28.6,77.4,7.0,172.4,39.9,73.5,154.2,4.59
Wheat,Karnataka,Kharif,9.0,685.1,22.1,84.5,6.62,78.9,59.2,88.4,169.0,4.51
Potato,Haryana,Rabi,2.98,700.0,29.8,55.9,6.19,101.7,56.9,91.3,155.1,
Potato,Madhya Pradesh,Zaid,3.98,924.9,29.9,59.9,6.51,86.8,54.8,177.4,121.7,22.64
Wheat,West Bengal,Rabi,5.45,926.1,27.2,88.0,6.32,108.8,35.4,72.5,175.6,4.26
Groundnut,Maharashtra,Kharif,4.27,1210.5,35.9,64.2,5.97,130.3,38.0,127.8,153.1,2.73
Sugarcane,Uttar Pradesh,Rabi,1.15,894.8,15.3,59.1,6.48,40.0,76.9,153.8,178.9,105.11
Groundnut,Andhra Pradesh,Zaid,1.34,1254.5,30.7,64.7,7.71,117.5,42.3,117.8,100.0,2.32
Sugarcane,Tamil Nadu,Rabi,5.32,1179.2,32.8,55.8,6.61,152.2,41.5,105.7,96.2,101.36
Cotton,Tamil Nadu,Rabi,10.67,294.4,22.8,67.0,5.79,107.4,70.0,94.6,56.4,2.65
Sugarcane,Uttar Pradesh,Zaid,8.95,1428.0,31.6,94.6,5.87,66.3,73.6,136.7,194.3,94.01
Maize,Uttar Pradesh,Zaid,2.78,1485.9,26.6,78.2,6.79,80.2,53.1,97.5,205.9,4.76
Groundnut,Haryana,Kharif,3.88,1139.4,27.3,86.3,6.1,109.3,40.7,128.3,134.7,3.19
Wheat,Uttar Pradesh,Kharif,5.77,785.9,25.5,56.6,7.71,136.9,41.4,173.4,148.7,4.38
Groundnut,Karnataka,Kharif,5.29,519.7,21.5,81.1,7.17,108.1,40.3,120.0,204.9,2.46
Cotton,West Bengal,Kharif,8.1,951.7,36.3,61.8,6.28,94.2,59.0,154.8,175.5,2.64
Groundnut,Maharashtra,Rabi,4.67,1234.7,31.3,69.4,6.19,137.8,35.3,56.8,115.7,2.66
Rice,Karnataka,Rabi,5.41,680.8,23.2,68.0,7.53,160.3,65.5,56.8,224.7,4.48
Maize,Haryana,Kharif,4.25,1159.0,24.9,65.3,6.55,87.0,49.4,43.2,82.2,5.63
Maize,Karnataka,Rabi,6.56,250.0,23.5,58.4,5.08,133.8,55.4,130.4,,4.94
Maize,Uttar Pradesh,Rabi,3.74,974.3,25.7,58.0,6.05,157.9,80.3,63.6,190.6,5.18
Groundnut,Tamil Nadu,Kharif,2.16,736.6,22.1,77.0,6.46,117.1,77.3,93.4,111.5,2.69
Cotton,Madhya Pradesh,Rabi,3.02,1039.4,25.0,76.7,7.04,201.6,45.1,30.0,38.6,2.39
Groundnut,Maharashtra,Rabi,3.56,960.6,33.0,55.3,7.9,59.7,63.8,149.5,225.9,3.14
Wheat,Karnataka,Rabi,5.86,403.4,20.6,71.8,5.69,164.2,29.5,126.2,153.5,4.2
Wheat,Madhya Pradesh,Rabi,4.86,877.1,19.8,76.2,7.31,157.7,44.3,104.8,147.5,4.69
Rice,Karnataka,Kharif,1.17,1100.7,20.4,76.7,7.47,42.3,74.5,120.3,41.0,4.13
Potato,Karnataka,Rabi,3.63,748.1,30.7,45.9,6.3,143.7,34.5,173.4,115.7,26.49
Pulses,Andhra Pradesh,Rabi,3.62,949.1,29.8,51.5,7.4,228.3,26.6,147.4,204.1,1.75
Pulses,Tamil Nadu,Zaid,4.76,820.4,25.9,71.4,7.4,107.4,54.0,128.3,226.5,1.77
Potato,Punjab,Rabi,3.35,905.3,24.1,87.5,6.8,132.1,74.8,117.9,125.1,28.35
Pulses,Maharashtra,Zaid,1.67,729.9,24.4,54.0,6.67,153.2,55.1,150.1,205.9,1.72
Sugarcane,Uttar Pradesh,Zaid,7.71,644.5,31.5,93.5,6.51,102.7,64.1,90.4,118.2,96.53
Potato,Tamil Nadu,Zaid,4.56,816.9,27.1,75.6,6.53,149.2,78.8,104.3,141.7,24.75
Potato,Tamil Nadu,Zaid,0.53,1432.9,22.1,54.1,7.95,158.0,43.9,47.7,89.1,23.33
Pulses,West Bengal,Kharif,3.08,429.6,27.5,73.3,7.27,132.5,94.1,,149.6,1.88
Potato,West Bengal,Rabi,2.86,425.5,26.4,43.8,6.98,132.7,33.2,30.4,180.5,26.22
Potato,Haryana,Zaid,0.75,453.5,24.2,69.2,7.97,130.1,30.0,143.9,201.6,24.81
Groundnut,Uttar Pradesh,Zaid,4.35,838.7,19.7,79.4,6.96,101.4,62.4,70.5,197.1,2.96
Groundnut,Tamil Nadu,Kharif,4.27,881.8,33.2,62.7,7.37,40.0,29.7,136.9,163.1,2.78
Maize,West Bengal,Rabi,1.36,752.5,20.2,78.3,6.78,123.7,59.9,82.1,61.5,4.65
Potato,Maharashtra,Zaid,0.78,1074.3,30.1,71.5,5.83,125.2,50.2,95.0,182.0,23.01
Groundnut,Madhya Pradesh,Zaid,3.91,1235.4,24.8,70.7,4.8,72.0,72.9,141.9,174.9,2.56
Pulses,West Bengal,Zaid,4.78,1201.4,33.2,82.3,6.48,87.4,91.0,113.4,113.5,1.72
Groundnut,West Bengal,Kharif,2.54,1016.2,24.4,39.3,6.89,113.0,49.5,99.8,156.6,2.8
Groundnut,Karnataka,Rabi,2.67,680.4,33.4,87.6,7.48,98.3,54.0,82.0,30.7,2.4
Pulses,Maharashtra,Rabi,4.73,953.7,24.9,69.8,6.06,135.1,76.6,48.8,186.9,1.76
Wheat,Gujarat,Zaid,4.89,1457.7,25.0,61.4,6.61,125.9,69.6,94.7,224.5,3.85
Cotton,Andhra Pradesh,Kharif,6.92,559.7,30.9,71.1,5.88,63.9,42.3,62.6,240.2,2.5
Maize,Andhra Pradesh,Kharif,5.61,421.8,30.4,60.3,5.58,180.2,47.8,160.5,118.7,5.53
Maize,Punjab,Zaid,1.1,1036.1,26.8,73.8,7.06,113.8,57.0,93.7,176.5,5.35
Groundnut,Madhya Pradesh,Kharif,1.35,1231.2,25.9,95.0,7.12,162.8,46.4,129.1,167.7,2.92
Cotton,Gujarat,Rabi,9.78,598.4,30.3,72.4,6.19,69.0,58.2,142.1,121.6,2.39
Wheat,Maharashtra,Zaid,5.73,1156.1,18.5,77.0,7.21,55.5,62.3,82.5,195.6,3.67
Groundnut,Madhya Pradesh,Zaid,2.42,1031.3,30.9,52.6,7.9,140.6,57.0,181.8,202.9,2.44
Maize,Punjab,Kharif,5.35,722.9,28.6,57.5,5.37,131.0,84.4,107.5,93.3,5.56
Maize,Uttar Pradesh,Zaid,4.36,746.2,31.8,57.6,5.66,152.4,69.3,136.9,68.3,5.2
Maize,Tamil Nadu,Rabi,2.92,1135.5,33.8,57.1,6.78,143.5,54.4,57.9,173.5,5.13
Groundnut,Maharashtra,Zaid,4.53,882.8,32.8,51.1,7.34,163.5,30.6,112.7,193.4,2.42
Rice,Haryana,Zaid,6.43,602.5,31.6,82.4,7.63,115.9,40.6,127.3,163.6,4.5
Cotton,Tamil Nadu,Kharif,4.88,442.7,22.7,68.6,6.92,97.6,72.9,68.1,210.8,2.67
Potato,Madhya Pradesh,Kharif,4.32,1343.8,24.9,68.3,5.25,94.7,72.6,30.0,181.5,26.57
Maize,Uttar Pradesh,Zaid,2.34,250.0,19.2,77.0,6.03,96.0,58.9,162.2,129.4,4.45
Rice,Maharashtra,Zaid,1.22,1072.0,22.3,55.2,6.25,105.2,79.0,79.6,194.8,3.95
Rice,Punjab,Kharif,3.64,738.5,27.1,83.6,6.29,125.8,50.0,131.1,236.7,5.2
Sugarcane,Andhra Pradesh,Rabi,7.63,1136.5,26.5,76.0,7.51,155.1,45.9,84.6,170.8,92.11
Groundnut,Madhya Pradesh,Kharif,3.84,679.8,21.0,85.5,7.8,133.3,66.3,150.9,101.8,2.76
Wheat,Punjab,Kharif,2.71,279.4,28.1,75.0,6.33,106.0,78.9,57.6,84.5,4.26
Potato,Gujarat,Rabi,3.1,693.5,22.8,58.9,7.16,107.8,64.7,61.7,110.6,26.54
Pulses,Punjab,Zaid,3.35,668.4,24.3,46.2,7.68,173.3,59.2,113.5,205.6,1.81
Sugarcane,Uttar Pradesh,Zaid,1.28,862.1,29.2,80.0,6.42,110.6,37.4,134.9,156.5,92.05
Wheat,Andhra Pradesh,Kharif,8.44,1112.4,28.8,85.0,7.05,116.5,63.1,83.9,134.0,3.89
Potato,Punjab,Kharif,1.66,1300.5,24.8,59.1,6.19,85.5,56.4,33.7,237.4,30.03
Wheat,Karnataka,Zaid,8.06,452.9,32.0,73.5,6.82,105.1,93.5,107.0,190.3,3.52
Cotton,Uttar Pradesh,Kharif,4.76,717.4,27.6,70.9,5.74,188.9,74.3,155.6,53.1,2.48
Groundnut,West Bengal,Kharif,3.22,927.2,29.3,67.7,6.97,,52.6,30.0,85.4,2.97
Sugarcane,Karnataka,Zaid,5.77,1157.9,34.6,68.9,6.86,172.4,70.1,62.6,86.2,85.35
Wheat,Madhya Pradesh,Kharif,7.78,386.4,26.5,78.3,5.41,158.6,85.6,34.8,168.8,4.38
Sugarcane,Andhra Pradesh,Zaid,2.03,709.8,28.2,64.8,6.96,146.8,73.2,61.5,143.7,92.64
Pulses,Karnataka,Rabi,6.21,,19.9,62.1,6.89,113.1,50.4,124.9,88.7,1.65
Rice,Haryana,Zaid,5.4,517.6,15.5,78.7,6.65,74.5,74.8,137.7,58.7,4.25
Rice,Madhya Pradesh,Zaid,4.52,780.1,31.1,70.9,6.65,129.4,36.7,105.2,174.1,4.21
Maize,Haryana,Zaid,2.31,836.5,37.8,84.4,7.42,101.0,39.3,121.4,160.0,4.87
Wheat,Uttar Pradesh,Rabi,4.45,799.7,18.5,31.6,7.2,65.7,45.6,108.9,87.8,4.56
Wheat,Uttar Pradesh,Rabi,9.32,328.4,25.6,67.2,5.59,211.7,69.8,95.8,169.0,4.5
Potato,Punjab,Zaid,0.76,368.2,26.7,62.6,6.97,180.2,47.1,123.6,151.5,25.88
Pulses,West Bengal,Kharif,2.01,495.0,30.1,79.4,6.8,105.7,39.7,51.1,235.4,1.68
Sugarcane,Tamil Nadu,Kharif,2.83,1044.7,29.1,30.1,5.97,84.0,72.9,125.2,67.0,94.09
Rice,Punjab,Kharif,7.95,375.8,16.2,61.7,6.66,119.4,41.4,148.9,103.5,5.47
Sugarcane,Maharashtra,Rabi,1.38,1209.1,23.7,69.0,6.78,88.6,46.7,134.2,184.8,86.62
Groundnut,Tamil Nadu,Zaid,2.07,1094.9,23.5,63.3,7.76,151.8,21.8,81.7,108.3,2.39
Wheat,Maharashtra,Rabi,6.59,501.8,25.7,47.2,6.82,144.7,70.3,175.0,134.0,4.47
Sugarcane,Madhya Pradesh,Kharif,7.1,1158.9,29.3,70.7,7.5,103.4,51.2,121.0,158.3,93.93
Sugarcane,Karnataka,Zaid,7.52,941.6,24.9,60.5,6.68,109.8,50.5,129.6,81.2,79.25
Maize,Gujarat,Zaid,4.37,977.1,27.0,81.0,,132.3,83.7,149.2,171.1,5.25
Pulses,Madhya Pradesh,Zaid,4.27,632.2,23.4,51.2,7.48,64.3,100.5,95.5,282.6,1.62
Wheat,West Bengal,Rabi,9.21,305.3,32.8,72.5,6.9,166.4,50.8,59.7,117.9,4.44
Potato,Uttar Pradesh,Zaid,1.77,293.3,29.9,67.4,6.85,155.6,54.7,70.7,140.5,24.61
Rice,Madhya Pradesh,Rabi,6.77,1078.2,33.3,67.1,8.2,53.5,65.3,113.9,76.4,4.28
Cotton,Madhya Pradesh,Kharif,4.38,561.6,33.1,86.7,6.64,120.8,109.5,111.4,67.6,2.39
Sugarcane,Andhra Pradesh,Kharif,7.03,916.9,31.4,51.1,7.51,174.2,46.5,124.3,120.0,94.87
Pulses,Andhra Pradesh,Kharif,5.07,1427.0,28.0,56.9,5.4,113.2,59.2,179.3,160.8,1.8
Cotton,Gujarat,Zaid,4.59,1042.7,15.0,77.6,6.62,144.3,93.6,78.8,109.9,2.38
Rice,West Bengal,Kharif,3.97,826.7,27.7,69.4,7.29,97.3,33.6,124.9,173.1,4.86
Rice,Haryana,Rabi,1.58,983.4,21.3,,6.63,186.8,17.3,77.9,72.6,4.37
Sugarcane,Gujarat,Kharif,7.02,1330.6,30.1,53.4,7.01,118.5,67.3,129.7,94.3,91.63
Rice,Karnataka,Zaid,4.24,985.6,20.2,47.0,,136.6,35.2,163.2,153.4,3.84
Maize,Karnataka,Zaid,2.47,275.7,23.6,75.4,6.65,126.0,28.6,121.8,103.9,3.91
Potato,Andhra Pradesh,Zaid,2.02,790.3,22.6,76.1,6.35,186.3,55.5,106.4,94.6,26.89
Pulses,Gujarat,Rabi,2.06,504.0,30.6,89.9,7.31,118.2,117.1,90.5,196.0,1.65
Groundnut,West Bengal,Kharif,4.67,1497.5,26.2,68.2,5.71,167.3,60.4,115.6,201.4,3.08
Potato,Gujarat,Kharif,3.79,951.0,20.7,57.9,6.79,64.9,74.4,140.9,161.5,30.88
Potato,Haryana,Rabi,3.33,903.8,31.1,57.7,6.64,130.7,36.0,120.1,143.1,29.83
Rice,Gujarat,Rabi,2.82,759.7,24.1,71.4,6.87,136.2,21.8,135.6,155.7,4.73
Groundnut,Tamil Nadu,Kharif,3.71,441.8,25.0,47.4,6.92,81.2,15.0,164.7,182.0,3.04
Maize,Gujarat,Zaid,2.45,931.4,28.0,66.7,5.02,154.8,45.2,97.9,133.5,4.63
Rice,West Bengal,Kharif,2.22,846.7,31.5,61.7,5.58,56.7,88.9,100.9,240.4,4.27
Rice,West Bengal,Zaid,2.4,888.1,23.1,70.8,,162.4,42.2,58.3,161.3,4.23
Sugarcane,West Bengal,Rabi,5.03,1099.2,28.4,75.1,7.49,125.5,81.0,87.5,144.3,89.13
Cotton,Maharashtra,Zaid,11.73,1232.1,24.5,72.6,7.51,164.9,61.9,91.0,67.6,2.14
Groundnut,Gujarat,Kharif,1.92,929.6,22.5,66.8,6.34,172.3,54.6,87.1,221.1,3.03
Maize,Tamil Nadu,Kharif,1.44,551.7,28.8,77.9,6.74,101.4,41.7,55.5,87.9,4.53
Sugarcane,Maharashtra,Kharif,7.94,572.7,24.8,62.1,6.09,140.8,36.2,136.3,209.5,101.8
Groundnut,Maharashtra,Kharif,3.77,987.1,25.2,66.9,6.74,59.4,55.6,121.0,106.8,2.81
Maize,Uttar Pradesh,Zaid,5.46,1151.2,27.8,74.9,6.17,56.0,50.4,170.1,237.5,4.68
Pulses,Andhra Pradesh,Zaid,2.77,1321.7,32.7,51.5,6.22,108.5,52.4,120.8,90.5,1.55
Groundnut,Maharashtra,Zaid,2.32,1329.8,26.9,52.7,7.36,82.6,36.6,167.7,218.4,2.72
Potato,Uttar Pradesh,Zaid,4.45,856.8,28.6,66.2,6.75,148.3,56.7,111.6,189.6,27.45
Cotton,Karnataka,Rabi,6.78,776.3,24.6,54.0,6.96,106.9,81.1,60.1,155.5,2.6
Potato,Maharashtra,Kharif,3.0,722.8,24.0,66.0,6.91,72.6,64.3,36.8,143.1,23.32
Sugarcane,Maharashtra,Zaid,7.41,973.0,29.3,72.8,7.47,107.8,32.2,110.1,119.3,91.99
Potato,Punjab,Rabi,0.72,898.6,36.6,62.5,,213.1,39.7,43.2,238.0,27.72
Groundnut,Karnataka,Zaid,4.79,633.6,26.5,78.2,7.59,168.5,80.5,124.1,169.0,2.39
Maize,Karnataka,Rabi,3.94,1149.1,22.9,73.0,7.38,139.5,19.8,63.0,102.7,4.76
Cotton,Madhya Pradesh,Rabi,2.43,978.8,33.0,69.8,6.15,61.3,43.9,63.5,92.9,2.43
Pulses,Maharashtra,Zaid,1.36,1267.8,36.8,55.4,6.26,248.0,63.3,118.0,172.7,1.55
Groundnut,Tamil Nadu,Kharif,5.62,819.2,29.2,63.7,6.37,146.4,20.5,90.3,155.6,2.69
Wheat,Haryana,Kharif,9.11,1453.5,26.2,71.2,6.97,80.3,43.3,127.5,114.2,4.64
Rice,Gujarat,Zaid,5.2,410.8,15.0,63.8,6.5,123.1,85.1,129.7,62.4,4.33
Groundnut,Karnataka,Zaid,3.19,804.6,31.5,50.9,5.41,60.5,59.9,120.1,109.3,2.53
Maize,Madhya Pradesh,Rabi,1.53,1385.0,27.3,77.9,6.54,148.6,73.0,175.0,189.3,5.29
Potato,Tamil Nadu,Rabi,2.35,1060.1,19.1,61.9,6.75,100.8,56.6,129.6,261.5,28.48
Rice,Karnataka,Zaid,3.45,727.7,27.4,85.1,8.2,101.0,43.6,97.3,157.9,4.2
Pulses,West Bengal,Zaid,1.42,,15.0,66.5,6.76,175.5,65.6,95.9,188.8,1.63
Sugarcane,Punjab,Rabi,3.26,702.7,29.3,87.0,5.78,91.2,96.8,127.0,212.6,108.13
Groundnut,Tamil Nadu,Kharif,3.63,805.6,25.8,77.4,6.2,148.5,86.3,108.7,121.4,3.26
Cotton,Karnataka,Rabi,11.02,1138.6,31.5,49.7,6.12,117.5,,162.4,222.1,2.56
Maize,Maharashtra,Zaid,1.54,829.4,36.4,59.9,8.0,158.3,15.0,101.6,240.9,3.83
Groundnut,Madhya Pradesh,Rabi,2.9,250.0,28.8,74.0,6.94,129.7,74.0,132.3,62.5,2.53
Rice,Maharashtra,Kharif,5.25,290.6,23.3,76.9,8.2,193.8,79.3,115.7,135.9,4.62
Potato,Tamil Nadu,Rabi,1.69,419.1,19.4,86.1,7.46,126.7,70.4,116.0,208.6,28.64
Groundnut,Andhra Pradesh,Kharif,2.3,1093.1,34.8,59.9,6.44,241.0,83.3,85.0,193.7,2.8
Potato,Andhra Pradesh,Zaid,2.46,1199.8,23.1,63.0,7.48,103.6,100.4,125.1,261.5,24.71
Maize,Maharashtra,Kharif,6.43,929.9,32.0,58.9,8.2,94.1,63.5,86.2,257.0,5.01
Cotton,Karnataka,Zaid,7.85,673.6,23.0,65.3,7.38,125.9,48.4,173.4,223.5,2.46
Potato,Andhra Pradesh,Zaid,1.03,1391.3,35.7,78.7,6.23,127.8,42.9,142.5,135.1,23.06
Wheat,Uttar Pradesh,Zaid,4.04,957.7,16.6,77.3,4.95,108.2,45.3,95.1,202.8,4.15
Potato,Karnataka,Rabi,3.33,605.7,22.7,58.5,7.46,136.2,,85.5,205.9,26.81
Wheat,Andhra Pradesh,Rabi,6.76,681.0,34.4,75.7,6.02,93.3,91.3,66.7,97.2,3.65
Sugarcane,Karnataka,Kharif,5.52,1165.2,34.0,59.0,6.75,99.7,94.4,126.4,93.9,106.74
Groundnut,Maharashtra,Zaid,1.5,512.9,26.8,69.5,7.96,92.5,33.2,139.3,215.0,2.32
Potato,Uttar Pradesh,Rabi,1.91,1020.4,35.3,80.1,8.2,163.5,97.0,133.1,152.2,27.45
Maize,Madhya Pradesh,Rabi,4.24,1132.7,24.3,65.1,6.16,40.0,36.6,59.4,177.7,4.77
Rice,Madhya Pradesh,Rabi,2.44,858.2,28.6,60.9,6.63,144.1,33.3,43.4,125.4,4.2
Potato,Haryana,Rabi,2.07,435.3,19.7,56.9,6.54,149.1,64.1,69.5,134.8,26.13
Pulses,Madhya Pradesh,Zaid,1.09,250.0,26.0,59.0,6.72,142.1,62.7,113.5,216.8,1.48
Pulses,Punjab,Zaid,2.8,473.0,20.9,62.7,6.19,144.3,58.7,116.7,115.9,1.71
Maize,Gujarat,Rabi,4.63,1395.5,25.5,74.1,7.52,99.2,62.2,125.1,133.4,5.3
Maize,Andhra Pradesh,Zaid,4.63,737.5,25.6,54.4,5.6,116.4,71.8,104.1,146.5,4.55
Pulses,Tamil Nadu,Kharif,5.11,388.8,22.1,56.3,5.74,113.9,58.4,123.4,186.9,1.83
Rice,Gujarat,Zaid,6.49,1110.4,26.8,74.5,6.56,168.2,34.8,88.1,160.6,4.14
Cotton,Tamil Nadu,Rabi,8.75,729.7,33.3,66.7,6.96,89.4,48.5,83.5,98.2,2.44
Sugarcane,Haryana,Zaid,4.34,319.3,27.2,92.4,5.8,110.2,40.9,81.3,213.2,90.97
Pulses,Maharashtra,Kharif,5.56,1009.8,33.5,67.0,6.54,76.6,25.6,114.7,164.2,1.71
Sugarcane,Andhra Pradesh,Zaid,4.88,918.1,25.0,82.5,6.74,142.7,74.2,67.5,132.4,84.02
Potato,Tamil Nadu,Rabi,3.51,641.9,21.1,73.9,,118.3,32.6,115.3,218.7,28.8
Wheat,Andhra Pradesh,Zaid,5.29,656.6,25.4,56.1,6.77,125.7,42.6,65.1,20.0,3.64
Maize,Andhra Pradesh,Kharif,3.46,788.9,30.5,60.6,7.34,129.8,58.0,87.0,63.9,5.2
Maize,Uttar Pradesh,Kharif,5.24,641.6,38.5,91.4,7.1,155.3,35.6,76.2,171.5,4.82
Maize,Andhra Pradesh,Kharif,2.31,475.3,24.5,54.9,6.78,122.2,64.5,42.8,206.4,4.85
Potato,Punjab,Kharif,1.85,538.1,23.0,60.4,6.59,67.8,44.4,138.1,129.8,30.55
Potato,Andhra Pradesh,Zaid,1.74,365.5,29.5,76.5,6.22,149.9,33.1,117.4,143.9,24.5
Sugarcane,Gujarat,Rabi,5.71,1194.8,31.0,61.6,6.32,104.4,38.7,74.8,138.9,91.71
Sugarcane,West Bengal,Zaid,1.77,1295.0,26.7,78.2,6.26,136.0,61.8,112.8,154.6,90.46
Groundnut,Punjab,Zaid,5.47,987.2,15.0,84.3,6.54,122.7,20.3,140.0,152.4,2.5
Rice,Maharashtra,Rabi,5.36,718.1,24.7,63.6,,144.6,29.2,79.3,166.6,4.07
Rice,Karnataka,Rabi,6.49,795.9,23.0,63.8,6.4,146.4,45.5,99.0,82.5,4.56
Pulses,Gujarat,Rabi,4.02,1034.8,30.9,60.8,5.78,100.3,87.6,126.2,128.0,1.67
Maize,Karnataka,Rabi,5.22,910.8,26.6,74.4,6.97,125.9,62.0,78.5,174.4,4.89
Maize,Andhra Pradesh,Kharif,6.16,936.8,26.5,57.5,5.79,75.1,69.2,82.1,80.7,5.03
Cotton,Andhra Pradesh,Rabi,6.5,1169.2,23.7,61.1,7.96,138.0,69.5,60.6,206.3,2.51
Cotton,Punjab,Zaid,6.1,784.4,30.4,69.9,6.96,159.6,58.3,93.6,94.9,2.13
Potato,Tamil Nadu,Rabi,2.88,1369.4,24.0,61.7,7.59,151.5,43.5,96.4,122.7,25.05
Cotton,Haryana,Rabi,4.3,560.0,18.9,95.0,6.08,102.4,43.4,77.3,99.9,2.55
Potato,Karnataka,Kharif,3.03,613.7,20.9,87.2,5.88,169.6,49.1,98.8,127.1,27.44
Wheat,Maharashtra,Rabi,1.16,941.4,27.0,64.1,7.3,40.0,72.4,106.4,30.1,4.24
Sugarcane,West Bengal,Kharif,1.03,939.9,26.3,86.8,7.41,135.1,17.1,135.2,179.3,104.77
Cotton,Madhya Pradesh,Zaid,2.47,635.4,31.2,45.6,7.25,193.9,106.9,111.8,59.3,2.3
Pulses,Tamil Nadu,Rabi,5.4,1368.4,20.4,68.0,7.64,208.5,42.7,148.1,74.0,1.8
Potato,Gujarat,Rabi,3.9,1024.7,22.2,74.2,7.15,173.4,29.8,111.5,114.5,28.64
Groundnut,Gujarat,Kharif,3.84,1324.4,35.7,69.3,6.43,141.8,,56.2,58.2,2.84
Potato,West Bengal,Kharif,4.93,1182.0,31.0,71.0,5.25,119.1,38.3,154.1,76.7,26.7
Groundnut,Maharashtra,Zaid,1.81,1073.2,30.4,59.1,6.43,124.3,41.6,91.0,166.8,2.74
Rice,Uttar Pradesh,Kharif,7.82,800.7,15.9,52.7,8.09,185.2,68.6,69.6,153.9,4.96
Wheat,Karnataka,Kharif,3.7,1117.7,25.9,69.0,6.75,54.9,69.9,70.3,175.0,4.21
Groundnut,Haryana,Rabi,3.48,1184.9,20.3,44.3,5.88,89.7,47.3,150.8,235.0,3.06
Cotton,Tamil Nadu,Zaid,10.85,654.7,27.4,81.3,6.04,107.2,49.8,122.7,112.4,2.34
Maize,Tamil Nadu,Rabi,6.62,723.2,29.7,65.1,6.95,67.0,47.6,132.1,185.4,5.13
Wheat,Andhra Pradesh,Zaid,3.65,969.1,28.1,88.0,5.44,166.7,68.4,86.6,262.9,4.04
Sugarcane,Karnataka,Rabi,8.38,805.3,27.4,91.7,5.88,91.2,76.1,97.2,163.4,88.66
Pulses,Maharashtra,Zaid,4.5,1248.3,21.3,49.8,7.48,182.9,67.3,110.2,76.0,1.51
Pulses,Tamil Nadu,Kharif,1.19,1058.0,33.7,94.9,5.84,157.0,94.8,32.8,138.5,1.77
Wheat,Haryana,Kharif,5.02,1154.1,22.9,67.4,6.12,156.5,50.8,69.0,137.6,4.82
Groundnut,Maharashtra,Kharif,4.59,1037.1,22.8,91.4,6.39,106.6,74.6,97.7,223.7,2.74
Rice,Tamil Nadu,Zaid,3.1,1336.9,24.1,70.1,5.76,163.4,110.4,78.3,93.4,4.38
Rice,Madhya Pradesh,Kharif,4.29,840.8,23.8,62.6,7.65,103.8,45.2,94.2,45.1,4.11
Sugarcane,Karnataka,Kharif,6.32,1077.5,,93.9,7.78,93.7,56.4,144.4,144.6,98.23
Maize,Gujarat,Rabi,3.63,766.2,27.1,63.4,6.88,182.9,51.6,51.9,165.7,5.11
Rice,Haryana,Zaid,5.35,701.9,19.6,58.2,6.6,84.4,,80.4,49.5,4.28
Potato,Punjab,Zaid,0.54,630.2,24.3,62.2,6.29,148.2,63.8,100.1,,26.33
Maize,Gujarat,Rabi,7.0,676.3,36.6,76.5,6.2,85.4,32.3,106.0,148.0,4.97
Rice,Karnataka,Zaid,4.46,705.8,,75.1,6.25,138.6,63.9,106.3,148.4,4.25
Maize,Haryana,Kharif,1.47,719.9,25.8,90.0,7.7,102.3,61.6,120.2,126.9,5.85
Wheat,Madhya Pradesh,Zaid,8.1,925.0,25.5,82.0,5.85,68.1,68.5,65.8,38.0,3.84
Potato,Maharashtra,Kharif,0.53,612.3,18.2,50.6,6.22,102.0,70.3,153.9,193.3,26.02
Cotton,Tamil Nadu,Kharif,6.75,1196.8,24.3,66.7,6.51,99.7,27.8,84.7,147.7,2.75
Groundnut,Andhra Pradesh,Zaid,4.93,610.7,28.9,74.5,,139.1,47.4,89.0,189.7,2.72
Rice,Uttar Pradesh,Kharif,2.78,785.2,33.2,47.9,6.43,156.6,60.0,59.3,216.2,4.51
Cotton,Madhya Pradesh,Zaid,2.9,379.7,36.9,57.5,5.49,100.2,51.9,119.5,227.0,1.9
Wheat,Gujarat,Zaid,9.9,568.6,22.9,67.2,5.83,157.4,32.0,69.5,154.5,4.05
Pulses,Gujarat,Rabi,4.86,955.7,32.7,74.3,7.43,100.7,45.2,124.9,120.4,1.75
Potato,Tamil Nadu,Kharif,1.61,897.1,25.1,47.1,6.38,106.3,21.5,68.0,213.2,28.48
Cotton,Gujarat,Zaid,6.95,571.5,29.6,95.0,6.51,65.0,87.6,98.1,204.7,2.45
Groundnut,West Bengal,Kharif,1.5,938.5,18.7,62.9,6.7,98.6,92.9,123.9,66.5,2.83
Potato,Uttar Pradesh,Zaid,4.01,522.3,24.1,65.6,7.32,171.8,28.6,113.6,93.2,24.58
Wheat,Karnataka,Zaid,5.92,783.4,28.4,78.4,7.18,145.6,,168.6,114.3,4.09
Pulses,Madhya Pradesh,Kharif,6.18,669.2,21.8,79.5,7.59,103.3,39.6,146.0,53.6,1.7
Wheat,Madhya Pradesh,Zaid,9.43,994.9,26.8,65.8,6.03,184.7,25.5,116.3,88.2,4.02
Wheat,Andhra Pradesh,Rabi,1.23,465.6,29.9,48.2,6.52,90.6,71.1,159.9,51.7,4.12
Rice,Tamil Nadu,Kharif,1.92,878.5,21.3,57.3,6.7,129.8,34.0,111.5,197.3,4.74
Wheat,Gujarat,Zaid,8.5,635.4,25.8,94.4,7.58,168.7,76.6,74.3,180.7,3.83
Cotton,Karnataka,Rabi,4.28,427.5,30.7,69.4,5.51,111.6,,108.2,109.8,2.38
Wheat,Tamil Nadu,Kharif,9.95,1061.1,27.5,62.5,7.49,68.8,50.8,107.2,195.3,4.47
Groundnut,Punjab,Rabi,4.74,723.2,28.9,76.5,6.38,123.5,40.7,100.5,179.3,3.05
Groundnut,Karnataka,Rabi,5.15,1319.1,20.6,66.5,6.31,112.1,45.7,98.1,151.7,2.66
Wheat,Uttar Pradesh,Zaid,3.96,570.4,28.4,77.4,7.12,176.7,68.3,119.6,182.4,3.86
Sugarcane,Madhya Pradesh,Rabi,1.03,826.8,21.6,33.0,6.71,200.6,63.6,51.7,173.8,94.47
Wheat,Punjab,Kharif,1.11,956.7,26.7,94.7,6.75,60.8,60.5,53.9,202.2,4.6
Wheat,Maharashtra,Zaid,9.27,1204.3,35.6,80.5,6.09,121.8,63.9,95.2,102.7,4.32
Maize,West Bengal,Zaid,1.55,1060.5,28.9,46.9,6.82,166.0,70.7,133.1,199.4,5.48
Potato,Punjab,Zaid,4.23,715.8,26.3,73.7,6.62,137.8,37.2,118.5,80.5,26.44
Cotton,Maharashtra,Rabi,2.71,707.4,26.7,69.9,6.04,128.1,38.7,148.8,199.2,2.52
Groundnut,Punjab,Kharif,2.1,948.5,32.8,33.6,6.26,207.5,73.4,30.0,130.9,3.06
Rice,Gujarat,Rabi,5.67,1102.6,17.4,66.9,6.92,106.8,66.7,103.7,174.8,4.67
Maize,Karnataka,Zaid,1.66,963.8,23.6,68.6,5.74,96.5,57.4,118.7,82.7,4.0
Sugarcane,Andhra Pradesh,Rabi,3.97,759.3,27.4,,7.05,91.9,42.5,98.1,166.8,108.98
Wheat,Haryana,Kharif,6.45,1218.7,21.3,83.8,6.17,175.5,49.6,128.1,142.5,4.6
Cotton,West Bengal,Zaid,2.04,589.4,28.4,82.4,6.16,134.8,65.9,138.7,198.0,2.17
Pulses,Haryana,Zaid,2.41,745.9,25.9,71.6,6.78,150.9,18.4,49.9,191.8,1.69
Groundnut,Tamil Nadu,Zaid,3.72,956.4,25.5,63.1,6.84,120.1,65.2,88.2,107.9,2.8
Wheat,Maharashtra,Rabi,7.14,1144.7,15.0,79.5,6.49,123.3,41.0,105.7,139.5,3.91
Sugarcane,West Bengal,Rabi,6.96,1051.7,21.9,84.7,6.59,82.9,67.4,136.6,143.5,96.83
Cotton,Haryana,Kharif,9.62,1134.7,18.7,51.1,6.59,156.1,66.9,106.7,91.9,2.99
Rice,Karnataka,Kharif,7.74,964.1,27.3,64.8,6.56,119.6,40.7,89.3,142.1,4.52
Wheat,Andhra Pradesh,Kharif,8.8,654.3,30.0,66.1,6.23,124.0,67.9,97.7,142.3,4.28
Wheat,West Bengal,Zaid,5.78,1050.3,15.0,67.1,7.8,79.0,85.7,30.0,55.2,3.58
Sugarcane,Tamil Nadu,Zaid,5.8,370.1,31.1,64.8,7.7,149.2,44.4,112.9,156.4,
Groundnut,Tamil Nadu,Rabi,3.73,519.0,24.9,,6.05,113.4,63.3,99.2,,2.96
Pulses,Maharashtra,Kharif,6.09,846.6,17.2,62.1,6.17,129.7,60.5,30.0,136.4,1.75
Wheat,Madhya Pradesh,Rabi,5.37,660.5,28.3,67.7,6.24,137.4,75.0,122.2,216.3,4.25
Pulses,Maharashtra,Zaid,2.87,827.8,29.8,75.2,6.72,99.1,35.8,114.1,110.5,1.49
Potato,Punjab,Zaid,3.24,382.1,25.3,80.1,7.65,203.1,64.8,89.7,186.2,25.85
Pulses,Gujarat,Rabi,6.89,973.6,26.6,63.0,6.49,125.7,51.7,62.9,140.6,1.75
Rice,West Bengal,Zaid,5.4,250.0,30.2,53.1,7.2,130.1,56.4,89.4,296.5,3.99
Rice,Tamil Nadu,Kharif,1.7,413.9,24.7,66.0,7.05,109.8,59.0,107.8,165.4,4.44
Groundnut,Andhra Pradesh,Zaid,1.89,327.9,21.7,57.6,6.64,73.1,76.7,49.5,214.5,2.47
Rice,Tamil Nadu,Kharif,1.81,290.3,35.3,61.1,6.26,145.7,82.5,132.3,187.2,4.51
Sugarcane,Haryana,Kharif,7.6,744.9,24.1,57.8,7.39,178.3,42.7,161.1,128.9,112.38
Maize,Andhra Pradesh,Kharif,4.28,332.4,23.9,72.4,6.07,165.5,72.9,119.0,161.3,5.39
Groundnut,Tamil Nadu,Zaid,4.87,888.2,23.9,59.8,7.59,139.7,41.4,89.7,229.7,2.83
Pulses,Karnataka,Zaid,6.16,834.1,31.6,92.1,6.06,62.4,45.8,152.3,168.8,1.55
Groundnut,Punjab,Rabi,1.2,969.3,25.3,80.8,5.87,91.6,73.1,30.0,40.6,2.77
Pulses,Madhya Pradesh,Rabi,4.49,927.5,22.9,74.7,6.14,133.2,52.9,135.9,178.0,1.83
Groundnut,Karnataka,Kharif,5.12,1268.5,21.3,73.4,7.43,185.2,76.9,89.1,166.4,2.96
Cotton,West Bengal,Kharif,3.01,885.0,31.0,73.8,7.29,123.0,69.7,72.7,51.4,2.56
Groundnut,Gujarat,Kharif,2.18,1110.6,25.5,52.5,6.83,61.9,31.4,72.8,75.5,2.9
Maize,Maharashtra,Zaid,4.16,1305.5,33.6,83.1,6.68,138.6,66.9,111.5,183.8,4.38
Potato,Uttar Pradesh,Zaid,0.74,787.5,29.9,71.6,5.92,170.1,42.6,115.9,106.6,24.16
Potato,Andhra Pradesh,Kharif,4.62,622.2,32.5,51.4,6.48,204.6,97.9,57.7,172.3,24.84
Potato,Gujarat,Rabi,4.75,848.7,33.8,60.7,7.84,79.9,30.6,132.6,164.4,26.11
Pulses,Maharashtra,Zaid,4.6,1365.4,29.5,57.6,6.7,139.0,23.6,130.1,82.4,1.6
Sugarcane,West Bengal,Kharif,6.62,933.2,35.5,57.2,7.19,72.8,22.6,112.6,136.0,91.59
Maize,Tamil Nadu,Kharif,4.37,802.3,35.1,58.4,6.29,126.8,61.5,67.7,50.4,5.16
Potato,Punjab,Zaid,1.04,1099.9,34.4,69.7,6.96,199.2,61.2,117.8,160.2,27.75
Groundnut,Uttar Pradesh,Kharif,5.89,480.7,29.5,60.6,5.03,63.2,38.0,103.9,170.0,2.69
Potato,Maharashtra,Kharif,1.71,583.0,29.7,,6.15,70.8,56.0,64.0,95.7,22.99
Maize,Tamil Nadu,Rabi,3.09,869.0,24.9,69.9,6.42,100.2,54.3,184.1,167.1,5.16
Pulses,Karnataka,Rabi,2.35,1097.0,24.8,82.4,6.38,157.0,39.3,110.2,178.8,1.86
Wheat,Andhra Pradesh,Zaid,3.27,877.4,26.3,49.8,6.42,193.2,15.0,111.7,120.5,3.98
Potato,Haryana,Zaid,2.66,693.5,29.8,69.8,6.46,119.7,78.7,175.7,168.2,24.37
Groundnut,Gujarat,Zaid,3.25,644.7,22.4,90.3,6.58,83.1,91.7,121.8,167.7,3.08
Potato,Punjab,Rabi,1.68,1098.0,27.5,52.0,6.42,131.9,108.7,109.2,94.7,27.02
Sugarcane,Madhya Pradesh,Zaid,4.76,947.1,33.2,73.5,8.0,107.6,30.5,94.3,158.1,92.5
Rice,Maharashtra,Rabi,3.98,1065.0,22.4,81.2,7.21,98.2,49.6,79.7,125.5,4.4
Rice,Andhra Pradesh,Rabi,4.82,756.2,39.8,72.8,8.13,99.8,57.4,52.3,140.5,4.4
Groundnut,Tamil Nadu,Kharif,2.96,881.3,34.4,63.3,6.55,130.0,36.2,124.6,131.6,2.96
Groundnut,Andhra Pradesh,Zaid,1.57,711.1,31.4,70.3,7.01,104.3,22.2,102.4,172.9,2.58
Wheat,Uttar Pradesh,Rabi,8.08,,33.1,63.1,6.37,75.3,48.1,87.8,102.1,4.27
Cotton,West Bengal,Zaid,7.55,795.9,31.5,48.8,6.58,134.5,24.6,62.1,147.7,2.21
Potato,Punjab,Zaid,4.11,504.5,30.3,64.2,7.01,40.0,55.8,115.0,114.3,24.8
Maize,Madhya Pradesh,Kharif,5.7,642.1,26.1,59.2,7.45,163.2,47.4,92.6,36.2,4.51
Maize,Karnataka,Zaid,4.01,1198.9,27.9,66.2,6.49,117.5,75.3,83.0,121.9,4.85
Wheat,West Bengal,Rabi,6.05,1084.1,21.5,86.5,6.26,127.9,47.1,84.2,198.2,4.36
Maize,Haryana,Kharif,1.72,386.2,29.8,67.3,5.86,118.2,97.4,108.4,149.9,5.61
Cotton,Punjab,Kharif,8.43,992.2,24.7,73.6,6.42,182.8,58.8,155.9,193.4,3.3
Potato,Tamil Nadu,Zaid,3.12,856.3,36.2,,6.37,93.7,65.9,114.0,57.8,24.02
Rice,Haryana,Zaid,1.61,250.0,33.3,66.2,6.32,122.9,28.2,120.4,114.2,4.37
Potato,Punjab,Zaid,2.55,1478.6,36.4,53.7,6.01,143.4,56.8,30.0,193.1,26.11
Cotton,Tamil Nadu,Rabi,4.18,994.9,26.0,59.1,5.39,132.1,21.8,94.3,157.6,2.81
Cotton,Uttar Pradesh,Kharif,3.75,660.7,29.8,83.1,7.95,130.4,25.9,116.2,57.3,2.63
Groundnut,Haryana,Rabi,5.91,1020.8,33.3,63.4,6.71,131.6,44.1,79.0,133.9,3.0
Potato,Maharashtra,Zaid,4.71,834.0,20.5,35.3,5.92,106.8,59.9,30.0,119.6,23.97
Maize,Punjab,Kharif,2.03,976.4,32.8,70.7,6.44,167.1,85.2,95.0,92.8,5.62
Sugarcane,Gujarat,Zaid,4.26,1076.8,31.0,59.7,7.25,,80.9,57.7,183.5,84.02
Groundnut,Karnataka,Rabi,5.77,688.9,18.6,67.5,7.2,141.9,91.2,113.9,183.6,2.89
Wheat,Andhra Pradesh,Kharif,9.52,813.4,31.0,57.8,7.67,71.2,54.9,99.7,98.8,4.13
Sugarcane,Maharashtra,Kharif,1.7,651.4,27.5,64.0,5.91,119.2,67.6,103.7,141.1,87.21
Wheat,Andhra Pradesh,Kharif,2.28,718.1,31.7,42.1,7.9,123.8,61.8,108.3,244.2,4.47
Rice,Punjab,Rabi,5.65,736.8,26.9,67.0,7.91,146.6,56.4,135.4,112.0,5.11
Rice,Uttar Pradesh,Rabi,7.62,758.3,25.4,88.5,6.58,96.2,43.7,86.1,297.1,4.96
Maize,Uttar Pradesh,Zaid,3.65,488.4,33.5,91.7,5.65,78.5,56.5,99.7,190.0,4.44
Cotton,Madhya Pradesh,Kharif,11.29,953.9,25.0,65.0,6.0,78.7,61.6,114.3,142.3,2.87
Cotton,Gujarat,Rabi,4.1,982.4,17.8,66.3,6.54,103.7,78.5,119.5,131.7,2.64
Cotton,Gujarat,Kharif,5.31,694.4,36.1,69.3,6.77,124.5,35.4,111.6,117.1,2.58
Sugarcane,Uttar Pradesh,Rabi,8.2,468.8,32.0,66.2,6.74,109.5,66.1,163.3,141.6,94.08
Rice,West Bengal,Zaid,6.09,932.3,22.1,85.4,6.12,233.6,43.3,122.6,69.5,4.47
Sugarcane,Punjab,Kharif,4.81,873.2,27.8,46.9,8.2,135.7,58.9,126.0,188.8,100.95
Rice,Gujarat,Zaid,4.89,559.5,26.0,61.5,6.71,131.7,35.0,104.5,63.1,4.09
Maize,Gujarat,Zaid,1.67,687.3,25.4,61.3,6.89,198.0,15.0,71.9,70.3,4.5
Groundnut,Gujarat,Zaid,4.11,636.8,29.6,76.4,6.21,50.0,46.5,63.6,249.4,2.46
Pulses,Gujarat,Kharif,6.22,1318.7,25.7,65.1,7.3,105.1,54.9,162.4,103.6,1.74
Cotton,Uttar Pradesh,Rabi,8.21,676.9,28.5,85.7,5.65,60.4,48.9,78.1,251.1,2.61
Wheat,Karnataka,Rabi,6.57,980.8,21.2,65.2,8.06,40.0,100.7,133.7,250.7,4.3
Maize,Madhya Pradesh,Zaid,4.45,791.1,21.8,51.5,6.42,127.4,79.5,61.2,149.1,4.57
Pulses,Madhya Pradesh,Rabi,1.43,329.9,28.3,83.6,6.1,184.8,19.9,121.5,72.9,1.56
Wheat,Uttar Pradesh,Rabi,1.03,996.2,30.3,59.4,6.8,123.6,80.2,77.3,206.4,4.35
Pulses,Tamil Nadu,Zaid,4.2,1005.5,19.0,62.2,6.3,110.3,15.0,218.5,113.2,1.6
Cotton,Punjab,Kharif,4.58,916.5,21.0,80.4,6.22,119.6,71.9,130.5,116.0,2.82
Potato,Haryana,Rabi,1.13,1034.6,27.4,82.9,7.41,72.6,76.5,89.6,126.6,
Potato,Punjab,Rabi,4.89,1277.5,26.0,76.0,6.62,162.7,40.7,74.4,124.4,27.57
Cotton,West Bengal,Kharif,8.37,970.6,21.6,80.6,7.6,112.8,66.6,110.6,171.0,2.73
Maize,Punjab,Zaid,5.69,735.7,36.2,59.1,6.41,161.0,76.2,151.8,247.9,5.11
Potato,Tamil Nadu,Rabi,1.33,820.9,16.3,88.1,6.34,159.4,49.7,118.4,200.7,26.53
Wheat,Tamil Nadu,Kharif,7.4,988.4,31.2,71.4,7.23,114.8,62.7,129.4,179.4,4.3
Groundnut,West Bengal,Zaid,5.42,612.8,30.9,77.2,6.87,153.5,45.5,83.6,108.0,2.71
Cotton,West Bengal,Zaid,9.86,1443.5,,93.4,7.19,67.1,45.0,115.0,,2.48
Sugarcane,Maharashtra,Zaid,1.35,1137.2,26.7,62.1,6.22,123.2,67.6,132.0,222.2,91.76
Maize,Gujarat,Zaid,5.36,256.8,29.7,95.0,5.72,160.4,100.6,88.5,182.3,4.25
Potato,Uttar Pradesh,Rabi,0.83,872.3,23.5,79.0,7.57,116.1,59.9,100.8,140.9,29.57
Potato,Haryana,Rabi,0.89,847.7,23.3,56.4,5.8,144.3,45.7,116.2,156.3,27.81
Wheat,West Bengal,Kharif,6.85,518.0,21.4,67.4,6.55,140.7,73.4,101.2,,4.08
Sugarcane,Maharashtra,Rabi,1.66,572.0,40.0,59.8,6.76,92.3,26.9,104.5,216.3,85.64
Wheat,Andhra Pradesh,Kharif,9.73,1142.2,26.4,80.1,6.27,,54.6,94.7,119.3,4.58
Groundnut,West Bengal,Rabi,2.48,779.1,28.4,73.1,7.52,101.5,82.3,30.0,115.6,2.75
Maize,Maharashtra,Rabi,4.54,627.2,28.6,79.8,5.35,133.6,42.0,46.4,131.6,4.71
Pulses,West Bengal,Zaid,3.33,395.4,21.4,64.7,5.93,166.0,72.3,30.5,191.4,1.62
Pulses,Tamil Nadu,Rabi,5.04,1281.7,21.4,63.9,7.65,141.0,66.7,59.7,108.6,1.46
Maize,Uttar Pradesh,Rabi,2.78,1562.0,26.9,69.6,7.42,163.7,75.9,119.2,151.8,4.85
Sugarcane,Karnataka,Zaid,6.77,1315.7,32.7,60.8,6.24,134.7,86.2,48.2,252.1,88.15
Sugarcane,Haryana,Rabi,4.79,1014.5,23.8,53.5,5.71,110.9,37.5,103.7,210.7,109.2
Pulses,West Bengal,Kharif,3.29,894.4,26.5,52.4,6.41,146.3,77.6,99.3,111.3,1.71
Groundnut,Andhra Pradesh,Zaid,4.85,905.9,29.0,74.6,7.11,163.0,20.6,68.9,129.7,2.44
Maize,Karnataka,Zaid,4.32,1074.3,21.3,58.0,7.17,71.3,48.8,178.9,143.4,4.88
Rice,Uttar Pradesh,Kharif,6.91,746.1,29.7,55.2,,160.5,49.0,149.9,124.3,5.21
Wheat,Tamil Nadu,Zaid,4.6,534.7,26.3,65.1,6.3,103.1,65.7,116.5,283.9,3.96
Rice,West Bengal,Zaid,4.65,696.4,34.3,71.9,,103.3,41.9,71.5,150.2,3.88
Pulses,Andhra Pradesh,Zaid,3.25,1076.5,18.0,67.3,7.21,75.0,,105.5,143.0,1.55
Wheat,West Bengal,Zaid,7.96,995.6,29.0,84.3,6.32,158.5,52.6,129.7,119.6,4.13
Groundnut,Haryana,Rabi,5.65,1381.8,26.7,94.4,7.0,57.0,91.4,30.1,53.8,2.74
Sugarcane,Karnataka,Zaid,3.38,1069.6,30.3,73.3,6.87,150.1,35.7,62.5,197.9,91.5
Groundnut,Karnataka,Rabi,4.47,960.2,38.4,77.7,6.06,192.6,58.5,76.2,121.0,2.77
Cotton,Punjab,Rabi,8.23,541.1,27.5,70.1,6.53,145.5,79.0,115.9,67.9,2.69
Sugarcane,Andhra Pradesh,Zaid,6.93,911.9,30.3,85.4,7.42,107.5,82.3,115.7,201.4,83.45
Maize,Madhya Pradesh,Rabi,1.02,917.3,21.8,69.7,7.18,97.5,59.9,147.8,20.0,4.43
Cotton,Madhya Pradesh,Kharif,6.13,1136.9,26.2,76.9,6.16,151.1,46.7,132.4,232.6,2.32
Groundnut,Karnataka,Kharif,1.37,527.6,,60.4,7.81,91.2,49.6,116.8,169.3,2.61
Sugarcane,Tamil Nadu,Kharif,8.84,504.0,28.9,60.6,7.34,115.5,36.8,133.8,196.9,108.48
Pulses,Maharashtra,Rabi,4.82,817.6,27.0,77.4,6.4,45.1,62.7,185.3,188.8,1.78
Sugarcane,Punjab,Kharif,8.29,1533.7,28.4,65.9,6.02,105.0,45.9,99.0,82.4,99.39
Groundnut,Maharashtra,Kharif,3.62,909.0,26.7,72.0,7.33,104.7,80.9,94.1,150.4,3.12
Rice,Uttar Pradesh,Kharif,7.63,964.5,15.0,66.0,6.98,78.1,67.4,61.9,198.2,4.66
Sugarcane,Gujarat,Kharif,1.01,1166.3,22.3,74.0,7.32,157.1,56.6,133.3,78.7,92.28
Sugarcane,Tamil Nadu,Zaid,2.97,464.2,21.0,35.4,7.48,45.3,48.2,53.6,149.3,79.3
Pulses,West Bengal,Rabi,2.46,742.8,15.5,60.5,6.65,109.3,71.1,154.4,250.8,1.75
Rice,Karnataka,Rabi,4.92,765.4,16.0,60.6,5.76,121.0,59.1,58.6,136.8,4.31
Wheat,Tamil Nadu,Zaid,9.48,961.9,24.6,73.2,6.77,159.6,62.7,117.5,99.7,3.83
Pulses,Gujarat,Kharif,5.56,844.8,39.4,68.8,8.2,115.3,50.5,63.6,200.1,1.68
Sugarcane,Tamil Nadu,Rabi,5.74,886.0,31.3,50.2,7.01,144.6,60.3,140.1,149.6,100.68
Maize,Maharashtra,Kharif,1.95,250.0,20.7,61.7,6.36,40.0,53.5,86.0,123.0,4.86
Sugarcane,Maharashtra,Rabi,4.67,573.2,30.9,59.7,5.23,166.4,41.6,134.5,100.7,92.28
Potato,West Bengal,Zaid,2.01,770.9,27.4,70.9,7.13,114.9,70.1,121.8,84.2,25.99
Maize,Gujarat,Kharif,4.09,1037.8,33.3,92.4,6.68,78.1,65.8,112.6,55.1,5.5
Rice,Punjab,Zaid,3.45,628.8,28.5,65.9,6.42,140.2,19.9,118.8,80.6,4.85
Cotton,Maharashtra,Zaid,11.21,1059.0,27.7,80.8,5.93,104.6,52.2,142.6,81.9,2.33
Cotton,Gujarat,Rabi,8.25,1321.0,35.0,65.1,6.33,153.4,17.2,109.2,74.8,2.17
Groundnut,Gujarat,Zaid,3.83,643.9,21.7,75.8,6.41,100.3,54.6,161.7,106.0,2.46
Groundnut,Karnataka,Zaid,2.39,664.6,37.5,73.0,7.37,127.8,60.9,116.7,146.2,2.49
Groundnut,Tamil Nadu,Zaid,5.7,615.0,33.5,58.9,7.14,131.9,46.6,167.2,165.3,2.49
Sugarcane,Haryana,Zaid,1.78,1041.1,28.1,65.9,7.47,156.9,61.7,74.7,260.1,98.17
Sugarcane,Tamil Nadu,Kharif,4.17,1261.5,22.7,68.6,6.73,103.1,38.6,81.8,140.6,100.07
Sugarcane,Maharashtra,Rabi,1.09,250.0,30.6,52.1,6.7,159.7,65.2,152.1,176.1,91.52
Potato,Karnataka,Rabi,3.12,408.2,31.6,63.2,6.68,172.1,54.6,50.2,143.6,26.3
Maize,West Bengal,Rabi,3.13,1111.4,34.1,78.5,5.35,58.7,58.7,116.3,222.1,5.0
Maize,Uttar Pradesh,Rabi,2.2,950.5,28.2,62.8,5.69,81.7,49.6,70.9,151.0,5.66
Maize,Haryana,Kharif,4.54,1632.1,28.7,62.3,6.59,55.3,63.1,103.1,74.0,5.45
Cotton,West Bengal,Rabi,3.02,1252.5,30.1,73.2,5.77,203.1,35.5,89.7,95.6,2.42
Wheat,Andhra Pradesh,Zaid,8.13,686.9,33.1,60.9,6.05,175.5,47.8,149.3,111.1,3.51
Sugarcane,Madhya Pradesh,Rabi,8.34,713.2,24.2,64.3,6.93,61.7,26.8,153.0,133.6,95.4
Pulses,Andhra Pradesh,Zaid,2.91,663.6,16.4,73.0,5.52,97.1,62.6,122.7,127.1,1.59
Groundnut,Andhra Pradesh,Rabi,4.23,576.4,28.0,78.9,5.96,121.7,65.7,131.1,143.9,2.94
Rice,Karnataka,Kharif,2.27,936.5,19.8,53.4,8.02,126.8,55.7,162.2,125.7,4.66
Sugarcane,Andhra Pradesh,Rabi,1.8,895.3,22.1,68.0,6.23,132.5,67.6,115.4,,101.48
Potato,Maharashtra,Zaid,1.21,851.1,21.4,78.3,6.89,117.1,51.2,69.7,119.1,23.15
Sugarcane,Andhra Pradesh,Rabi,3.43,250.0,25.0,55.6,6.6,102.0,85.7,126.0,96.8,93.1
Sugarcane,Maharashtra,Kharif,6.12,1342.1,22.9,67.6,6.73,115.7,56.3,,206.2,89.26
Rice,Tamil Nadu,Rabi,3.45,,29.6,65.7,4.81,137.0,65.3,83.0,98.0,4.79
Maize,Gujarat,Kharif,3.25,636.2,24.3,57.4,6.88,205.9,60.0,151.2,201.7,5.68
Rice,Uttar Pradesh,Zaid,5.08,407.5,28.7,71.8,6.15,151.0,83.6,103.3,177.4,4.14
Pulses,Tamil Nadu,Zaid,3.92,909.1,20.3,74.2,6.42,67.5,54.8,101.7,132.6,1.63
Maize,Gujarat,Rabi,1.92,1356.9,29.1,56.4,5.71,131.9,,110.7,,4.74
Maize,Andhra Pradesh,Zaid,4.86,716.8,27.0,58.0,7.18,90.6,54.5,60.6,232.4,4.73
Wheat,Karnataka,Rabi,7.42,1198.0,24.2,53.9,6.9,98.9,33.9,125.5,158.3,4.21
Potato,Karnataka,Rabi,1.91,1282.4,27.1,77.7,6.52,40.0,15.0,45.3,82.8,25.57
Sugarcane,Gujarat,Kharif,2.64,770.7,20.3,71.7,5.79,136.4,26.7,137.2,111.9,103.34
Maize,Haryana,Rabi,1.33,1230.3,35.4,57.4,7.01,84.1,40.5,162.5,,4.92
Groundnut,Karnataka,Zaid,4.77,898.3,27.4,59.3,6.37,120.9,99.4,75.5,221.4,2.63
Sugarcane,Andhra Pradesh,Rabi,2.22,450.1,21.5,54.3,7.04,142.4,54.1,83.6,78.0,76.64
Sugarcane,Madhya Pradesh,Kharif,2.16,613.5,25.0,84.1,7.14,124.5,58.1,153.3,150.5,100.13
Pulses,Uttar Pradesh,Zaid,3.66,1465.9,17.3,54.4,7.42,73.0,91.2,125.0,207.0,1.65
Cotton,Maharashtra,Kharif,10.9,940.0,26.0,52.0,6.8,167.5,58.9,127.7,98.8,2.77
Rice,Uttar Pradesh,Kharif,5.07,369.1,31.8,37.6,7.98,166.7,38.9,87.4,,4.5
Cotton,Uttar Pradesh,Rabi,9.95,828.8,24.6,87.6,6.14,145.9,43.1,64.8,194.8,2.66
Sugarcane,Madhya Pradesh,Kharif,3.04,555.0,35.3,56.9,6.87,95.0,44.4,74.8,132.7,97.52
Wheat,Tamil Nadu,Kharif,8.09,1005.2,29.4,84.8,7.13,59.5,24.1,127.0,223.4,4.46
Sugarcane,Haryana,Kharif,5.08,644.5,29.6,54.3,6.46,77.0,73.1,148.6,68.9,98.6
Wheat,Karnataka,Kharif,4.5,1080.1,19.3,81.1,6.71,189.9,68.2,60.3,145.3,3.85
Wheat,Maharashtra,Kharif,6.57,1188.3,27.9,50.9,6.29,120.7,58.3,86.1,76.5,4.32
Maize,Haryana,Zaid,2.28,769.0,24.5,59.9,7.88,97.7,49.9,161.8,236.7,4.81
Potato,Punjab,Zaid,3.76,1275.1,38.9,62.0,6.71,174.9,34.2,111.6,197.3,27.9
Pulses,West Bengal,Kharif,5.88,619.8,29.8,62.9,6.91,159.6,119.5,156.8,32.7,1.93
Sugarcane,Uttar Pradesh,Kharif,7.07,455.6,34.4,87.2,5.48,140.7,47.6,96.7,154.2,94.3
Maize,West Bengal,Kharif,4.46,736.7,27.6,50.2,6.37,117.4,55.1,167.5,259.7,5.88
Potato,West Bengal,Zaid,4.11,677.4,26.5,52.6,6.15,128.6,29.9,145.8,116.0,26.69
Cotton,Haryana,Zaid,11.3,848.9,31.0,94.0,8.2,75.1,70.9,123.8,115.4,2.31
Potato,Punjab,Zaid,1.87,432.1,30.3,45.9,7.01,179.3,38.5,79.5,134.1,26.46
Potato,Madhya Pradesh,Zaid,4.96,617.8,39.1,75.7,5.77,145.3,28.7,121.9,123.3,21.53
Pulses,Karnataka,Kharif,4.32,1247.2,25.3,77.1,,98.9,87.2,110.6,216.9,1.78
Potato,Andhra Pradesh,Rabi,0.77,1554.8,21.9,,6.99,141.9,56.2,73.9,119.9,23.16
Sugarcane,Haryana,Rabi,2.64,1189.9,25.4,74.0,6.13,98.9,61.1,109.8,249.8,110.89
Groundnut,Punjab,Kharif,2.89,1181.0,29.1,76.3,7.36,110.5,91.3,108.5,168.0,3.32
Cotton,Uttar Pradesh,Zaid,6.26,399.4,37.4,45.6,5.77,124.3,55.9,102.4,157.9,2.42
Cotton,West Bengal,Kharif,6.49,1195.4,18.0,64.3,6.94,167.9,63.9,60.3,228.0,2.62
Pulses,Uttar Pradesh,Zaid,6.0,771.4,26.6,49.3,5.74,85.7,42.2,134.3,120.9,1.66
Pulses,Punjab,Kharif,5.97,880.0,36.6,86.5,7.3,171.7,55.1,106.9,231.0,2.02
Groundnut,West Bengal,Zaid,4.57,907.6,27.2,59.0,6.55,110.3,77.7,,156.6,2.7
Groundnut,Punjab,Rabi,5.31,350.1,23.3,71.4,7.23,132.3,22.5,30.0,201.2,3.07
Pulses,Madhya Pradesh,Rabi,5.87,1079.2,23.4,53.3,7.22,137.0,47.5,172.6,162.7,1.68
Cotton,Gujarat,Zaid,10.04,1090.4,27.2,74.1,5.98,101.5,60.6,77.0,173.1,2.35
Wheat,Gujarat,Zaid,1.11,839.7,26.0,64.3,6.08,113.2,28.5,,42.4,3.97
Wheat,Tamil Nadu,Rabi,8.43,250.0,23.5,55.4,7.06,188.7,32.3,53.1,86.6,4.28
Cotton,Punjab,Zaid,6.34,1021.0,21.4,81.6,5.74,125.3,80.1,102.9,97.3,2.49
Sugarcane,Karnataka,Rabi,1.07,1104.0,28.9,78.4,6.5,103.4,98.4,83.0,78.7,97.03
Wheat,Madhya Pradesh,Zaid,9.4,706.6,32.9,45.5,5.1,170.4,72.4,157.9,231.4,3.95
Wheat,West Bengal,Kharif,5.31,961.5,33.5,83.5,7.37,128.5,47.9,112.5,202.9,4.51
Maize,Uttar Pradesh,Kharif,6.44,835.3,32.2,86.1,8.2,134.1,54.7,79.4,191.4,5.0
Wheat,Andhra Pradesh,Rabi,2.08,859.5,24.9,72.4,6.83,132.3,57.4,93.4,164.8,4.34
Pulses,Maharashtra,Kharif,4.45,620.7,24.5,45.9,7.71,146.9,86.9,91.5,106.0,1.64
Potato,Karnataka,Rabi,2.88,1078.3,21.7,66.5,7.31,165.4,26.7,82.9,153.6,24.7
Cotton,Gujarat,Rabi,9.07,905.5,19.1,45.9,7.36,143.5,62.5,181.5,238.3,2.72
Wheat,Tamil Nadu,Rabi,4.32,487.1,38.6,71.4,6.12,165.0,49.4,98.9,123.3,4.26
Pulses,Punjab,Rabi,6.62,1235.7,19.4,78.2,7.12,75.8,32.7,117.4,99.3,1.94
Groundnut,Uttar Pradesh,Kharif,5.03,1241.4,20.1,66.8,,57.4,69.4,137.7,31.8,2.73
Pulses,Punjab,Kharif,3.56,375.1,37.5,48.9,6.25,142.4,35.1,77.8,199.7,1.94
Groundnut,Uttar Pradesh,Kharif,2.78,1289.7,31.6,58.2,7.02,77.5,71.0,92.2,97.6,2.86
Rice,Madhya Pradesh,Kharif,5.86,525.3,26.1,69.6,6.25,79.4,50.4,56.6,145.8,4.09
Sugarcane,Uttar Pradesh,Zaid,2.33,970.6,24.6,47.2,7.23,72.0,42.0,171.2,183.8,94.46
Maize,Gujarat,Zaid,3.1,975.3,31.6,58.9,6.62,,60.2,90.2,121.6,4.69
Wheat,Karnataka,Kharif,3.55,250.0,23.4,89.1,6.8,115.7,19.9,101.4,210.5,4.22
Rice,Karnataka,Zaid,3.01,1183.6,21.0,69.9,5.88,187.8,55.2,81.4,265.2,4.21
Rice,Gujarat,Kharif,6.8,685.8,35.5,69.7,6.25,62.6,52.8,87.7,122.1,4.38
Groundnut,Madhya Pradesh,Zaid,4.4,721.2,,58.0,6.88,154.2,44.1,112.7,186.7,2.34
Groundnut,Madhya Pradesh,Rabi,3.13,502.5,25.1,75.0,6.26,129.7,66.0,84.8,45.9,2.84
Sugarcane,Haryana,Rabi,1.65,804.7,21.0,73.0,6.11,140.7,33.1,94.4,92.1,101.29
Sugarcane,Karnataka,Rabi,8.28,1049.5,25.2,62.4,6.35,,30.5,132.8,109.6,82.72
Potato,Andhra Pradesh,Rabi,3.09,1180.2,26.3,81.2,7.97,208.5,63.0,50.1,241.8,28.37
Maize,Gujarat,Kharif,6.47,916.0,25.0,67.6,7.92,204.6,17.5,30.0,166.1,5.28
Pulses,Haryana,Rabi,2.6,1010.3,28.3,52.9,6.32,115.3,74.3,95.8,122.0,1.8
Pulses,Andhra Pradesh,Zaid,1.82,1035.1,26.4,81.6,6.82,120.2,71.1,146.4,53.2,1.6
Sugarcane,Gujarat,Kharif,5.06,1322.0,21.6,68.5,6.15,41.8,57.1,95.9,171.0,94.98
Rice,Karnataka,Zaid,2.77,1045.4,29.8,61.9,7.64,84.5,37.5,80.0,79.2,4.08
Potato,Punjab,Zaid,4.57,1565.6,27.8,36.0,8.2,112.4,45.2,109.8,161.9,24.47
Groundnut,Karnataka,Zaid,1.41,977.5,20.6,92.3,6.83,72.4,30.1,101.2,89.7,2.46
Potato,West Bengal,Zaid,3.05,427.7,23.8,76.0,7.56,89.9,42.8,105.1,114.8,24.15
Potato,Karnataka,Rabi,3.31,958.6,21.6,92.8,7.23,167.7,69.5,182.7,145.4,27.19
Sugarcane,West Bengal,Kharif,4.24,1531.7,30.4,66.8,5.33,122.8,16.8,127.1,254.9,102.41
Wheat,Andhra Pradesh,Zaid,3.93,1420.3,23.8,59.6,5.68,136.6,42.7,162.0,155.6,3.85
Wheat,Karnataka,Rabi,3.0,706.3,27.2,69.3,6.35,134.6,67.7,58.5,105.7,4.39
Sugarcane,Maharashtra,Rabi,3.9,513.4,21.9,77.0,7.41,102.2,35.3,66.4,152.0,80.87
Groundnut,West Bengal,Kharif,5.18,1621.3,29.3,80.0,,103.0,77.2,72.2,192.6,2.84
Sugarcane,West Bengal,Kharif,7.35,1137.2,22.3,66.0,7.04,155.3,42.0,151.4,107.7,101.2
Maize,Tamil Nadu,Rabi,2.97,850.7,26.9,46.4,7.23,118.4,74.5,120.6,136.5,5.45
Sugarcane,Karnataka,Rabi,3.32,837.1,24.2,63.8,6.04,110.1,50.3,85.9,182.6,102.99
Cotton,Madhya Pradesh,Kharif,6.13,541.0,25.5,49.2,6.83,75.2,31.9,110.8,191.6,2.52
Pulses,Uttar Pradesh,Kharif,1.33,843.5,24.4,64.0,6.02,154.2,56.9,63.9,187.9,1.91
Sugarcane,Punjab,Kharif,7.39,534.0,25.8,51.4,6.46,104.0,67.1,105.3,115.4,105.67
Potato,Madhya Pradesh,Kharif,4.71,619.0,28.9,95.0,6.38,116.9,63.0,149.2,87.9,26.47
Pulses,Maharashtra,Rabi,6.98,1105.3,25.4,59.2,6.28,81.0,15.0,85.0,85.0,1.68
Sugarcane,Maharashtra,Rabi,7.34,673.0,25.5,64.6,6.19,108.0,68.2,95.8,,93.74
Wheat,Andhra Pradesh,Rabi,1.24,946.8,22.1,89.9,6.94,165.0,97.6,131.1,84.8,4.93
Pulses,Karnataka,Zaid,6.52,986.9,30.1,73.0,6.81,78.4,59.3,90.2,154.4,1.58
Maize,Madhya Pradesh,Zaid,6.03,1107.6,24.0,94.5,6.86,149.6,44.6,80.3,43.2,4.36
Sugarcane,Karnataka,Kharif,5.44,956.7,28.3,84.9,5.79,166.6,39.3,90.1,153.5,101.12
Groundnut,Gujarat,Kharif,4.21,694.9,25.4,64.5,5.86,79.1,73.7,133.0,153.7,2.76
Sugarcane,Maharashtra,Rabi,8.34,837.9,27.9,89.8,7.69,132.2,36.9,142.6,180.7,89.6
Maize,Maharashtra,Rabi,4.42,901.3,20.7,70.6,6.64,152.7,70.0,155.3,20.0,4.84
Potato,Uttar Pradesh,Zaid,1.05,859.8,15.0,71.5,6.97,164.5,75.8,149.2,109.2,26.33
Maize,West Bengal,Rabi,6.74,1008.5,17.8,70.1,7.41,205.2,65.3,152.3,135.2,5.75
Wheat,West Bengal,Rabi,3.2,1021.6,32.9,65.5,6.83,107.0,47.2,114.5,127.7,4.6
Sugarcane,Gujarat,Rabi,8.47,1044.5,29.4,66.8,7.69,135.2,49.7,77.6,187.9,99.27
Maize,Gujarat,Rabi,3.2,1141.9,27.5,74.3,6.47,153.9,54.6,126.6,140.4,5.78
Rice,Maharashtra,Zaid,4.52,485.7,30.0,57.9,6.75,40.0,57.5,92.5,200.4,3.98
Groundnut,Uttar Pradesh,Rabi,2.57,1157.4,19.5,57.7,6.19,170.3,46.6,112.6,72.8,2.8
Maize,Karnataka,Kharif,2.33,686.9,33.3,81.0,6.69,153.6,73.2,94.2,76.4,4.87
Wheat,Gujarat,Kharif,4.36,1209.3,28.2,66.9,6.74,100.5,34.7,30.0,79.8,4.08
Wheat,Andhra Pradesh,Kharif,7.2,757.2,31.0,69.0,7.21,91.1,43.3,89.8,199.6,3.89
Wheat,Andhra Pradesh,Kharif,8.15,827.7,33.7,49.6,5.57,168.2,80.6,67.2,300.0,4.6
Cotton,Haryana,Kharif,4.7,802.6,25.2,64.9,6.31,90.6,55.8,100.6,153.1,2.7
Groundnut,Karnataka,Kharif,2.78,787.0,21.2,83.1,6.6,143.4,56.3,106.8,124.9,2.99
Potato,Andhra Pradesh,Rabi,2.25,864.8,31.9,57.6,6.32,148.7,36.0,128.1,145.6,25.47
Potato,Uttar Pradesh,Kharif,2.92,997.9,20.5,81.2,5.28,133.3,77.9,98.6,158.9,27.0
Groundnut,Tamil Nadu,Zaid,4.76,900.3,30.8,65.6,6.66,40.0,44.8,105.9,181.8,2.79
Rice,Gujarat,Kharif,2.29,358.6,15.6,58.6,6.3,228.7,71.6,155.7,58.6,4.51
Wheat,Gujarat,Kharif,7.8,906.5,35.3,61.4,5.61,151.0,54.0,38.7,156.9,4.55
Pulses,Madhya Pradesh,Kharif,5.97,845.7,26.1,66.8,6.52,97.6,33.0,70.3,145.9,1.77
Sugarcane,Uttar Pradesh,Kharif,6.86,987.7,25.9,64.4,6.67,117.6,55.8,112.1,197.8,106.54
Sugarcane,Maharashtra,Rabi,4.43,619.3,24.1,67.2,6.67,161.7,68.2,110.4,159.6,88.71
Wheat,Andhra Pradesh,Rabi,2.91,562.3,27.8,82.1,6.86,136.7,65.0,148.4,20.0,4.09
Wheat,West Bengal,Kharif,5.91,924.0,26.2,50.4,6.58,123.1,55.0,146.4,68.8,4.53
Maize,Haryana,Rabi,3.02,865.6,25.6,66.9,6.86,112.9,56.8,124.1,200.3,5.71
Rice,Tamil Nadu,Rabi,2.12,804.1,27.4,61.8,8.2,,55.7,140.8,,4.76
Wheat,Madhya Pradesh,Kharif,7.5,1800.0,15.2,65.2,6.19,75.8,73.6,102.5,142.0,4.3
Groundnut,Haryana,Rabi,2.44,1377.2,15.0,63.8,6.7,117.3,53.4,103.1,142.9,2.9
Cotton,Karnataka,Kharif,5.47,1071.6,33.3,68.0,6.45,217.6,45.5,92.5,220.8,2.55
Cotton,West Bengal,Zaid,7.41,250.0,32.8,77.4,6.34,99.8,59.6,94.5,33.2,2.29
Pulses,Tamil Nadu,Rabi,4.22,1132.6,25.3,89.4,6.04,140.4,52.5,119.2,217.0,1.87
Rice,Uttar Pradesh,Rabi,4.47,716.3,28.5,64.7,6.22,50.9,83.8,152.8,41.1,4.77
Sugarcane,Madhya Pradesh,Rabi,8.48,697.2,25.9,73.2,6.57,84.9,33.8,64.6,216.0,98.7
Pulses,Haryana,Rabi,2.98,1148.0,22.5,46.4,6.35,,70.4,58.8,89.1,1.62
Maize,Maharashtra,Zaid,4.38,845.7,27.0,56.1,7.05,116.9,78.8,103.9,192.9,4.91
Potato,Tamil Nadu,Kharif,1.39,863.2,18.3,73.4,6.66,47.2,59.4,97.0,198.8,26.4
Pulses,Madhya Pradesh,Zaid,3.85,912.6,24.4,76.4,6.17,56.4,62.5,75.4,,1.5
Cotton,Gujarat,Zaid,8.52,1060.0,27.6,65.5,7.44,185.9,66.9,,147.4,2.4
Cotton,Haryana,Kharif,9.37,909.6,28.8,67.3,7.16,67.0,23.0,88.7,24.8,2.56
Potato,Karnataka,Rabi,2.2,323.1,24.0,69.2,6.28,170.1,53.5,,172.3,25.84
Groundnut,Karnataka,Rabi,3.48,676.6,40.0,71.7,6.39,102.1,82.8,77.3,184.1,2.44
Groundnut,Maharashtra,Rabi,4.48,671.7,29.6,88.5,6.26,82.7,67.0,142.0,173.7,2.89
Maize,Karnataka,Zaid,2.48,869.9,34.2,95.0,6.67,151.5,69.4,117.0,102.2,5.0
Potato,West Bengal,Rabi,1.4,962.3,31.4,,7.81,137.9,56.6,170.4,141.1,27.67
Cotton,Haryana,Kharif,11.49,1007.7,29.6,82.9,5.97,119.9,44.0,143.3,115.1,2.77
Pulses,Uttar Pradesh,Zaid,4.97,1098.4,27.7,57.9,5.85,209.9,50.9,104.4,132.5,1.71
Pulses,Punjab,Rabi,3.16,926.1,36.5,56.3,7.56,115.8,28.0,62.7,99.1,1.82
Pulses,Maharashtra,Rabi,6.02,879.1,24.0,75.7,6.82,112.0,29.2,131.6,122.1,1.59
Rice,Haryana,Zaid,5.6,287.3,23.3,74.4,6.73,133.3,57.2,133.9,132.6,4.32
Sugarcane,Karnataka,Zaid,2.11,752.4,32.2,93.7,6.92,123.1,29.9,179.2,46.6,71.67
Cotton,Andhra Pradesh,Rabi,2.08,1332.7,29.7,61.3,7.32,116.7,43.7,63.6,133.3,2.61
Sugarcane,Gujarat,Zaid,6.64,1561.7,32.2,60.5,7.62,112.3,24.8,93.4,81.3,86.44
Potato,Madhya Pradesh,Zaid,0.54,529.3,36.2,68.6,6.59,179.2,57.8,87.2,135.9,25.52
Potato,Maharashtra,Zaid,2.44,1226.7,22.3,49.9,5.91,123.7,57.0,30.0,96.0,22.33
Sugarcane,Karnataka,Kharif,8.19,880.7,25.5,83.9,8.1,196.7,65.3,88.2,162.2,105.05
Cotton,Maharashtra,Kharif,10.91,617.5,20.9,64.2,7.14,85.7,48.3,87.7,89.9,2.29
Pulses,Madhya Pradesh,Kharif,6.79,1148.3,15.0,67.0,6.14,76.0,69.6,180.9,83.8,1.74
Wheat,Haryana,Rabi,9.16,1403.8,29.7,66.4,7.5,165.3,53.5,127.0,154.2,4.56
Sugarcane,Maharashtra,Rabi,2.97,1027.1,,68.6,6.51,162.9,49.7,108.6,183.3,94.94
Groundnut,Punjab,Kharif,5.57,885.7,24.5,69.3,6.97,60.3,78.0,119.4,105.2,3.18
Wheat,Karnataka,Zaid,5.18,447.0,32.6,71.7,7.3,188.4,54.0,127.4,199.0,4.18
Cotton,Punjab,Rabi,2.86,450.8,32.7,54.6,6.25,197.4,36.5,95.7,200.5,2.79
Pulses,Maharashtra,Zaid,3.82,684.1,27.5,74.0,6.54,94.5,37.0,174.5,108.5,1.47
Maize,Punjab,Zaid,2.57,661.9,29.8,82.6,6.08,126.4,80.9,81.9,138.2,5.38
Maize,Gujarat,Kharif,4.66,1062.5,23.6,64.7,5.78,55.9,24.8,119.3,55.3,5.46
Groundnut,Karnataka,Rabi,4.4,1514.4,25.2,49.6,6.61,150.5,79.3,125.1,102.4,2.41
Rice,Karnataka,Zaid,7.07,740.2,24.2,79.7,7.18,71.5,60.8,124.2,277.8,4.29
Wheat,Maharashtra,Rabi,5.94,804.9,25.9,79.6,8.2,126.1,49.0,116.2,115.0,4.14
Potato,Gujarat,Zaid,3.48,900.1,30.1,68.6,6.68,135.0,88.8,174.1,64.6,26.02
Cotton,Haryana,Rabi,6.29,462.9,18.5,53.7,6.48,134.2,64.0,30.0,51.9,2.55
Wheat,Uttar Pradesh,Kharif,2.79,1416.7,27.2,51.7,6.92,76.2,59.2,82.7,80.9,4.2
Potato,Madhya Pradesh,Rabi,2.41,465.2,17.7,82.7,6.07,153.1,45.8,125.7,122.3,25.34
Cotton,Tamil Nadu,Kharif,9.77,738.2,23.8,71.6,5.34,137.5,62.8,133.5,93.7,2.68
Rice,Maharashtra,Kharif,4.68,424.5,20.2,71.8,6.86,135.6,89.1,53.1,103.0,4.57
Cotton,Andhra Pradesh,Rabi,3.9,690.8,26.7,95.0,6.26,181.6,30.3,57.4,206.1,2.63
Rice,Andhra Pradesh,Kharif,5.02,860.8,29.2,71.7,7.44,151.8,34.6,111.2,165.4,4.9
Maize,Haryana,Rabi,4.23,961.1,32.0,79.7,6.41,119.6,46.1,122.2,149.7,5.51
Cotton,Haryana,Kharif,9.36,1220.2,28.2,39.2,6.56,110.5,57.2,123.9,192.7,2.74
Rice,West Bengal,Kharif,4.3,970.6,31.7,66.9,5.66,93.6,57.3,125.0,50.8,4.95
Cotton,Haryana,Zaid,9.23,1136.7,32.0,61.5,6.6,131.0,48.9,135.1,100.7,2.34
Maize,Tamil Nadu,Zaid,1.86,364.7,26.7,93.8,7.04,213.8,84.9,51.0,130.2,4.89
Wheat,Uttar Pradesh,Rabi,5.64,389.9,32.0,75.1,6.69,137.8,20.0,100.9,170.8,4.28
Groundnut,Tamil Nadu,Kharif,2.42,1146.4,27.5,70.2,6.27,128.8,40.5,142.1,223.9,2.98
Sugarcane,Gujarat,Rabi,6.68,1348.9,23.0,52.2,5.58,122.4,30.2,80.3,153.1,85.87
Sugarcane,Andhra Pradesh,Rabi,3.79,1182.0,25.7,56.6,5.73,71.0,85.4,114.7,136.3,103.09
Wheat,Punjab,Rabi,1.83,762.9,29.8,74.1,5.85,169.4,100.6,100.3,113.5,4.68
Maize,Andhra Pradesh,Rabi,4.98,833.5,28.1,64.3,6.98,72.6,59.1,111.8,143.4,5.15
Maize,Maharashtra,Rabi,4.57,638.2,25.5,69.6,6.61,87.4,52.3,186.2,141.6,5.03
Pulses,Gujarat,Rabi,1.24,1160.9,29.2,78.5,6.72,101.8,37.8,86.8,100.2,1.8
Rice,Punjab,Zaid,1.05,617.8,24.0,80.6,7.47,92.5,71.4,33.7,173.7,4.66
Wheat,Tamil Nadu,Kharif,8.76,450.8,22.7,95.0,7.05,80.7,62.0,151.4,159.7,3.98
Cotton,Maharashtra,Rabi,5.65,1012.1,30.1,79.7,7.42,103.7,69.1,84.8,99.0,2.67
Rice,Haryana,Rabi,5.95,866.0,27.2,71.5,7.6,180.8,60.5,78.9,97.4,4.42
Potato,Punjab,Rabi,2.34,1632.8,26.7,71.5,,161.5,34.7,77.2,165.2,29.55
Wheat,Madhya Pradesh,Rabi,7.97,250.0,31.5,62.0,6.26,100.7,30.6,70.2,26.2,3.6
Cotton,Tamil Nadu,Rabi,8.94,894.2,23.6,55.7,7.22,132.0,37.0,121.8,134.9,2.71
Cotton,Karnataka,Zaid,3.56,1028.6,21.6,73.9,7.85,165.3,26.8,60.7,163.0,2.25
Wheat,Punjab,Kharif,4.29,1437.7,29.0,77.1,7.48,117.9,65.4,42.1,40.7,4.54
Cotton,Haryana,Zaid,9.25,1035.9,32.9,70.4,6.64,176.5,57.5,39.8,133.2,2.42
Potato,Madhya Pradesh,Rabi,2.67,1085.8,26.4,49.2,5.89,106.1,30.0,75.7,139.4,27.53
Groundnut,Gujarat,Zaid,2.7,1095.8,27.7,76.6,5.13,228.4,103.7,45.2,36.3,2.33
Maize,Karnataka,Rabi,4.39,1036.9,20.2,68.5,6.32,108.1,35.4,144.6,64.9,4.83
Potato,Maharashtra,Kharif,4.85,957.4,26.1,68.6,6.34,183.3,38.1,93.0,,28.88
Sugarcane,Tamil Nadu,Kharif,3.1,921.9,30.9,68.7,6.92,171.0,57.2,75.6,118.2,103.36
Groundnut,West Bengal,Rabi,3.01,747.2,22.9,64.7,7.29,,58.9,128.5,68.7,2.82
Rice,Tamil Nadu,Zaid,7.55,955.0,32.3,50.1,5.98,129.3,64.6,101.1,168.4,4.19
Maize,Maharashtra,Kharif,1.12,1173.1,28.6,77.4,7.38,232.4,62.4,81.2,91.7,4.68
Wheat,Gujarat,Zaid,2.75,697.0,35.5,63.1,6.21,95.9,70.6,84.9,208.3,3.9
Wheat,Tamil Nadu,Kharif,8.49,695.0,27.6,62.7,7.17,91.4,54.0,185.6,141.7,4.81
Cotton,Haryana,Kharif,8.22,1218.6,25.6,82.5,7.14,210.2,53.3,90.9,155.8,2.81
Pulses,Tamil Nadu,Kharif,4.72,583.3,23.9,70.6,6.57,141.3,66.0,130.7,177.7,1.7
Maize,Andhra Pradesh,Zaid,5.85,564.1,19.8,65.8,6.63,96.9,59.7,131.2,196.1,4.51
Potato,Uttar Pradesh,Zaid,2.47,1316.2,18.5,69.9,6.66,184.9,60.6,114.3,162.6,25.88
Rice,Tamil Nadu,Zaid,6.41,1408.0,23.2,80.3,7.09,110.4,35.7,115.6,118.1,4.18
Cotton,Tamil Nadu,Rabi,10.38,1274.3,21.2,60.5,6.28,168.6,44.3,108.7,222.0,2.89
Wheat,Madhya Pradesh,Kharif,4.08,823.5,27.3,76.3,5.46,109.6,79.1,123.0,203.8,4.35
Groundnut,Gujarat,Zaid,1.04,684.6,34.2,68.9,6.47,122.2,37.8,85.2,,2.68
Rice,Karnataka,Rabi,2.82,1417.2,27.1,92.8,6.99,76.0,40.7,76.7,104.4,4.09
Wheat,Karnataka,Zaid,5.9,1601.1,23.6,63.9,5.18,160.3,61.5,30.0,171.0,3.93
Groundnut,West Bengal,Rabi,4.74,1041.7,31.9,93.9,8.14,139.8,45.1,44.7,255.3,2.98
Sugarcane,Karnataka,Zaid,7.63,728.3,29.9,47.6,7.24,87.1,61.1,126.7,199.7,83.83
Maize,Karnataka,Kharif,6.52,1066.3,37.0,54.3,6.67,136.5,28.5,144.5,134.2,5.42
Maize,Punjab,Zaid,4.4,907.5,25.8,67.0,7.95,123.5,49.1,133.4,115.5,5.16
Cotton,West Bengal,Kharif,7.68,646.7,22.3,80.2,8.2,125.5,42.7,114.0,158.2,2.68
Cotton,Karnataka,Rabi,11.85,915.8,23.0,58.7,7.71,129.1,89.6,150.5,162.9,2.62
Maize,Maharashtra,Rabi,5.64,840.1,20.4,74.8,7.24,154.1,56.2,93.4,173.0,5.6
Sugarcane,Maharashtra,Zaid,8.31,628.6,34.2,75.0,6.52,112.1,19.8,56.1,131.8,64.94
Groundnut,Haryana,Zaid,5.54,824.1,40.0,77.5,4.98,109.4,78.5,123.6,165.1,2.73
Rice,Haryana,Rabi,7.36,1038.0,33.7,50.8,5.51,102.3,28.4,30.0,201.2,4.75
Maize,Madhya Pradesh,Zaid,2.66,499.0,22.8,63.9,6.97,171.0,47.7,67.9,160.0,4.58
Groundnut,Andhra Pradesh,Kharif,2.42,1491.5,24.1,71.7,5.77,138.3,70.6,152.5,132.8,2.77
Rice,Maharashtra,Zaid,7.58,537.7,27.7,95.0,7.23,64.8,34.3,48.4,170.9,3.33
Pulses,West Bengal,Kharif,5.53,1088.8,25.3,72.6,6.29,86.3,28.8,,137.6,1.66
Maize,Madhya Pradesh,Kharif,3.67,477.8,20.8,72.4,7.36,85.6,50.1,56.2,165.1,5.0
Wheat,Andhra Pradesh,Zaid,4.98,811.3,36.1,72.3,6.23,77.8,65.1,112.5,97.3,3.9
Maize,Punjab,Zaid,5.9,,22.1,55.1,5.28,154.4,103.5,142.7,103.6,4.86
Potato,Gujarat,Rabi,4.12,723.0,34.7,58.9,7.25,198.5,34.6,142.1,226.2,27.93
Maize,Haryana,Rabi,6.76,930.6,29.7,76.9,7.05,156.5,79.4,45.4,237.9,5.7
Wheat,Punjab,Rabi,5.06,1613.1,37.7,47.0,6.06,184.9,20.9,85.2,52.9,4.59
Potato,Gujarat,Zaid,0.74,1159.1,36.7,45.4,6.47,134.1,69.5,151.5,132.4,23.4
Rice,Andhra Pradesh,Rabi,7.96,893.4,27.7,84.8,7.24,104.9,58.5,73.8,157.6,4.14
Groundnut,Madhya Pradesh,Rabi,3.08,952.8,27.3,71.4,6.22,106.3,54.9,73.2,184.9,2.76
Potato,Andhra Pradesh,Rabi,0.91,,20.1,56.1,6.23,122.3,73.6,129.3,120.7,24.76
Potato,Maharashtra,Rabi,4.4,1263.4,32.3,79.5,6.67,108.8,50.4,39.0,179.6,26.41
Groundnut,Andhra Pradesh,Kharif,3.96,1146.3,25.1,61.0,6.19,83.9,64.8,69.1,165.9,2.79
Pulses,Karnataka,Zaid,6.18,986.3,26.6,69.7,5.51,50.4,59.0,99.5,106.8,1.69
Sugarcane,Gujarat,Kharif,3.04,979.2,29.5,63.9,6.72,158.7,54.0,30.0,45.8,100.58
Maize,Tamil Nadu,Kharif,5.17,1031.6,21.3,56.7,7.56,123.6,47.6,119.7,177.4,5.35
Rice,Gujarat,Rabi,3.98,731.1,18.5,46.4,5.51,152.4,74.0,,145.9,4.34
Potato,Punjab,Kharif,2.41,1309.3,25.3,88.1,7.15,119.0,63.2,84.2,55.8,29.19
Potato,Haryana,Kharif,3.99,775.4,30.9,66.9,7.85,49.2,15.0,92.6,175.7,27.94
Rice,Maharashtra,Rabi,7.39,874.6,25.9,65.9,6.24,116.2,25.1,78.6,74.9,4.27
Pulses,Punjab,Zaid,2.38,435.8,24.5,62.7,7.35,88.6,27.9,169.9,149.6,1.81
Cotton,Karnataka,Rabi,3.12,843.9,28.8,72.6,6.05,79.1,76.7,169.0,120.7,2.49
Groundnut,Andhra Pradesh,Rabi,1.33,1001.9,25.0,81.3,,118.1,36.6,30.0,112.7,2.47
Potato,Gujarat,Kharif,1.85,459.8,34.0,69.5,7.13,40.0,62.9,91.3,196.0,27.2
Sugarcane,Madhya Pradesh,Kharif,8.23,835.1,21.5,65.3,5.72,116.3,16.9,125.0,121.8,94.2
Pulses,West Bengal,Zaid,2.94,1230.2,26.4,70.0,6.85,135.5,57.8,55.9,115.0,1.59
Pulses,Karnataka,Rabi,5.8,1388.6,26.7,87.3,8.2,93.9,49.1,72.9,126.1,1.63
Groundnut,Madhya Pradesh,Kharif,1.88,476.8,25.0,70.8,6.06,141.5,58.9,115.0,48.8,2.51
Wheat,Madhya Pradesh,Rabi,3.77,1137.2,27.3,60.1,6.14,104.2,37.7,103.1,209.8,4.44
Maize,Haryana,Kharif,4.64,635.7,26.1,67.6,5.81,74.5,37.8,110.2,138.2,5.23
Sugarcane,Andhra Pradesh,Kharif,5.3,576.1,23.2,49.6,7.44,85.8,66.6,90.6,206.7,98.32
Rice,Madhya Pradesh,Kharif,6.8,900.9,31.7,63.9,5.7,162.8,53.6,127.8,117.4,5.26
Potato,Andhra Pradesh,Rabi,2.8,604.2,30.1,56.8,6.6,40.0,90.2,133.1,272.5,26.99
Potato,Punjab,Kharif,4.0,1179.4,27.6,67.7,5.12,45.4,47.4,69.2,82.1,30.15
Pulses,Maharashtra,Rabi,4.78,1257.4,29.3,78.1,6.29,154.6,73.8,77.5,98.9,1.74
Potato,Karnataka,Zaid,2.82,511.9,27.2,95.0,6.54,113.0,18.7,57.4,109.7,21.46
Maize,Gujarat,Zaid,1.21,1354.0,23.8,50.2,,146.4,37.1,126.4,193.7,3.89
Maize,Uttar Pradesh,Rabi,2.68,1090.0,31.3,56.0,6.24,154.1,50.1,157.4,130.7,5.23
Sugarcane,Madhya Pradesh,Kharif,1.41,1413.0,24.6,70.1,5.81,158.7,94.2,95.9,238.4,100.39
Groundnut,Maharashtra,Zaid,1.53,773.9,38.8,49.5,6.15,173.0,74.0,104.3,158.5,2.54
Maize,Gujarat,Kharif,1.55,1123.9,19.9,67.6,6.41,145.2,49.1,81.9,42.8,4.82
Rice,Karnataka,Kharif,2.25,984.9,23.8,77.0,5.36,89.1,34.2,77.1,170.3,4.11
Maize,Andhra Pradesh,Rabi,3.61,1225.9,32.8,92.0,6.78,165.2,33.2,141.3,168.6,4.91
Cotton,Madhya Pradesh,Kharif,5.08,1187.1,27.6,75.2,7.48,64.0,68.9,104.0,213.9,2.5
Wheat,Madhya Pradesh,Zaid,3.94,1038.7,32.7,54.4,6.53,142.6,64.1,147.2,176.4,4.17
Maize,Uttar Pradesh,Zaid,6.94,759.3,19.1,58.8,6.04,109.1,21.3,88.0,93.4,4.12
Groundnut,Tamil Nadu,Rabi,2.36,768.5,29.7,55.4,6.73,111.9,77.1,68.0,174.1,3.12
Pulses,Haryana,Zaid,5.92,1224.9,34.0,63.9,6.17,155.3,52.6,93.5,58.7,1.57
Groundnut,Maharashtra,Zaid,3.53,250.0,31.3,68.3,7.67,162.5,23.8,133.7,41.4,2.08
Rice,Punjab,Kharif,2.27,1149.9,27.9,56.7,6.36,85.3,64.9,47.5,168.6,4.99
Groundnut,Haryana,Rabi,1.63,853.4,26.8,38.7,6.0,84.0,64.1,68.3,110.9,3.22
Rice,Haryana,Kharif,1.92,805.8,31.1,64.7,5.62,112.8,32.8,133.0,88.2,4.79
Cotton,Uttar Pradesh,Rabi,9.19,693.5,26.7,73.2,8.06,110.1,59.0,76.6,135.1,2.47
Cotton,Gujarat,Rabi,5.26,515.7,31.2,83.5,7.22,135.4,25.1,93.2,141.1,2.3
Wheat,Haryana,Rabi,7.35,838.8,18.6,61.9,6.1,68.2,65.9,104.8,121.4,4.55
Groundnut,Punjab,Kharif,4.65,564.1,29.3,54.2,6.3,53.4,75.1,121.6,144.8,3.22
Sugarcane,Haryana,Zaid,2.83,590.9,25.2,77.0,7.96,125.7,52.7,94.2,96.6,94.39
Sugarcane,Gujarat,Zaid,4.31,979.5,23.8,66.6,6.62,155.3,53.1,136.8,103.7,84.07
Groundnut,Madhya Pradesh,Rabi,6.0,1149.0,19.6,65.1,5.97,204.2,49.4,122.7,123.2,2.72
Wheat,Andhra Pradesh,Zaid,2.85,1401.0,32.1,68.1,7.42,109.5,60.0,102.6,300.0,3.86
Cotton,Haryana,Rabi,10.47,602.3,28.2,89.4,6.03,105.4,70.1,73.7,,2.53
Potato,Haryana,Zaid,0.79,1205.5,24.3,75.4,7.33,125.4,47.6,137.0,113.0,26.16
Groundnut,Andhra Pradesh,Zaid,3.15,1141.2,22.9,55.6,5.66,67.5,62.7,155.6,206.7,2.49
Pulses,Madhya Pradesh,Zaid,5.93,602.3,21.5,52.8,6.33,152.0,67.5,46.8,152.5,1.67
Potato,Andhra Pradesh,Zaid,2.02,456.0,30.8,59.2,6.14,184.6,26.6,94.8,191.5,25.62
Cotton,Punjab,Kharif,9.59,,23.9,81.0,,159.7,27.6,107.6,172.4,2.96
Maize,Haryana,Rabi,2.37,1300.1,20.0,79.0,6.62,168.1,80.8,102.5,136.9,5.63
Rice,Punjab,Rabi,2.79,250.0,26.8,80.5,6.25,145.8,73.9,115.5,204.5,5.34
Pulses,Karnataka,Rabi,2.81,732.4,35.4,46.3,6.96,125.1,16.6,117.1,117.5,1.58
Rice,Tamil Nadu,Rabi,4.26,475.3,28.8,67.5,4.89,87.1,40.3,70.7,149.7,4.32
Sugarcane,Karnataka,Zaid,4.3,1146.2,25.3,77.8,5.01,119.9,75.3,136.5,98.0,86.23
Maize,Haryana,Rabi,6.74,535.0,30.8,61.3,7.16,120.5,43.8,131.2,193.8,5.74
Groundnut,Andhra Pradesh,Kharif,3.59,659.9,22.3,78.9,6.52,138.7,37.9,97.7,144.9,2.81
Groundnut,Maharashtra,Kharif,1.56,971.7,34.0,74.8,6.14,104.4,59.0,117.8,104.0,2.83
Cotton,Maharashtra,Rabi,5.94,1218.3,32.8,52.1,6.3,154.4,27.7,94.2,198.8,2.44
Pulses,West Bengal,Zaid,4.73,576.6,26.4,54.5,7.62,138.2,84.4,101.8,189.2,1.66
Maize,Maharashtra,Kharif,6.84,540.8,28.2,67.8,6.55,79.6,37.1,124.8,106.0,4.92
Rice,Punjab,Kharif,5.13,1215.9,30.6,65.2,5.84,60.7,76.5,144.2,61.1,4.74
Maize,Tamil Nadu,Rabi,3.12,1090.3,25.9,67.9,7.88,154.0,57.5,161.1,112.7,5.17
Potato,Gujarat,Rabi,0.84,727.6,18.8,78.3,7.26,125.2,59.8,95.5,223.3,26.43
Potato,Uttar Pradesh,Zaid,0.55,1103.5,21.9,73.0,7.44,146.0,27.0,146.6,104.3,24.02
Rice,Haryana,Rabi,2.51,1023.0,20.8,82.1,5.87,112.1,25.9,89.1,162.0,4.86
Cotton,Tamil Nadu,Rabi,11.29,624.8,31.2,41.3,6.95,144.2,60.6,68.7,188.8,2.55
Cotton,Uttar Pradesh,Rabi,4.32,718.0,32.8,59.2,6.82,136.8,64.2,95.3,99.1,2.57
Cotton,Tamil Nadu,Zaid,9.74,603.8,32.3,80.2,6.17,138.9,40.6,105.4,68.2,2.27
Groundnut,West Bengal,Kharif,4.88,981.5,27.2,74.4,6.95,45.5,24.3,123.6,96.2,2.75
Sugarcane,Andhra Pradesh,Rabi,1.61,727.9,32.4,46.8,7.41,193.3,41.2,61.3,178.4,94.0
Rice,Maharashtra,Rabi,3.99,772.4,26.2,59.4,7.32,90.9,70.7,141.6,115.9,4.54
Pulses,Andhra Pradesh,Zaid,4.04,491.2,19.2,73.6,7.12,54.6,35.0,97.6,149.1,1.44
Cotton,Andhra Pradesh,Zaid,11.84,670.3,22.1,62.8,5.73,175.6,82.2,58.0,190.0,2.29
Potato,Tamil Nadu,Kharif,2.49,1296.7,28.3,54.9,4.88,229.9,67.1,108.2,190.5,28.22
Maize,Uttar Pradesh,Zaid,2.33,952.6,23.6,71.5,6.48,148.1,42.0,177.8,110.0,4.69
Wheat,Madhya Pradesh,Zaid,2.31,1088.3,27.1,59.2,6.26,153.1,59.6,143.9,99.2,3.57
Sugarcane,Tamil Nadu,Kharif,8.71,758.6,24.7,84.3,7.42,89.0,50.2,99.0,163.3,99.83
Rice,Andhra Pradesh,Rabi,5.35,947.0,22.7,61.7,,112.3,59.4,152.5,63.3,4.7
Maize,Karnataka,Kharif,2.73,1255.5,23.4,78.5,6.15,182.6,50.8,106.9,52.0,4.47
Sugarcane,Maharashtra,Zaid,2.35,551.5,24.3,56.6,7.45,224.6,24.8,101.3,159.9,91.59
Groundnut,Tamil Nadu,Zaid,2.77,633.3,32.0,82.3,7.21,84.3,91.8,72.1,174.4,2.73
Maize,Maharashtra,Kharif,6.31,918.6,27.5,79.4,6.07,108.1,36.4,124.0,142.8,5.06
Wheat,Madhya Pradesh,Kharif,1.24,,29.6,74.8,6.57,249.6,32.8,113.0,154.1,4.37
Groundnut,Maharashtra,Kharif,4.66,461.3,28.4,74.5,7.91,184.0,42.4,,45.0,2.42
Rice,Andhra Pradesh,Zaid,4.44,1037.7,34.6,68.6,7.31,104.1,32.1,102.7,94.2,3.74
Pulses,Haryana,Zaid,3.75,958.2,30.6,69.0,7.02,40.0,75.5,78.2,65.0,1.74
Cotton,Andhra Pradesh,Kharif,8.66,1367.7,34.3,80.0,,84.3,66.7,132.0,153.2,2.67
Wheat,Punjab,Zaid,9.56,250.0,34.3,72.1,7.23,62.9,31.4,99.8,178.7,4.06
Sugarcane,Tamil Nadu,Kharif,6.52,754.8,22.5,95.0,6.64,177.0,37.2,77.5,189.8,94.69
Pulses,Haryana,Kharif,1.26,463.4,29.6,57.9,6.22,99.3,59.0,71.9,247.3,1.93
Wheat,Uttar Pradesh,Zaid,3.73,529.8,28.0,65.4,7.51,107.6,55.5,100.1,169.3,3.99
Sugarcane,Gujarat,Zaid,8.21,889.9,29.2,55.5,5.75,211.0,58.6,117.5,20.0,86.83
Potato,Tamil Nadu,Kharif,1.34,755.8,32.0,70.2,6.74,107.5,43.0,131.8,162.1,28.22
Potato,Karnataka,Zaid,1.8,694.9,21.3,69.3,5.33,96.7,56.2,84.8,125.7,22.29
Maize,West Bengal,Zaid,3.78,535.8,27.0,84.4,7.37,51.8,36.6,109.6,,4.34
Groundnut,Andhra Pradesh,Rabi,2.19,728.5,26.1,74.9,6.04,178.9,89.5,157.6,174.2,2.99
Potato,Andhra Pradesh,Zaid,2.53,904.9,23.1,65.3,7.61,147.9,43.3,74.0,164.6,23.46
Groundnut,Karnataka,Kharif,4.18,1064.3,25.1,95.0,5.48,110.4,46.7,72.2,181.2,2.77
Potato,Maharashtra,Rabi,2.11,431.9,27.3,65.6,6.97,146.2,63.8,148.2,244.4,25.91
Maize,Haryana,Kharif,4.88,940.9,30.4,71.8,6.8,141.6,48.1,110.2,184.6,6.09
Wheat,Madhya Pradesh,Kharif,8.49,874.9,27.2,73.8,7.05,157.5,52.1,123.0,136.4,4.15
Potato,Madhya Pradesh,Kharif,2.56,424.1,36.0,74.8,6.95,111.4,53.1,30.0,169.0,27.08
Pulses,Karnataka,Zaid,6.7,981.9,18.0,62.6,6.49,101.7,46.7,98.1,220.0,1.56
Groundnut,Andhra Pradesh,Rabi,3.77,755.0,25.7,85.7,7.18,40.0,55.2,74.8,164.7,2.88
Rice,Punjab,Kharif,2.98,643.8,31.2,66.8,7.12,147.1,66.7,109.5,64.2,4.99
Potato,Karnataka,Rabi,2.96,953.0,26.5,52.1,5.87,206.8,32.4,61.6,109.7,26.17
Maize,Punjab,Kharif,4.51,1087.2,23.0,42.0,5.42,159.1,44.6,125.9,207.6,5.8
Sugarcane,Tamil Nadu,Kharif,4.93,855.2,29.8,75.4,5.69,154.7,57.0,115.5,134.7,104.81
Cotton,Uttar Pradesh,Rabi,9.35,930.5,28.0,69.5,7.26,96.9,32.4,108.3,154.7,2.7
Groundnut,Andhra Pradesh,Kharif,4.62,710.1,28.2,42.1,5.72,115.4,53.5,58.0,120.0,2.72
Pulses,Madhya Pradesh,Zaid,1.5,1159.0,28.2,60.8,5.79,105.2,41.0,76.0,133.0,1.5
Cotton,Uttar Pradesh,Kharif,4.16,1006.7,40.0,75.7,6.63,130.3,63.4,121.0,120.2,2.61
Wheat,Tamil Nadu,Zaid,5.92,313.5,28.1,80.5,5.76,155.1,104.1,126.3,129.9,4.41
Rice,Haryana,Zaid,7.76,952.5,35.3,80.3,6.16,54.4,41.3,139.7,195.2,4.84
Maize,Uttar Pradesh,Rabi,3.82,952.3,23.4,57.0,6.97,74.7,103.9,117.8,137.4,5.12
Cotton,Andhra Pradesh,Rabi,2.26,757.3,28.1,52.6,6.49,40.0,93.5,77.4,138.8,2.49
Cotton,West Bengal,Rabi,2.62,1249.5,16.8,64.2,7.95,153.9,85.4,103.5,155.4,2.55
Groundnut,Tamil Nadu,Zaid,5.16,1278.8,26.3,82.0,6.06,67.8,50.8,106.0,150.3,2.66
Maize,Haryana,Zaid,2.2,756.7,20.5,78.9,6.4,101.5,54.0,144.8,26.3,4.82
Potato,Haryana,Kharif,2.8,1142.9,28.8,55.3,8.03,108.9,44.0,159.3,162.7,28.04
Rice,Uttar Pradesh,Zaid,2.21,1057.6,35.4,52.7,7.35,157.4,61.3,100.6,123.5,4.74
Groundnut,Maharashtra,Rabi,3.48,801.4,22.8,45.5,6.4,122.9,64.7,92.9,105.8,2.61
Cotton,Tamil Nadu,Rabi,3.17,512.9,23.9,66.0,5.99,117.6,43.2,90.7,212.3,2.58
Sugarcane,Andhra Pradesh,Zaid,5.16,787.8,24.5,67.5,7.72,95.1,16.3,144.1,156.8,89.14
Pulses,Punjab,Kharif,6.83,710.6,20.4,75.9,7.52,116.0,58.3,91.0,81.8,1.98
Groundnut,Tamil Nadu,Zaid,1.49,749.7,28.5,68.6,6.18,122.9,,71.4,27.3,2.58
Sugarcane,Andhra Pradesh,Rabi,1.48,891.9,17.9,76.4,7.42,168.1,47.5,124.2,38.7,91.02
Wheat,Haryana,Rabi,5.66,1052.1,34.7,62.7,6.64,107.6,42.6,44.0,178.3,4.57
Pulses,West Bengal,Rabi,5.38,811.4,24.7,64.4,6.2,87.8,45.4,133.8,84.5,1.69
Pulses,Madhya Pradesh,Zaid,2.29,959.3,21.2,74.7,,157.1,21.2,103.0,20.0,1.48
Wheat,Uttar Pradesh,Zaid,8.12,819.8,37.0,70.9,6.0,131.9,39.0,126.0,135.3,4.3
Wheat,Andhra Pradesh,Kharif,6.7,517.7,24.9,65.3,6.41,94.6,68.5,74.6,166.5,4.5
Wheat,Haryana,Zaid,1.61,694.1,27.8,73.4,7.65,110.3,36.7,130.2,123.8,4.27
Groundnut,Tamil Nadu,Rabi,5.78,762.2,27.7,84.6,6.13,155.8,15.0,185.7,117.4,3.11
Potato,Maharashtra,Kharif,2.43,1420.2,24.4,67.5,7.0,138.4,47.3,64.8,167.0,24.06
Maize,Punjab,Kharif,2.08,523.5,25.1,72.6,6.73,132.6,86.7,87.3,153.7,4.98
Groundnut,Uttar Pradesh,Rabi,5.88,832.0,26.7,63.4,7.13,110.6,23.7,70.7,62.7,2.93
Maize,Tamil Nadu,Kharif,6.2,250.0,34.0,63.4,8.2,65.5,61.7,30.0,194.9,4.4
Rice,Karnataka,Zaid,2.46,890.2,28.6,74.1,7.47,117.5,54.1,95.4,162.4,4.71
Sugarcane,Punjab,Kharif,7.91,1027.5,24.5,63.1,7.36,84.4,80.4,79.2,132.8,104.41
Maize,Maharashtra,Kharif,5.3,783.6,23.1,62.1,6.9,83.9,70.4,144.1,222.4,4.88
Wheat,Andhra Pradesh,Zaid,3.69,872.0,24.1,77.8,6.75,140.6,36.2,95.1,227.8,3.86
Pulses,Punjab,Kharif,1.02,761.4,25.1,65.2,6.84,131.2,50.7,117.9,116.7,2.05
Cotton,Karnataka,Kharif,8.41,956.1,24.6,83.9,8.2,132.9,30.4,80.2,90.3,2.59
Pulses,Maharashtra,Kharif,5.7,909.9,28.5,57.5,6.36,103.0,20.3,79.5,97.2,1.72
Cotton,Karnataka,Kharif,5.18,1301.3,26.2,64.0,7.9,120.9,35.1,64.8,117.7,2.29
Potato,Karnataka,Kharif,3.52,1181.2,25.7,55.6,6.54,154.9,60.1,92.4,179.6,27.56
Potato,Madhya Pradesh,Kharif,1.42,632.1,23.3,46.9,7.41,93.4,78.8,122.4,104.9,24.98
Wheat,Uttar Pradesh,Rabi,4.21,1011.7,30.0,84.6,6.01,138.9,39.5,119.5,139.2,4.55
Rice,Tamil Nadu,Rabi,7.16,824.0,29.0,73.3,,137.7,48.9,121.9,107.6,4.8
Maize,Madhya Pradesh,Kharif,1.52,,19.6,61.7,7.44,177.5,110.3,126.2,143.7,4.79
Pulses,Gujarat,Zaid,6.79,1037.5,23.0,76.8,6.06,95.1,53.5,146.0,97.1,1.49
Potato,Uttar Pradesh,Rabi,1.09,533.7,34.1,73.6,7.11,155.3,65.3,45.0,,27.88
Cotton,Gujarat,Zaid,3.7,1080.1,31.1,90.7,7.44,108.8,80.3,125.1,71.4,2.15
Pulses,Andhra Pradesh,Zaid,6.52,1386.3,18.4,77.0,6.0,192.0,39.1,45.6,183.3,1.55
Sugarcane,Karnataka,Rabi,4.14,1013.2,33.5,83.3,6.8,177.9,44.7,105.3,182.6,103.73
Sugarcane,Maharashtra,Rabi,4.13,463.3,29.1,60.0,5.73,52.2,46.7,101.5,99.9,92.96
Rice,Madhya Pradesh,Zaid,5.73,867.3,24.1,72.0,6.79,112.1,56.9,115.9,234.0,4.74
Rice,Haryana,Rabi,5.92,531.9,32.6,58.1,6.38,73.1,67.7,87.8,137.0,4.91
Sugarcane,Punjab,Kharif,1.81,797.1,24.5,72.5,7.09,117.7,48.8,72.9,182.4,111.57
Sugarcane,Tamil Nadu,Zaid,3.96,1238.2,27.1,64.7,6.88,164.8,30.8,125.7,148.9,92.97
Potato,Punjab,Rabi,2.91,729.4,29.3,62.6,7.49,105.6,33.4,67.0,170.7,27.4
Sugarcane,Gujarat,Rabi,6.45,487.5,32.6,77.4,5.81,52.7,37.6,89.5,156.8,92.01
Cotton,Uttar Pradesh,Rabi,7.99,809.5,19.0,69.4,5.23,150.9,47.5,114.4,214.9,2.55
Wheat,Punjab,Rabi,3.81,1201.4,31.8,55.1,6.2,40.0,76.6,118.4,104.1,4.31
Pulses,Gujarat,Rabi,5.33,1223.1,29.1,50.3,4.91,162.5,41.9,129.8,106.8,1.57
Pulses,Andhra Pradesh,Kharif,2.91,934.3,27.8,77.2,5.19,52.7,56.0,104.7,114.9,1.83
Pulses,Madhya Pradesh,Kharif,4.61,464.4,22.6,44.3,8.02,198.0,80.0,148.1,116.5,1.74
Rice,Karnataka,Zaid,1.47,676.9,27.7,70.8,7.18,134.2,85.0,91.8,158.1,3.93
Wheat,Karnataka,Zaid,3.38,939.2,33.9,72.7,6.11,143.9,61.8,104.4,96.3,3.81
Pulses,Punjab,Rabi,5.71,1204.1,23.7,78.0,7.39,102.6,77.4,87.8,158.9,1.83
Maize,Karnataka,Kharif,3.26,1110.2,26.0,56.2,7.43,113.9,49.2,60.8,184.1,5.21
Sugarcane,Punjab,Zaid,1.05,878.0,26.2,41.5,7.31,141.8,43.8,96.9,157.3,102.02
Maize,Uttar Pradesh,Zaid,2.63,468.7,30.8,52.2,6.37,146.2,85.7,121.5,114.0,4.62
Rice,Gujarat,Rabi,1.36,797.8,22.3,52.7,6.01,97.7,42.8,95.7,120.2,4.19
Sugarcane,West Bengal,Zaid,6.77,921.4,19.9,61.0,6.35,116.6,44.0,75.2,158.2,84.08
Cotton,Andhra Pradesh,Rabi,6.06,642.6,23.7,70.5,5.68,150.2,28.4,88.2,238.1,2.62
Pulses,Madhya Pradesh,Zaid,2.65,739.4,18.7,92.4,6.72,106.8,74.6,60.7,172.1,1.43
Potato,Haryana,Zaid,4.93,938.4,27.1,65.7,5.86,105.8,44.9,127.0,83.1,26.53
Sugarcane,Gujarat,Zaid,4.22,757.6,26.5,66.6,5.86,98.9,31.2,81.7,157.1,80.32
Sugarcane,West Bengal,Kharif,8.15,1122.8,32.7,48.3,5.96,118.7,92.6,79.5,146.5,111.7
Sugarcane,Andhra Pradesh,Rabi,2.83,594.3,35.4,74.8,5.97,144.9,42.1,78.9,151.7,91.33
Maize,Uttar Pradesh,Rabi,5.22,403.4,32.4,61.7,6.85,118.5,39.0,93.3,112.9,4.72
Potato,Gujarat,Kharif,3.56,844.3,22.6,79.4,6.3,132.5,56.4,131.5,59.9,26.83
Cotton,Tamil Nadu,Kharif,10.59,724.3,27.5,65.6,7.24,141.6,43.1,47.8,127.2,2.43
Groundnut,West Bengal,Kharif,4.01,1156.0,23.5,61.8,7.04,131.8,86.7,106.2,223.4,3.06
Potato,Maharashtra,Zaid,4.26,590.5,35.4,56.9,4.8,122.4,78.6,110.9,152.0,22.85
Groundnut,Madhya Pradesh,Zaid,1.37,690.9,33.0,81.6,6.71,100.7,35.5,121.4,155.0,2.56
Maize,Maharashtra,Rabi,2.41,874.3,37.4,71.4,6.36,174.6,68.5,69.3,223.3,5.28
Groundnut,Uttar Pradesh,Rabi,1.84,900.3,29.6,,7.28,116.7,67.2,119.4,267.1,2.74
Sugarcane,Haryana,Kharif,6.79,649.9,28.9,68.7,6.7,116.3,37.3,61.6,143.8,110.79
Potato,Tamil Nadu,Zaid,0.78,740.8,33.4,58.1,7.04,173.2,38.0,57.2,156.0,24.7
Pulses,Punjab,Rabi,6.62,456.1,28.0,66.8,7.12,110.3,73.2,112.4,152.7,1.83
Wheat,Madhya Pradesh,Kharif,3.26,691.2,31.4,63.9,5.75,123.7,44.5,162.4,88.8,4.13
Maize,Andhra Pradesh,Zaid,4.06,991.2,30.8,85.6,6.01,183.8,27.6,118.4,148.1,4.22
Rice,Haryana,Zaid,4.66,1099.4,28.3,92.1,7.35,116.5,70.3,86.1,153.5,4.7
Maize,West Bengal,Rabi,2.37,849.3,21.0,57.3,6.78,159.4,23.4,80.5,174.4,5.28
Maize,Madhya Pradesh,Zaid,4.09,250.0,24.3,66.5,6.8,124.5,66.2,140.3,209.2,4.92
Pulses,West Bengal,Rabi,5.11,394.8,31.4,59.3,8.17,158.4,75.4,88.5,73.0,1.66
Wheat,Andhra Pradesh,Rabi,5.01,1192.2,28.2,88.8,6.41,95.0,59.2,119.7,206.7,4.29
Potato,Punjab,Zaid,1.21,1006.5,30.2,80.2,5.97,57.6,40.4,170.1,196.9,29.46
Cotton,Haryana,Zaid,11.19,922.3,27.5,65.8,7.98,83.2,27.3,148.5,130.1,2.36
Maize,Uttar Pradesh,Zaid,5.8,1108.8,24.5,64.8,7.0,104.6,70.6,80.0,167.7,5.17
Rice,Andhra Pradesh,Zaid,7.31,711.1,29.1,60.1,7.7,154.1,96.6,33.7,207.4,4.07
Cotton,Punjab,Kharif,11.86,821.6,29.8,61.5,6.61,102.7,,107.0,52.5,2.41
Cotton,Karnataka,Zaid,2.29,968.1,15.0,73.8,6.4,100.0,97.2,94.4,109.7,2.26
Cotton,Andhra Pradesh,Rabi,7.19,1109.9,26.1,76.4,7.8,84.1,83.1,160.9,115.1,2.63
Sugarcane,Punjab,Kharif,4.85,,25.3,84.7,6.44,88.6,15.0,91.0,215.1,108.82
Pulses,Tamil Nadu,Zaid,2.38,730.8,27.2,61.5,7.32,132.7,49.1,89.3,130.5,1.73
Potato,Punjab,Zaid,4.95,1335.4,28.2,67.8,7.22,127.7,55.0,158.7,201.7,27.55
Sugarcane,West Bengal,Kharif,5.71,292.0,23.8,53.0,6.82,165.5,69.2,108.7,194.0,100.91
Wheat,Karnataka,Zaid,7.18,1127.4,30.9,79.3,6.75,105.3,65.6,137.1,107.4,3.9
Pulses,Andhra Pradesh,Kharif,4.37,839.6,30.2,60.2,6.84,130.3,67.3,129.7,235.8,1.99
Sugarcane,Uttar Pradesh,Zaid,8.43,845.9,28.5,74.1,7.52,121.5,40.5,75.4,144.9,89.63
Cotton,Karnataka,Zaid,5.14,1249.2,23.7,84.7,6.38,74.6,86.3,100.9,145.6,2.39
Potato,Maharashtra,Kharif,2.38,1317.8,24.6,55.6,6.22,,40.6,81.8,151.4,25.12
Groundnut,Maharashtra,Zaid,3.22,1279.0,15.0,69.3,7.85,62.2,55.6,44.4,177.0,2.31
Groundnut,Uttar Pradesh,Rabi,2.08,875.3,22.0,94.4,6.32,73.0,51.2,58.6,204.9,2.85
Groundnut,West Bengal,Kharif,1.34,962.4,22.7,60.7,6.76,40.0,32.9,134.4,178.5,2.81
Pulses,Uttar Pradesh,Zaid,1.88,829.6,26.7,69.1,6.39,70.1,52.7,143.9,199.4,1.67
Pulses,Uttar Pradesh,Rabi,1.93,994.4,,65.8,7.39,178.0,74.7,91.4,73.2,1.61
Sugarcane,Haryana,Zaid,8.98,456.7,21.3,62.1,6.95,107.8,69.7,91.8,155.4,86.33
Pulses,Andhra Pradesh,Rabi,2.56,1519.5,24.0,66.3,6.34,150.3,47.5,96.0,119.9,1.65
Cotton,Maharashtra,Zaid,7.14,1213.3,21.4,64.6,6.84,140.3,49.0,103.1,152.1,2.29
Groundnut,Karnataka,Kharif,5.81,1670.9,23.5,62.9,6.87,150.9,74.5,128.5,202.8,
Pulses,Punjab,Rabi,3.17,1088.7,29.1,75.7,6.66,,30.7,145.9,149.2,1.93
Pulses,Tamil Nadu,Zaid,4.74,478.7,26.1,76.6,7.34,,39.3,101.8,138.6,1.5
Maize,West Bengal,Kharif,2.21,1058.1,22.5,53.5,6.13,127.6,72.4,108.3,159.1,5.23
Potato,Gujarat,Rabi,4.14,801.3,27.9,63.2,6.65,163.5,22.4,85.7,111.8,27.75
Wheat,Gujarat,Zaid,1.81,320.0,29.6,76.3,6.2,103.8,52.6,68.3,72.1,3.62
Cotton,Uttar Pradesh,Zaid,5.95,1076.4,30.9,62.9,5.64,123.7,50.8,120.9,143.4,2.18
Sugarcane,Madhya Pradesh,Kharif,6.97,899.5,23.2,69.1,6.77,112.7,67.7,73.5,136.7,94.03
Wheat,Uttar Pradesh,Rabi,7.7,940.7,28.9,87.4,6.21,104.2,82.0,101.2,177.2,4.73
Groundnut,Tamil Nadu,Kharif,5.4,1656.7,25.6,81.8,6.3,137.1,79.2,114.7,125.0,2.64
Pulses,Tamil Nadu,Zaid,4.67,555.3,32.0,72.8,6.72,79.3,55.3,103.3,155.7,1.55
Cotton,Maharashtra,Rabi,8.38,850.8,28.3,67.4,6.81,130.4,94.3,99.4,49.2,2.29
Sugarcane,Gujarat,Zaid,8.38,1126.9,29.4,,7.66,109.0,,172.0,118.8,79.34
Potato,Uttar Pradesh,Kharif,3.37,1234.1,25.9,53.1,5.85,130.5,15.0,87.0,294.5,28.17
Maize,Maharashtra,Zaid,5.08,1021.7,36.2,79.5,6.85,71.6,59.1,119.6,269.4,4.54
Pulses,Haryana,Rabi,5.52,538.1,25.0,52.4,7.67,51.5,43.6,117.1,179.3,1.98
Maize,Punjab,Kharif,5.46,479.8,27.3,86.5,8.2,172.5,66.1,114.9,190.4,6.08
Rice,Haryana,Zaid,5.28,1055.6,25.7,72.3,6.49,143.6,76.5,152.3,213.4,4.99
Cotton,Maharashtra,Zaid,4.11,512.1,29.3,61.2,6.51,91.9,57.4,99.6,212.7,2.19
Wheat,Gujarat,Rabi,9.57,755.0,20.7,38.2,6.84,171.8,47.6,30.0,143.7,3.93
Wheat,Uttar Pradesh,Kharif,2.21,641.1,32.0,69.4,7.84,113.6,80.6,112.9,156.6,4.73
Sugarcane,Uttar Pradesh,Kharif,7.48,684.3,29.6,77.6,6.14,81.6,59.8,72.6,118.7,106.11
Wheat,Madhya Pradesh,Zaid,3.08,1107.5,25.5,91.8,5.52,150.7,80.6,104.3,225.0,4.08
Sugarcane,Punjab,Rabi,2.85,898.8,26.5,68.5,6.15,116.9,51.8,65.8,258.2,115.6
Maize,Karnataka,Kharif,6.6,,20.9,63.7,7.17,142.3,85.7,105.5,212.9,5.01
Rice,Haryana,Zaid,2.69,828.9,25.1,61.4,6.77,124.6,56.9,154.1,231.5,
Potato,Andhra Pradesh,Rabi,4.0,1078.9,24.1,65.3,7.6,82.3,81.1,156.3,214.4,27.7
Rice,Madhya Pradesh,Kharif,7.33,1013.5,19.9,81.9,7.39,196.3,60.1,110.6,129.2,4.45
Potato,Andhra Pradesh,Kharif,2.34,855.4,20.6,58.6,7.99,74.4,54.3,165.8,146.5,30.69
Pulses,Maharashtra,Zaid,4.78,580.4,24.8,76.2,7.76,148.5,53.0,97.4,152.7,1.62
Cotton,Gujarat,Kharif,4.94,786.1,22.7,81.3,7.05,137.4,38.1,115.2,150.9,2.59
Sugarcane,Karnataka,Kharif,1.01,613.7,20.5,74.9,6.51,126.7,102.6,95.6,74.5,93.29
Sugarcane,Uttar Pradesh,Rabi,2.21,895.9,21.4,63.9,6.44,158.0,74.4,156.4,139.5,105.63
Sugarcane,Andhra Pradesh,Kharif,2.61,973.6,19.8,62.9,6.05,151.6,60.9,84.0,178.6,92.51
Pulses,Maharashtra,Kharif,3.87,907.0,27.8,64.7,6.24,131.5,15.0,85.3,120.9,1.74
Wheat,Haryana,Zaid,3.29,1086.7,31.6,65.8,7.29,186.8,33.2,93.2,154.3,4.41
Sugarcane,Gujarat,Zaid,8.94,770.1,30.8,85.6,5.24,206.5,37.8,38.3,73.2,79.9
Potato,West Bengal,Zaid,1.87,688.5,26.1,57.2,5.98,105.0,84.1,111.5,,25.64
Wheat,Andhra Pradesh,Rabi,7.38,399.3,23.4,59.2,7.52,161.9,98.4,37.4,176.1,4.75
Potato,Punjab,Zaid,4.95,1000.5,25.0,82.4,6.24,166.1,49.6,187.0,117.9,29.11
Sugarcane,Uttar Pradesh,Kharif,3.29,,27.5,63.5,7.78,100.2,53.8,136.3,209.4,97.33
Pulses,Tamil Nadu,Kharif,1.44,453.6,23.3,82.1,6.79,40.0,36.0,116.3,159.8,1.75
Wheat,Haryana,Zaid,9.81,,26.7,86.1,7.82,126.8,,128.5,179.6,4.3
Sugarcane,West Bengal,Kharif,1.04,970.1,31.1,66.1,6.88,92.8,110.8,62.4,153.0,94.42
Cotton,Uttar Pradesh,Kharif,9.16,,31.6,51.9,6.59,159.9,78.3,138.3,187.6,3.05
Potato,Karnataka,Kharif,4.87,625.1,24.5,64.6,5.91,55.8,82.8,103.1,177.2,26.25
Rice,Madhya Pradesh,Zaid,2.83,607.2,24.6,83.6,6.18,102.0,35.7,97.1,53.4,3.69
Groundnut,Andhra Pradesh,Zaid,2.45,1111.8,26.4,66.6,7.11,119.0,42.4,112.2,105.2,2.61
Rice,Madhya Pradesh,Kharif,1.82,1000.7,27.9,43.1,6.37,137.3,38.2,102.6,187.0,4.44
Sugarcane,Karnataka,Zaid,6.9,1168.9,28.1,72.6,7.02,151.0,45.0,30.0,300.0,84.07
Rice,Gujarat,Zaid,1.47,656.1,21.0,67.5,6.69,189.9,60.1,92.1,215.1,3.87
Potato,Uttar Pradesh,Zaid,2.12,828.8,29.9,71.8,7.43,135.5,60.0,104.9,155.3,23.34
Groundnut,Haryana,Kharif,1.38,1099.5,24.9,60.9,7.48,173.6,64.7,147.6,200.7,3.0
Pulses,Tamil Nadu,Kharif,1.05,1283.7,36.8,72.3,7.57,138.0,57.5,51.2,127.1,1.64
Sugarcane,Punjab,Zaid,7.94,995.6,28.1,59.1,6.14,97.1,49.5,172.4,83.7,92.09
Potato,Gujarat,Zaid,1.42,1469.7,26.9,57.4,6.11,126.0,58.0,71.3,143.0,24.42
Rice,Madhya Pradesh,Kharif,6.08,750.3,33.9,95.0,7.66,94.4,58.0,81.9,227.3,4.74
Wheat,Madhya Pradesh,Zaid,9.81,1221.1,17.0,48.7,7.14,177.1,65.4,74.7,144.1,3.49
Pulses,Uttar Pradesh,Rabi,3.26,472.1,18.7,86.0,7.18,110.1,56.3,73.1,191.6,1.75
Rice,Maharashtra,Kharif,2.0,836.0,26.1,75.7,5.97,122.6,41.1,47.7,143.7,4.47
Maize,Haryana,Zaid,2.22,605.4,31.4,70.8,6.6,118.4,104.3,148.4,82.9,5.0
Pulses,Punjab,Zaid,2.99,862.0,20.0,74.3,6.08,122.2,75.8,129.4,131.9,1.81
Maize,Maharashtra,Zaid,5.68,966.9,22.5,78.8,7.68,138.3,39.1,48.7,125.7,4.7
Potato,Madhya Pradesh,Zaid,2.56,1147.4,24.5,55.2,7.14,110.2,50.7,160.7,239.0,23.97
Sugarcane,Madhya Pradesh,Kharif,6.82,777.9,24.1,69.8,6.14,94.8,55.9,116.2,123.4,91.9
Sugarcane,Gujarat,Zaid,1.05,896.7,29.7,79.2,7.89,78.5,36.3,143.8,202.4,78.47
Wheat,Haryana,Zaid,9.94,441.6,26.1,75.6,6.54,130.0,49.1,69.7,158.1,4.27
Wheat,Maharashtra,Rabi,8.53,884.8,32.7,90.7,6.57,62.3,68.2,108.0,94.7,4.06
Cotton,Madhya Pradesh,Rabi,3.58,728.2,35.1,73.7,6.53,86.7,47.5,94.1,138.1,2.59
Maize,Andhra Pradesh,Rabi,5.32,433.5,24.6,81.1,,233.4,72.1,122.4,121.4,5.28
Potato,Uttar Pradesh,Rabi,3.72,764.6,27.1,,7.92,92.5,63.8,94.7,119.9,29.44
Rice,Punjab,Zaid,1.84,447.4,26.2,84.2,7.91,94.9,118.8,76.2,241.9,4.69
Groundnut,Punjab,Zaid,4.88,1103.9,29.2,74.1,7.55,119.5,42.9,189.3,45.0,2.65
Wheat,Maharashtra,Zaid,1.75,744.8,29.4,71.5,6.21,148.1,64.4,148.4,195.9,3.86
Rice,Uttar Pradesh,Rabi,1.71,961.3,20.7,58.0,6.29,79.4,61.8,78.4,140.9,4.55
Cotton,Madhya Pradesh,Rabi,2.93,474.6,25.2,78.8,6.94,40.0,60.1,121.8,147.7,2.6
Cotton,Uttar Pradesh,Kharif,11.59,676.9,20.2,60.2,8.11,56.8,58.0,86.2,104.0,2.44
Cotton,Tamil Nadu,Rabi,7.21,684.9,27.6,85.3,7.37,103.3,52.3,116.3,101.5,2.47
Rice,Andhra Pradesh,Kharif,7.6,1368.1,27.0,57.4,6.64,131.0,45.6,102.5,61.4,4.07
Cotton,Andhra Pradesh,Kharif,4.17,1080.9,36.1,41.5,6.34,98.0,73.6,125.1,197.5,2.53
Potato,Madhya Pradesh,Rabi,4.74,1049.2,30.3,42.5,7.21,146.0,,31.6,146.8,25.14
Pulses,Uttar Pradesh,Zaid,4.53,1052.4,28.6,71.4,6.36,184.4,60.6,153.4,175.7,1.75
Rice,Tamil Nadu,Rabi,1.36,764.4,25.6,69.7,6.68,167.6,44.1,133.5,75.5,4.77
Rice,Gujarat,Zaid,4.0,975.1,24.6,80.9,7.16,130.8,58.8,180.5,64.7,4.09
Pulses,Madhya Pradesh,Kharif,5.31,1062.2,27.8,47.3,5.52,150.6,55.1,65.8,,1.92
Pulses,Uttar Pradesh,Kharif,5.32,1138.9,36.0,34.3,6.26,171.0,36.3,58.9,55.0,1.75
Maize,Karnataka,Rabi,4.88,258.7,37.1,76.4,7.59,85.3,70.1,83.0,72.3,4.55
Maize,West Bengal,Kharif,6.68,1076.2,29.5,73.1,7.59,84.0,46.6,137.9,128.2,5.1
Cotton,West Bengal,Zaid,3.6,904.0,23.7,53.3,6.28,98.4,80.6,97.7,136.5,2.36
Sugarcane,Uttar Pradesh,Zaid,8.0,974.1,20.4,70.7,6.98,106.2,18.3,163.0,147.3,93.53
Wheat,Madhya Pradesh,Zaid,6.36,692.4,,78.9,6.15,145.6,94.3,30.9,74.5,3.78
Potato,Maharashtra,Kharif,2.51,864.3,21.0,48.9,6.74,65.0,75.5,103.1,125.8,25.8
Sugarcane,Madhya Pradesh,Zaid,5.93,781.7,23.4,72.3,7.13,120.8,52.2,96.1,194.4,89.56
Maize,Tamil Nadu,Rabi,4.27,676.5,19.2,70.7,8.2,135.3,60.1,98.8,124.1,4.99
Sugarcane,Uttar Pradesh,Rabi,7.84,938.0,21.0,71.6,5.98,103.6,69.4,128.1,207.9,110.0
Sugarcane,Punjab,Rabi,4.45,960.0,27.2,67.5,7.65,243.1,55.2,90.3,45.2,99.98
Groundnut,Haryana,Rabi,3.01,1272.5,23.8,94.3,7.08,95.9,53.7,131.6,130.4,3.06
Rice,Punjab,Zaid,2.8,1291.7,28.2,66.4,7.04,86.3,50.8,78.0,135.0,4.28
Wheat,Andhra Pradesh,Rabi,9.76,664.5,29.8,51.3,7.86,150.8,59.9,30.3,200.5,4.75
Cotton,Tamil Nadu,Zaid,11.16,655.6,29.0,72.3,6.23,40.0,34.9,83.9,204.8,2.52
Sugarcane,Punjab,Zaid,4.41,538.0,32.2,65.5,6.58,109.3,58.1,77.1,199.0,97.05
Potato,Karnataka,Zaid,4.6,754.0,30.9,54.0,6.11,118.6,50.8,46.2,203.6,24.56
Potato,Tamil Nadu,Rabi,0.51,1115.1,30.2,72.8,6.29,135.1,31.2,73.8,20.0,24.22
Maize,Gujarat,Rabi,2.82,1400.9,22.3,70.6,7.34,133.8,82.4,161.5,148.7,5.14
Cotton,Haryana,Rabi,8.47,1381.4,28.2,73.2,7.24,159.7,51.1,99.4,113.7,2.9
Wheat,Gujarat,Zaid,9.43,1134.5,31.5,63.0,4.8,41.4,68.5,156.5,185.2,3.99
Rice,Gujarat,Zaid,2.8,1065.5,33.2,92.7,6.86,116.5,53.0,73.1,104.6,3.77
Groundnut,Maharashtra,Rabi,2.68,1190.7,25.8,62.4,6.45,164.5,18.5,70.5,172.0,2.49
Groundnut,Haryana,Zaid,4.51,801.2,22.8,70.2,6.71,116.8,51.4,107.8,75.1,2.66
Potato,Tamil Nadu,Kharif,1.22,596.9,25.5,56.9,7.19,122.3,39.9,121.8,188.6,30.5
Wheat,West Bengal,Rabi,1.95,878.0,27.2,61.4,6.51,109.3,62.5,174.4,145.9,4.35
Groundnut,Tamil Nadu,Kharif,5.59,855.0,30.0,82.8,7.41,132.4,23.9,58.7,69.0,3.14
Potato,Maharashtra,Zaid,3.35,745.2,24.3,61.5,6.62,148.2,67.8,112.7,209.7,26.19
Potato,Karnataka,Rabi,0.96,859.8,31.9,49.5,6.82,146.5,66.7,91.4,75.0,25.59
Pulses,Madhya Pradesh,Zaid,2.09,969.5,35.2,77.8,7.18,126.4,65.0,63.1,85.4,1.39
Potato,Andhra Pradesh,Rabi,4.84,448.8,25.2,74.4,6.59,106.3,48.3,103.4,45.1,28.53
Maize,Gujarat,Zaid,1.01,892.8,24.4,87.9,7.2,95.4,48.2,98.2,149.5,4.96
Sugarcane,Maharashtra,Kharif,4.85,1068.6,33.1,65.4,7.02,149.1,67.2,58.9,154.7,93.68
Sugarcane,Madhya Pradesh,Rabi,4.92,999.9,22.9,68.8,6.71,149.5,29.8,171.2,160.8,100.04
Groundnut,Karnataka,Zaid,3.08,873.1,26.9,,6.42,106.7,63.8,131.1,192.5,2.41
Maize,Madhya Pradesh,Zaid,5.9,741.3,23.3,74.9,6.74,86.5,39.2,99.1,77.0,4.82
Pulses,Tamil Nadu,Kharif,2.9,935.1,23.3,73.6,6.85,173.7,50.0,106.7,79.6,1.81
Cotton,Tamil Nadu,Zaid,6.96,705.5,35.1,77.1,5.06,137.5,50.1,105.4,134.2,2.63
Maize,Karnataka,Zaid,6.76,723.7,27.6,68.1,6.75,142.0,76.8,,216.0,4.76
Potato,West Bengal,Rabi,4.41,710.8,15.0,60.2,7.05,159.5,62.5,150.5,116.7,25.34
Pulses,Andhra Pradesh,Kharif,3.08,630.9,32.1,57.6,6.99,144.4,76.8,113.0,20.5,1.69
Cotton,Madhya Pradesh,Kharif,10.63,991.3,28.8,92.5,6.27,145.6,78.6,69.0,161.9,2.75
Groundnut,Maharashtra,Zaid,2.66,591.2,31.9,68.1,6.34,132.0,54.6,115.5,141.6,2.28
Potato,Karnataka,Rabi,0.76,335.0,31.4,49.8,7.41,161.3,67.7,151.0,194.8,25.95
Potato,West Bengal,Zaid,4.6,250.0,27.6,68.8,6.11,138.8,69.3,114.0,24.9,23.73
Potato,Karnataka,Zaid,4.15,745.4,,67.9,6.54,76.4,73.1,135.8,134.6,25.2
Rice,Gujarat,Kharif,2.87,939.5,28.7,81.9,6.11,106.0,45.5,159.9,94.8,4.73
Sugarcane,Maharashtra,Zaid,3.83,572.7,25.3,77.8,6.79,211.2,68.9,123.4,174.4,91.69
Potato,Andhra Pradesh,Zaid,1.18,1684.4,28.1,55.3,7.6,115.7,15.0,78.5,146.5,25.04
Potato,West Bengal,Zaid,1.59,1030.2,29.3,78.0,7.2,143.9,15.0,164.3,136.0,26.71
Sugarcane,Tamil Nadu,Zaid,6.89,502.7,36.1,60.4,5.74,133.2,67.6,142.1,145.7,87.02
Cotton,Maharashtra,Kharif,6.64,866.9,20.9,72.9,6.27,145.1,21.7,96.3,128.6,2.65
Sugarcane,Andhra Pradesh,Zaid,2.82,466.5,23.3,45.1,7.3,200.7,66.0,102.7,162.2,87.72
Pulses,West Bengal,Rabi,6.02,1562.1,28.9,72.6,6.17,116.8,60.7,86.5,136.8,1.84
Pulses,Tamil Nadu,Rabi,5.1,706.5,26.4,63.6,5.36,54.8,28.8,144.4,86.9,1.45
Potato,Gujarat,Zaid,1.82,1094.7,31.2,78.4,7.92,186.1,84.6,116.4,100.8,25.2
Groundnut,Maharashtra,Zaid,1.34,670.2,29.7,48.2,6.04,123.0,72.9,116.3,148.6,2.38
Rice,Tamil Nadu,Kharif,5.1,892.2,27.3,81.1,6.96,105.0,50.6,108.6,196.6,
Rice,Punjab,Zaid,1.19,1053.4,33.5,85.1,5.87,135.1,80.5,65.7,238.2,4.35
Pulses,Punjab,Kharif,1.42,1206.6,26.3,75.3,7.16,127.7,44.6,126.9,45.8,1.98
Maize,Maharashtra,Zaid,5.88,471.7,24.1,63.1,6.91,123.5,,146.2,103.9,3.91
Cotton,Madhya Pradesh,Rabi,6.62,749.7,25.2,48.8,7.51,220.5,48.8,84.0,122.1,2.42
Groundnut,Haryana,Kharif,3.79,1352.2,18.1,69.5,5.71,110.3,15.0,92.3,111.1,2.71
Potato,Uttar Pradesh,Kharif,2.12,1118.2,24.8,31.7,5.49,161.5,47.6,75.6,116.9,27.25
Wheat,West Bengal,Kharif,2.56,862.7,24.8,66.3,6.9,110.4,85.6,123.1,156.7,4.54
Sugarcane,Tamil Nadu,Zaid,1.67,663.4,27.7,67.6,6.78,195.8,47.4,144.7,113.2,81.88
Potato,Andhra Pradesh,Kharif,2.38,774.8,31.6,65.3,6.37,154.4,54.9,97.5,92.4,28.03
Groundnut,Punjab,Rabi,1.57,572.6,23.6,73.3,6.37,158.2,31.7,161.5,165.1,3.02
Pulses,Gujarat,Kharif,3.31,984.6,20.5,81.6,5.85,167.1,45.1,79.5,54.6,1.71
Maize,Maharashtra,Rabi,6.56,639.6,24.5,65.9,6.55,83.6,44.4,124.2,244.6,5.06
Wheat,Tamil Nadu,Zaid,4.94,1129.1,21.2,60.9,7.6,167.4,56.9,109.0,67.5,4.47
Potato,Tamil Nadu,Kharif,3.93,1099.8,17.5,55.2,6.6,115.1,73.1,102.5,151.2,28.55
Groundnut,Punjab,Rabi,1.73,925.9,23.4,62.6,6.54,195.4,59.7,120.9,197.7,2.73
Wheat,Tamil Nadu,Rabi,8.31,850.7,33.9,55.7,7.6,95.7,67.2,145.0,159.4,4.26
Groundnut,Uttar Pradesh,Kharif,3.43,1091.1,30.1,46.5,5.4,101.6,,69.1,102.7,2.75
Cotton,Karnataka,Rabi,2.2,558.2,29.7,80.6,7.04,150.4,59.4,161.2,182.0,2.4
Maize,Maharashtra,Kharif,1.47,1035.2,26.2,72.8,5.3,,84.8,153.3,108.1,5.06
Maize,Punjab,Kharif,3.72,,29.3,82.8,6.4,179.3,57.6,58.2,244.0,6.03
Cotton,Gujarat,Kharif,2.27,902.3,28.2,71.6,7.62,128.1,60.1,175.7,146.2,2.68
Cotton,Gujarat,Kharif,11.91,873.7,29.7,74.5,6.19,,67.6,103.3,242.5,2.75
Wheat,Uttar Pradesh,Kharif,3.14,1075.2,23.5,68.3,7.04,57.9,56.7,111.4,148.2,4.41
Groundnut,Uttar Pradesh,Zaid,3.88,560.9,25.3,47.5,7.19,231.8,53.2,137.3,122.6,2.65
Maize,Maharashtra,Kharif,2.38,974.8,24.7,56.5,5.6,91.1,34.2,179.9,88.9,5.36
Sugarcane,West Bengal,Zaid,6.71,666.0,27.0,71.5,7.23,95.3,19.8,104.4,119.0,87.12
Maize,Maharashtra,Kharif,4.86,727.8,28.9,67.4,7.3,118.8,49.4,139.5,127.3,4.73
Wheat,Punjab,Rabi,1.14,1310.4,22.5,47.3,6.55,85.9,15.0,64.1,177.1,4.59
Cotton,Uttar Pradesh,Rabi,11.19,664.8,25.5,55.9,6.12,186.4,30.9,167.7,155.8,2.7
Sugarcane,Punjab,Kharif,8.36,727.8,22.9,62.8,7.24,88.6,29.9,76.9,62.3,108.6
Sugarcane,Madhya Pradesh,Rabi,6.69,1474.1,31.8,57.8,6.61,207.4,71.8,120.3,203.6,96.59
Potato,Maharashtra,Rabi,4.32,746.4,31.2,65.0,6.24,117.9,60.0,132.8,201.6,28.74
Potato,Uttar Pradesh,Kharif,4.22,1241.6,26.3,41.6,7.6,143.5,42.2,76.7,218.0,27.95
Potato,Gujarat,Kharif,1.67,934.9,20.6,76.0,7.53,40.0,65.1,55.3,20.0,23.36
Cotton,Uttar Pradesh,Zaid,5.45,961.0,36.5,67.1,6.0,120.8,40.4,143.9,114.4,2.35
Sugarcane,Haryana,Rabi,8.11,250.0,20.7,34.6,7.16,178.1,67.9,81.9,222.1,
Groundnut,Karnataka,Rabi,3.88,717.6,25.0,64.5,5.45,114.6,98.1,122.8,202.3,
Rice,Gujarat,Rabi,2.82,798.0,30.9,84.9,7.34,130.5,27.1,102.6,122.3,4.33
Groundnut,Haryana,Rabi,4.91,1105.6,25.9,64.7,6.21,119.5,,57.3,73.8,2.73
Wheat,Andhra Pradesh,Rabi,1.69,562.5,28.5,70.5,7.42,200.8,15.0,128.7,119.2,3.81
Rice,Madhya Pradesh,Rabi,2.76,1284.1,24.6,90.7,7.45,128.8,,85.0,104.2,4.23
Cotton,Haryana,Zaid,2.75,578.6,27.3,57.6,6.89,122.6,74.9,192.2,111.4,2.77
Potato,Gujarat,Kharif,4.98,898.5,32.5,52.9,6.87,150.3,76.7,176.0,178.7,31.03
Wheat,Karnataka,Kharif,4.71,1126.5,25.5,53.2,7.49,88.6,67.8,96.5,249.7,4.31
Potato,Madhya Pradesh,Zaid,1.95,1072.6,27.1,66.3,5.32,142.9,44.6,109.3,270.2,25.0
Maize,Punjab,Rabi,1.15,1525.7,32.5,53.9,6.07,96.9,91.8,60.4,138.9,4.98
Wheat,Punjab,Zaid,2.71,534.1,27.1,69.2,6.35,121.3,66.6,114.1,74.5,4.13
Wheat,West Bengal,Rabi,8.42,750.6,27.3,68.4,6.75,96.4,64.3,178.9,123.4,4.59
Pulses,Andhra Pradesh,Zaid,2.32,1175.1,24.6,72.9,6.63,,60.3,35.6,196.5,1.82
Rice,Karnataka,Rabi,5.86,560.0,27.1,77.6,7.17,140.4,37.1,72.1,141.1,4.54
Wheat,Andhra Pradesh,Rabi,3.68,697.7,25.9,77.9,7.11,151.2,42.6,90.6,152.8,4.32
Groundnut,Karnataka,Kharif,2.2,250.0,28.5,43.0,7.8,142.8,15.0,104.0,157.7,2.86
Cotton,Haryana,Zaid,8.21,660.5,29.8,61.6,7.77,99.2,55.1,80.4,228.4,2.59
Rice,Uttar Pradesh,Rabi,1.42,276.9,28.3,64.0,6.7,101.3,38.5,168.2,56.5,4.42
Maize,Karnataka,Rabi,5.96,403.8,35.0,55.9,6.78,126.9,60.7,130.1,251.4,4.95
Rice,Karnataka,Zaid,1.05,1292.0,31.4,30.2,6.92,168.9,69.9,68.5,173.0,4.43
Rice,Uttar Pradesh,Kharif,1.66,680.8,26.9,64.5,5.83,81.3,45.4,129.7,119.0,
Cotton,Karnataka,Rabi,11.26,902.3,20.3,59.0,7.54,132.4,95.8,121.1,127.9,2.5
Maize,Gujarat,Rabi,3.91,1055.2,40.0,70.3,6.63,59.6,75.0,57.5,151.2,5.14
Sugarcane,Karnataka,Kharif,1.35,810.1,34.8,79.7,7.72,66.2,18.5,98.1,245.7,92.18
Rice,Andhra Pradesh,Rabi,6.05,604.0,29.6,64.9,5.83,129.0,38.9,30.0,42.0,4.81
Potato,Uttar Pradesh,Zaid,2.0,751.5,33.6,51.5,6.41,150.6,27.1,38.6,128.0,23.83
Rice,Gujarat,Zaid,3.55,1240.9,25.2,78.8,6.52,116.7,101.8,136.4,105.3,4.2
Maize,Tamil Nadu,Kharif,2.71,1423.3,29.4,48.4,6.38,193.7,38.8,96.8,89.7,5.02
Groundnut,Haryana,Rabi,5.88,1276.6,25.8,78.4,6.16,112.2,118.9,109.7,96.3,2.85
Cotton,Andhra Pradesh,Kharif,4.58,997.6,21.8,73.9,6.2,77.8,90.3,109.0,96.0,2.6
Pulses,Maharashtra,Zaid,3.46,960.5,35.4,95.0,7.39,101.4,28.2,73.6,74.2,1.43
Cotton,Gujarat,Kharif,8.17,1161.3,18.3,87.5,6.89,181.4,15.0,142.3,104.8,2.44
Sugarcane,Haryana,Rabi,6.88,447.1,31.7,78.2,7.85,50.4,66.1,40.0,108.3,92.6
Potato,Madhya Pradesh,Kharif,0.87,1237.6,23.4,70.5,7.13,101.5,40.2,161.7,104.4,
Wheat,West Bengal,Kharif,4.54,801.3,21.6,82.5,7.2,123.8,75.6,99.8,94.4,4.62
Cotton,Gujarat,Zaid,9.35,1288.1,20.8,74.8,7.9,156.1,71.6,60.6,179.5,2.17
Maize,Uttar Pradesh,Zaid,5.79,404.7,29.7,69.3,6.73,241.0,68.1,133.9,79.8,4.71
Sugarcane,Madhya Pradesh,Kharif,3.34,898.1,36.0,93.0,6.74,100.2,57.0,,30.2,88.47
Sugarcane,Punjab,Rabi,8.61,925.8,22.1,77.7,7.24,129.7,37.6,59.3,171.3,110.27
Groundnut,Andhra Pradesh,Rabi,5.07,622.3,31.7,78.8,6.85,117.1,53.5,93.6,100.1,2.7
Rice,West Bengal,Rabi,4.25,1402.6,19.3,61.9,7.41,165.5,55.3,91.8,87.0,4.49
Sugarcane,Andhra Pradesh,Rabi,7.46,705.0,33.4,63.5,7.72,191.9,57.7,157.2,168.9,90.93
Wheat,Andhra Pradesh,Rabi,4.69,1076.3,31.9,47.7,5.99,123.0,90.9,106.5,176.5,4.74
Groundnut,Punjab,Kharif,2.73,997.7,28.5,73.8,6.84,157.4,47.2,116.2,187.6,3.06
Maize,Maharashtra,Kharif,5.04,1048.7,29.9,76.3,7.63,99.2,65.4,99.8,76.6,4.67
Maize,Karnataka,Kharif,6.16,1288.8,24.4,65.0,,146.4,84.6,121.1,146.5,4.85
Rice,Haryana,Zaid,1.8,288.9,29.3,95.0,5.55,152.0,94.5,114.4,230.1,4.46
Sugarcane,Madhya Pradesh,Kharif,4.48,595.4,27.1,54.4,7.1,162.3,31.4,115.5,135.9,106.12
Maize,Madhya Pradesh,Zaid,5.11,1109.9,31.6,77.0,7.34,144.6,53.8,118.0,108.9,3.79
Groundnut,Tamil Nadu,Kharif,3.36,687.7,30.1,65.3,6.56,53.0,41.3,103.4,153.4,2.84
Cotton,Karnataka,Rabi,6.16,1002.9,18.0,79.7,5.36,112.3,59.7,97.7,209.9,2.45
Pulses,Haryana,Zaid,2.81,638.1,20.0,50.2,6.67,149.2,49.0,66.8,165.8,1.71
Potato,Gujarat,Kharif,1.58,1301.8,24.9,76.5,6.66,96.6,72.6,111.5,132.9,27.3
Pulses,Andhra Pradesh,Kharif,1.33,861.6,29.3,63.0,,139.7,41.3,157.3,91.5,1.6
Maize,Andhra Pradesh,Kharif,1.47,1074.5,29.2,73.6,6.59,102.4,43.4,,72.6,5.6
Potato,Andhra Pradesh,Rabi,1.0,1014.7,29.5,73.1,6.68,114.8,29.5,41.6,191.2,25.47
Potato,Tamil Nadu,Zaid,1.81,841.3,22.2,,6.58,124.8,47.6,92.3,92.6,24.15
Sugarcane,Maharashtra,Zaid,2.28,1443.0,24.0,54.6,6.32,90.5,59.1,94.9,136.7,82.63
Rice,West Bengal,Zaid,6.44,,21.6,57.4,7.09,148.3,56.6,152.3,249.7,4.5
Groundnut,Maharashtra,Zaid,3.02,1075.0,23.7,61.3,6.85,147.3,69.5,89.2,170.4,2.35
Rice,Uttar Pradesh,Kharif,5.03,637.8,21.7,,7.03,110.2,68.4,108.7,179.6,4.74
Maize,Karnataka,Zaid,3.57,465.2,36.1,68.0,7.52,143.6,71.8,177.0,162.9,4.47
Maize,Maharashtra,Kharif,6.58,,25.6,62.6,5.75,104.8,32.0,175.0,278.5,5.82
Rice,Tamil Nadu,Rabi,7.5,1418.5,19.8,73.6,6.88,92.3,85.9,121.0,140.2,4.61
Cotton,West Bengal,Kharif,11.96,835.0,31.1,64.3,7.0,,52.2,123.2,122.2,2.53
Cotton,Uttar Pradesh,Rabi,10.65,494.5,28.5,84.9,6.63,94.3,83.0,76.9,203.3,2.67
Maize,Andhra Pradesh,Zaid,3.76,1316.1,26.7,59.0,6.14,136.4,44.1,68.2,215.8,4.29
Groundnut,Punjab,Kharif,1.6,835.6,31.4,62.7,6.66,132.6,68.0,107.6,74.2,2.86
Sugarcane,Haryana,Rabi,5.71,386.8,29.9,66.9,6.49,40.0,82.9,106.7,115.0,97.29
Pulses,Haryana,Kharif,4.93,492.3,24.2,65.8,7.11,138.4,54.9,90.5,198.9,1.98
Wheat,Andhra Pradesh,Rabi,6.61,1283.9,22.3,75.7,7.03,129.8,62.5,41.4,155.8,4.15
Pulses,Maharashtra,Kharif,6.38,271.2,31.3,56.0,7.65,127.1,79.5,78.6,74.1,1.63
Cotton,Gujarat,Zaid,7.77,948.3,26.9,76.0,7.75,136.9,35.4,171.8,127.9,2.16
Groundnut,Gujarat,Zaid,1.27,410.1,26.9,66.8,6.35,141.3,26.8,110.9,136.8,2.31
Rice,West Bengal,Rabi,1.73,896.6,23.3,57.5,6.98,199.3,25.6,97.1,228.3,4.94
Maize,Uttar Pradesh,Rabi,4.16,1623.6,32.9,62.8,6.24,141.2,47.1,82.8,86.6,5.25
Rice,Punjab,Rabi,6.82,250.0,29.8,73.2,6.42,121.9,56.5,186.0,94.2,4.81
Pulses,Gujarat,Rabi,4.1,1236.5,26.4,63.5,6.64,,37.1,68.3,136.2,1.69
Potato,Gujarat,Kharif,4.9,969.1,29.5,40.9,6.91,141.2,64.9,129.7,152.6,26.02
Maize,Tamil Nadu,Zaid,3.3,839.1,26.5,57.0,6.45,102.5,60.7,87.6,132.3,4.85
Maize,Karnataka,Zaid,1.54,1057.6,32.7,48.4,6.92,146.5,73.1,54.3,138.4,3.86
Rice,Maharashtra,Rabi,3.32,693.8,30.0,79.3,7.26,121.8,59.7,146.8,72.2,4.34
Sugarcane,Maharashtra,Zaid,1.87,521.3,28.7,57.6,6.69,144.2,16.5,120.6,142.7,84.77
Cotton,Madhya Pradesh,Rabi,2.49,706.1,28.2,69.6,7.24,204.3,74.2,129.9,173.6,2.65
Groundnut,Gujarat,Rabi,2.84,588.6,30.5,62.9,6.56,155.3,39.9,127.9,119.7,
Cotton,Madhya Pradesh,Kharif,3.35,785.0,29.2,86.1,4.97,105.4,89.0,101.5,86.0,2.84
Pulses,Uttar Pradesh,Zaid,6.58,886.2,31.7,52.7,7.21,113.6,54.5,77.9,113.2,1.62
Potato,Uttar Pradesh,Kharif,3.44,250.0,21.2,75.1,6.46,200.1,63.9,161.5,117.0,27.54
Pulses,Uttar Pradesh,Rabi,3.96,419.3,26.1,75.9,6.19,184.8,68.3,89.0,162.5,1.81
Cotton,Andhra Pradesh,Zaid,3.57,690.0,24.0,76.9,7.77,148.9,66.3,92.7,172.4,2.41
Pulses,Gujarat,Kharif,4.28,1088.0,19.6,70.3,7.1,182.7,42.0,79.4,125.1,1.72
Cotton,Karnataka,Rabi,9.95,936.7,31.3,78.2,5.63,96.5,35.2,92.8,128.2,2.29
Maize,Uttar Pradesh,Kharif,4.71,1317.4,37.5,74.5,7.67,185.3,49.0,99.2,232.6,5.23
Sugarcane,Punjab,Rabi,6.92,517.5,28.2,66.0,5.78,68.0,23.5,93.8,192.7,108.02
Cotton,Maharashtra,Kharif,8.71,967.2,16.6,54.7,6.65,129.9,62.4,48.6,176.5,
Cotton,Andhra Pradesh,Zaid,4.75,1241.2,16.0,78.6,7.58,153.4,35.5,79.6,167.7,2.17
Cotton,Tamil Nadu,Zaid,11.43,543.9,34.2,68.2,,,55.7,130.3,123.1,2.39
Potato,Punjab,Zaid,3.66,1231.3,21.3,63.6,5.91,108.9,66.0,77.7,119.4,25.64
Wheat,Haryana,Zaid,8.35,250.0,38.0,86.1,8.08,160.8,48.9,184.1,149.9,4.37
Groundnut,Gujarat,Rabi,3.92,792.2,23.1,56.3,6.4,146.8,41.3,162.2,224.9,2.88
Sugarcane,Tamil Nadu,Kharif,3.54,891.4,23.8,67.2,6.89,50.0,55.0,150.8,153.8,96.03
Potato,Haryana,Rabi,2.8,,26.9,65.4,7.05,140.5,73.1,138.2,275.3,30.19
Groundnut,Punjab,Kharif,5.59,1206.9,33.4,79.0,6.73,95.0,82.5,81.7,109.9,3.03
Potato,Madhya Pradesh,Kharif,1.63,568.4,31.2,72.1,6.91,94.4,62.3,30.0,185.8,26.91
Rice,Gujarat,Zaid,2.9,829.1,18.7,86.0,6.76,86.2,20.6,81.0,99.5,3.63
Potato,Tamil Nadu,Rabi,2.99,1176.4,36.7,58.9,6.42,207.0,65.7,78.2,133.9,28.06
Rice,Tamil Nadu,Zaid,6.0,520.0,30.9,45.1,6.13,146.0,42.7,82.3,138.9,3.83
Potato,Punjab,Kharif,1.49,799.0,15.0,67.7,5.39,123.6,55.9,69.3,106.4,29.05
Groundnut,Tamil Nadu,Zaid,1.6,814.5,23.9,62.3,7.42,140.6,77.4,153.7,164.8,2.64
Groundnut,Maharashtra,Zaid,3.64,1260.4,28.5,61.9,6.91,74.8,45.3,78.4,269.7,2.4
Sugarcane,Punjab,Rabi,8.15,703.4,23.1,63.6,6.66,211.8,42.9,72.1,119.0,108.05
Rice,Andhra Pradesh,Rabi,1.67,462.1,18.8,60.7,6.29,119.3,15.0,96.9,175.4,4.67
Sugarcane,Haryana,Kharif,3.04,755.7,28.9,42.2,6.52,98.9,34.7,83.1,180.5,102.62
Rice,Andhra Pradesh,Zaid,2.09,1347.1,23.4,71.7,7.16,148.0,51.0,49.9,69.2,3.3
Groundnut,Gujarat,Rabi,4.87,993.1,25.0,83.3,6.64,129.2,51.3,124.1,274.9,3.18
Maize,Madhya Pradesh,Rabi,4.33,901.0,24.3,64.7,6.07,106.4,31.4,151.0,94.3,5.65
Wheat,West Bengal,Rabi,7.88,966.3,24.6,69.0,6.64,166.2,67.4,161.8,,4.49
Rice,West Bengal,Kharif,4.2,948.7,34.3,51.9,6.95,159.2,39.3,48.2,127.6,4.96
Cotton,Punjab,Zaid,6.1,409.6,23.4,72.8,5.8,184.4,66.5,66.2,62.6,2.39
Potato,Karnataka,Zaid,3.98,807.0,25.8,67.6,6.78,190.5,55.1,50.8,246.2,27.89
Potato,Maharashtra,Rabi,1.12,697.5,36.7,59.8,6.82,87.6,42.0,112.1,134.2,25.47
Cotton,Uttar Pradesh,Zaid,10.92,810.5,29.9,63.3,5.89,135.3,55.1,139.4,187.3,2.37
Pulses,Gujarat,Zaid,3.39,476.5,16.0,83.9,6.1,127.5,73.4,146.1,117.6,1.41
Potato,Haryana,Zaid,3.7,,25.7,30.0,6.48,134.3,51.7,144.8,107.5,28.66
Pulses,West Bengal,Zaid,4.6,1118.2,24.9,55.2,5.9,64.1,73.7,134.0,182.1,1.75
Wheat,Andhra Pradesh,Rabi,1.49,1244.7,20.4,63.0,6.73,120.3,54.9,115.9,156.5,4.2
Cotton,Haryana,Rabi,5.3,1138.6,25.0,72.6,5.83,103.9,63.3,120.4,199.7,2.85
Pulses,Andhra Pradesh,Kharif,3.6,1086.3,23.9,73.9,6.18,100.2,48.7,138.5,139.8,1.8
Wheat,Gujarat,Kharif,1.98,537.2,26.3,50.4,6.42,221.5,72.7,97.4,134.1,4.78
Rice,Punjab,Kharif,6.24,838.4,36.4,56.9,5.75,110.0,32.7,123.9,23.7,4.74
Groundnut,Uttar Pradesh,Zaid,2.85,909.5,15.1,62.2,6.63,50.3,55.7,163.9,123.0,2.54
Cotton,Haryana,Rabi,5.72,1264.8,22.6,66.5,6.98,40.0,74.3,166.6,86.3,2.66
Potato,Madhya Pradesh,Zaid,3.02,963.8,32.9,69.5,6.3,95.7,47.5,119.6,104.8,21.18
Potato,Maharashtra,Kharif,3.22,879.1,22.8,,6.25,161.8,26.7,61.6,217.4,26.04
Groundnut,Gujarat,Rabi,4.97,409.5,34.2,75.2,6.37,79.2,19.7,98.6,171.8,2.98
Potato,Haryana,Rabi,0.62,932.3,31.9,86.3,6.73,125.6,49.9,94.0,174.9,29.1
Maize,West Bengal,Kharif,1.06,,30.1,59.6,5.91,119.3,69.7,95.9,152.9,5.49
Maize,Karnataka,Kharif,3.26,703.1,31.5,86.2,5.47,94.1,58.0,112.0,126.1,5.16
Potato,Karnataka,Zaid,1.53,760.1,27.1,64.6,6.36,102.8,46.4,122.5,171.0,24.6
Wheat,Maharashtra,Rabi,6.06,467.8,25.3,90.6,6.83,114.3,28.4,116.8,144.4,4.13
Maize,Karnataka,Zaid,4.48,660.2,31.8,71.6,6.43,94.0,27.8,68.1,182.4,4.55
Wheat,Punjab,Rabi,6.43,1062.8,30.8,80.2,6.63,76.6,50.0,90.8,127.0,4.67
Maize,Punjab,Rabi,5.39,1076.3,32.3,73.6,5.69,111.8,80.5,105.2,121.0,5.46
Groundnut,Punjab,Rabi,2.04,1016.5,28.6,70.1,6.58,130.2,30.4,122.7,161.8,3.2
Groundnut,Tamil Nadu,Rabi,1.54,1433.5,24.9,61.0,5.86,136.7,61.2,127.9,182.9,3.05
Maize,Haryana,Rabi,6.24,1192.1,33.0,69.7,6.81,104.8,,110.4,156.3,6.01
Sugarcane,Gujarat,Kharif,6.29,974.1,33.6,70.6,6.45,84.0,74.3,74.9,158.3,103.78
Pulses,Punjab,Rabi,5.61,273.6,25.3,62.4,6.46,72.2,25.2,90.2,155.9,1.99
Cotton,Uttar Pradesh,Zaid,6.76,1051.8,21.4,55.4,8.0,133.2,20.7,65.0,108.9,2.39
Pulses,West Bengal,Rabi,5.85,1435.1,22.1,70.4,7.22,152.6,79.4,162.7,20.0,1.94
Maize,Tamil Nadu,Zaid,6.19,764.0,21.9,63.4,7.88,91.2,88.3,70.0,157.2,4.51
Groundnut,Uttar Pradesh,Zaid,1.36,477.5,23.2,89.6,6.96,177.8,60.3,71.3,127.6,2.77
Potato,Uttar Pradesh,Rabi,3.79,866.8,29.8,62.7,7.9,140.3,15.0,73.3,84.2,25.95
Cotton,Andhra Pradesh,Kharif,3.87,1038.0,27.1,71.5,7.11,123.7,88.3,71.3,232.1,2.59
Pulses,West Bengal,Rabi,3.95,446.1,28.7,65.1,7.77,138.0,63.6,34.1,243.8,1.9
Maize,Tamil Nadu,Kharif,6.1,1480.9,31.1,73.7,6.58,100.3,74.6,96.9,65.9,4.96
Wheat,Maharashtra,Kharif,4.46,667.9,31.6,62.7,7.17,148.0,27.5,127.8,137.0,4.42
Maize,Haryana,Zaid,6.96,888.2,31.6,35.3,6.2,99.8,25.7,161.9,133.8,5.57
Groundnut,Maharashtra,Rabi,4.43,1125.9,32.8,60.3,7.47,71.3,26.8,49.7,89.0,2.49
Potato,Tamil Nadu,Kharif,1.64,584.2,33.7,76.8,,151.2,48.8,134.2,154.2,29.62
Potato,West Bengal,Rabi,0.89,914.5,24.0,74.4,6.38,73.7,57.0,188.0,153.4,29.43
Wheat,Punjab,Rabi,9.9,688.2,23.1,61.5,6.58,114.8,41.1,95.1,98.0,4.41
Wheat,Madhya Pradesh,Rabi,5.45,777.3,29.4,67.0,7.32,66.6,64.5,100.6,190.4,4.6
Potato,Gujarat,Zaid,1.4,550.7,30.5,76.3,6.86,43.1,51.7,117.8,209.7,26.56
Pulses,Haryana,Rabi,1.13,468.6,19.1,62.0,6.49,116.5,57.9,115.9,47.0,1.64
Pulses,Tamil Nadu,Kharif,5.99,486.5,31.5,84.0,7.43,141.5,71.9,162.0,164.1,1.88
Groundnut,Tamil Nadu,Zaid,1.94,834.9,23.0,88.4,5.97,141.7,19.6,114.9,125.5,2.54
Sugarcane,Andhra Pradesh,Rabi,5.57,710.0,27.7,49.1,6.64,118.2,28.9,117.7,169.1,93.68
Cotton,Maharashtra,Kharif,11.63,786.2,28.4,80.7,6.48,113.1,39.2,88.3,20.0,2.5
Potato,Gujarat,Kharif,2.73,563.1,26.6,76.7,7.34,115.5,56.6,123.1,149.3,26.4
Maize,Madhya Pradesh,Zaid,1.98,741.3,26.2,66.4,6.47,96.9,69.4,129.2,140.0,4.81
Potato,Gujarat,Zaid,2.69,250.0,34.7,59.1,5.88,146.5,76.5,86.4,101.3,22.68
Wheat,Gujarat,Zaid,8.12,1109.8,27.7,58.3,7.62,199.3,61.4,99.3,144.5,3.95
Rice,Gujarat,Kharif,5.14,626.6,25.5,66.6,7.01,150.6,30.0,87.7,120.3,4.53
Maize,Madhya Pradesh,Zaid,5.49,807.8,32.8,52.8,7.62,125.9,52.8,118.6,210.8,4.06
Pulses,West Bengal,Rabi,1.99,953.4,29.2,74.4,6.72,115.6,17.6,123.9,226.8,1.88
Sugarcane,Maharashtra,Zaid,5.53,524.2,15.7,82.2,5.95,93.7,87.1,187.2,116.6,85.24
Sugarcane,Gujarat,Rabi,8.95,507.2,19.8,77.6,6.87,113.3,55.6,187.6,135.2,92.47
Potato,Andhra Pradesh,Kharif,1.15,975.8,24.7,74.9,6.05,150.4,85.1,62.1,162.8,27.43
Wheat,Punjab,Rabi,9.11,980.2,25.4,82.7,6.74,79.0,60.8,100.2,159.1,4.38
Sugarcane,West Bengal,Kharif,5.32,474.1,28.8,62.2,7.08,206.8,45.3,201.3,58.8,96.86
Wheat,Haryana,Rabi,5.9,780.6,27.4,70.7,7.16,169.4,36.5,30.0,193.1,4.2
Pulses,Madhya Pradesh,Rabi,2.12,782.7,27.2,63.6,6.79,124.6,50.5,88.1,162.2,1.61
Sugarcane,Madhya Pradesh,Rabi,4.39,604.4,26.7,59.1,5.78,165.6,40.5,114.8,153.3,100.11
Sugarcane,Karnataka,Kharif,7.75,611.9,24.6,55.8,6.83,129.0,65.2,,250.1,93.42
Sugarcane,Madhya Pradesh,Zaid,5.44,1077.8,26.4,60.2,6.66,40.0,76.9,167.6,106.4,80.33
Cotton,Karnataka,Kharif,2.61,888.7,25.8,57.1,5.41,159.5,19.4,101.0,156.0,2.4
Sugarcane,Punjab,Rabi,8.82,508.4,22.9,77.8,5.67,168.5,76.7,88.8,149.2,108.67
Rice,Andhra Pradesh,Zaid,2.53,772.4,,74.6,6.58,150.7,79.9,144.6,183.8,4.44
Groundnut,Maharashtra,Zaid,5.89,733.6,26.1,59.6,6.28,40.0,74.9,85.4,,2.54
Wheat,Uttar Pradesh,Kharif,6.65,868.8,29.8,75.2,7.71,108.6,81.1,77.8,121.5,4.58
Wheat,Haryana,Kharif,4.69,1062.0,30.2,69.8,6.72,86.9,84.4,102.4,170.4,4.35
Sugarcane,Tamil Nadu,Kharif,6.45,1287.6,29.9,60.4,6.29,50.3,80.4,137.3,145.7,97.7
Cotton,Haryana,Zaid,2.71,497.1,17.7,44.6,6.79,120.1,41.0,86.9,97.5,2.49
Groundnut,Gujarat,Zaid,2.63,750.0,26.1,45.7,5.92,110.4,25.4,110.6,163.9,2.5
Rice,Tamil Nadu,Zaid,6.03,732.5,27.1,64.9,5.53,132.6,61.7,75.2,163.5,4.42
Rice,Maharashtra,Rabi,4.97,975.7,34.0,47.0,6.75,95.5,57.8,111.3,165.4,4.24
Wheat,Tamil Nadu,Rabi,1.01,781.2,19.8,52.4,7.84,54.9,67.2,108.3,210.3,4.01
Wheat,Tamil Nadu,Rabi,7.37,753.9,34.5,59.8,6.74,105.5,50.2,100.9,187.7,4.26
Wheat,Haryana,Kharif,8.9,670.4,32.6,77.1,5.99,76.8,64.2,104.2,151.4,4.69
Pulses,Karnataka,Zaid,6.48,1089.5,32.1,65.1,5.94,60.3,35.8,163.2,237.3,1.62
Groundnut,Karnataka,Kharif,4.52,730.4,20.0,74.0,6.24,98.2,63.8,30.0,102.4,2.68
Pulses,Andhra Pradesh,Rabi,6.69,1106.5,20.4,60.9,6.13,172.3,54.1,68.4,163.4,1.99
Sugarcane,Karnataka,Rabi,3.63,651.0,31.7,74.2,7.32,157.1,51.1,99.6,153.5,81.65
Maize,Madhya Pradesh,Zaid,2.67,293.0,,52.2,6.57,175.7,70.6,120.6,49.7,4.03
Sugarcane,Maharashtra,Kharif,2.07,479.0,29.6,82.1,7.84,66.8,56.4,119.6,151.5,92.2
Pulses,Gujarat,Kharif,5.44,964.6,31.7,62.0,7.23,102.5,45.7,82.9,165.5,1.77
Groundnut,Maharashtra,Kharif,3.46,418.7,24.9,63.7,5.83,130.5,42.1,113.9,148.7,2.79
Potato,Uttar Pradesh,Rabi,4.23,1389.1,31.9,93.1,6.69,154.1,88.4,54.1,77.7,27.56
Potato,Maharashtra,Kharif,4.42,1277.3,33.4,64.5,6.87,98.4,52.4,159.9,199.4,24.67
Potato,West Bengal,Rabi,4.9,1422.0,24.5,50.5,7.47,120.9,76.5,113.8,124.2,27.29
Rice,West Bengal,Rabi,3.67,1098.1,26.9,,7.91,77.0,63.5,117.1,198.0,4.82
Maize,Karnataka,Rabi,3.36,1042.1,17.2,88.7,6.85,215.3,62.9,137.1,110.8,5.28
Maize,Uttar Pradesh,Rabi,3.62,705.7,25.2,61.9,6.68,79.7,66.5,134.1,221.3,4.87
Rice,Andhra Pradesh,Zaid,1.07,1094.4,24.6,69.7,6.6,141.5,16.8,140.4,185.6,3.81
Wheat,West Bengal,Kharif,9.35,744.6,23.8,79.8,7.44,127.2,82.6,148.8,166.3,4.37
Potato,Gujarat,Kharif,4.53,565.3,28.3,77.1,6.73,92.9,21.5,106.3,171.3,
Cotton,Gujarat,Kharif,8.29,849.8,25.5,61.0,6.85,143.0,78.5,131.5,184.4,2.67
Cotton,Tamil Nadu,Zaid,6.31,506.7,26.8,61.2,6.58,175.7,60.1,67.3,155.7,2.32
Potato,Andhra Pradesh,Kharif,3.6,624.7,34.3,,6.59,115.2,39.5,109.1,49.4,25.06
Pulses,Madhya Pradesh,Kharif,3.81,881.1,21.4,67.7,7.16,125.4,68.9,89.9,132.6,1.66
Pulses,West Bengal,Zaid,6.68,1248.9,27.9,69.7,5.29,104.3,62.0,122.5,235.7,1.6
Maize,Uttar Pradesh,Zaid,2.33,885.7,24.8,69.5,5.51,,74.4,57.4,253.6,5.06
Cotton,Uttar Pradesh,Zaid,8.42,1360.5,18.4,58.4,5.73,61.1,87.1,122.4,198.2,2.26
Pulses,Tamil Nadu,Kharif,4.49,659.2,25.7,58.5,7.13,151.1,51.2,98.4,117.9,1.95
Groundnut,Haryana,Kharif,2.5,1182.2,26.5,60.7,7.0,104.9,61.5,54.8,114.5,3.15
Rice,Karnataka,Zaid,5.69,1073.5,25.8,83.7,7.06,122.3,52.1,113.2,296.9,4.16
Pulses,Punjab,Zaid,5.98,250.0,27.3,60.8,6.37,154.7,50.3,53.8,138.6,1.6
Pulses,Gujarat,Zaid,2.72,989.3,24.0,51.1,6.58,115.2,60.8,88.5,107.7,1.46
Potato,Haryana,Kharif,0.51,672.4,24.3,68.8,5.83,40.0,84.1,30.0,97.3,30.1
Maize,Uttar Pradesh,Kharif,6.75,841.6,25.5,60.7,6.92,199.5,76.0,81.6,249.5,5.55
Sugarcane,West Bengal,Rabi,2.76,1238.4,,64.6,6.37,115.0,51.9,114.2,119.2,93.7
Cotton,Andhra Pradesh,Rabi,5.18,880.8,27.2,61.2,6.21,210.5,73.1,71.4,164.0,
Sugarcane,Madhya Pradesh,Zaid,7.23,796.4,27.4,93.0,6.61,65.9,70.3,92.4,206.9,84.06
Pulses,West Bengal,Zaid,5.74,1046.4,24.1,86.4,8.2,167.4,66.7,61.9,41.4,1.48
Sugarcane,Karnataka,Kharif,3.17,310.5,23.0,65.0,5.79,151.7,50.8,112.0,176.6,107.76
Pulses,Punjab,Rabi,4.84,1149.6,27.1,61.8,5.79,40.0,69.6,125.8,219.5,1.8
Rice,Gujarat,Kharif,7.63,760.4,24.3,75.7,7.47,102.9,15.3,156.1,182.3,4.25
Potato,Andhra Pradesh,Rabi,2.09,638.6,23.5,54.8,6.28,87.4,71.0,174.2,252.9,26.35
Pulses,Tamil Nadu,Rabi,5.72,1277.0,23.3,61.2,6.78,152.4,15.0,92.4,164.1,1.88
Wheat,Punjab,Zaid,4.26,1253.7,29.2,65.1,5.94,89.9,40.0,95.7,150.7,4.42
Potato,Uttar Pradesh,Zaid,1.76,414.9,31.6,75.7,6.76,162.4,74.9,128.7,107.5,25.73
Rice,Gujarat,Zaid,2.63,1033.2,23.2,60.7,7.16,135.4,30.6,89.9,112.9,4.14
Rice,Gujarat,Kharif,3.3,549.0,29.6,74.3,6.59,197.4,34.9,117.2,109.3,4.31
Groundnut,Maharashtra,Kharif,4.01,930.9,26.3,64.9,7.48,121.2,65.6,75.0,233.0,2.82
Pulses,Madhya Pradesh,Kharif,5.32,250.0,28.3,69.3,6.17,185.8,57.5,142.6,163.4,1.89
Maize,Karnataka,Rabi,1.82,830.6,29.9,73.7,7.71,108.6,104.2,85.4,141.1,4.95
Pulses,Punjab,Kharif,5.35,721.2,,76.5,6.22,115.2,32.7,115.5,180.0,1.88
Wheat,Gujarat,Rabi,6.7,829.4,23.5,86.9,7.4,127.4,82.1,85.2,233.2,4.49
Rice,Karnataka,Kharif,5.8,665.6,22.5,75.5,6.67,190.2,38.4,102.6,210.1,4.51
Sugarcane,Tamil Nadu,Zaid,1.03,827.0,28.9,62.2,5.8,185.9,57.1,78.8,148.9,90.22
Pulses,Uttar Pradesh,Rabi,1.83,884.7,32.2,68.9,6.35,101.7,45.5,92.5,21.6,1.68
Wheat,Madhya Pradesh,Kharif,3.96,789.2,27.7,66.8,6.76,167.8,60.0,103.3,177.7,4.63
Potato,Karnataka,Zaid,4.7,962.2,24.8,48.0,7.04,102.0,56.8,91.2,226.5,24.41
Wheat,West Bengal,Zaid,4.7,1147.6,23.3,85.9,6.8,212.8,71.2,97.9,145.1,4.35
Cotton,Maharashtra,Rabi,10.66,647.7,18.5,62.9,7.0,190.5,19.9,105.8,151.7,2.51
Potato,Haryana,Rabi,2.67,645.7,38.0,67.9,6.69,99.9,33.7,96.5,86.8,27.17
Sugarcane,Punjab,Kharif,6.52,1156.3,29.7,49.2,6.3,107.1,61.2,41.5,139.4,100.11
Cotton,Tamil Nadu,Kharif,9.93,1379.5,23.2,77.2,6.97,197.4,87.1,107.5,88.2,2.57
Wheat,Haryana,Zaid,8.34,476.1,24.0,61.9,6.34,92.2,23.6,115.8,106.9,3.97
Wheat,Haryana,Zaid,7.45,809.7,32.0,79.7,7.45,109.9,63.4,136.8,98.3,4.26
Maize,Andhra Pradesh,Zaid,2.16,751.0,26.3,58.8,8.2,137.3,76.3,146.9,62.3,4.09
Cotton,Karnataka,Zaid,3.03,361.4,21.3,66.1,7.33,138.8,33.3,126.1,61.9,1.84
Pulses,Gujarat,Kharif,5.19,1025.6,28.8,82.6,6.57,53.2,42.3,101.8,114.3,1.9
Cotton,Andhra Pradesh,Rabi,9.26,1053.6,19.2,73.2,7.57,69.5,35.0,120.9,150.1,2.59
Maize,Andhra Pradesh,Rabi,3.39,839.7,26.1,72.6,7.59,119.0,63.9,84.1,187.0,5.27
Maize,Uttar Pradesh,Zaid,1.96,729.9,23.7,76.8,7.75,56.1,63.0,113.0,201.4,4.65
Maize,Maharashtra,Zaid,1.44,626.1,24.2,70.7,6.29,162.8,67.0,114.2,175.6,
Pulses,Maharashtra,Rabi,5.5,613.0,20.4,70.7,6.38,96.1,60.3,91.7,140.4,1.72
Sugarcane,West Bengal,Rabi,6.2,549.1,26.7,63.3,6.0,116.6,66.5,30.0,199.9,94.07
Wheat,Madhya Pradesh,Kharif,8.78,944.1,25.8,79.1,6.16,89.1,34.8,106.8,119.7,4.73
Maize,Maharashtra,Zaid,6.99,772.4,29.3,79.9,7.8,65.7,38.1,92.5,188.0,3.86
Rice,West Bengal,Rabi,1.61,715.4,30.2,90.3,6.36,111.6,45.1,94.3,59.1,4.57
Pulses,Madhya Pradesh,Zaid,4.77,892.4,35.3,72.2,6.65,192.2,34.7,103.9,152.9,1.51
Cotton,Maharashtra,Zaid,6.96,668.0,28.4,65.6,6.93,159.3,104.2,103.5,116.0,2.05
Maize,Punjab,Zaid,5.48,723.3,39.6,42.9,,40.0,35.2,67.9,125.2,4.61
Rice,Karnataka,Rabi,6.84,820.8,25.8,68.7,6.37,89.2,29.4,115.0,79.7,4.71
Pulses,Uttar Pradesh,Rabi,3.39,859.3,22.9,58.6,7.06,104.8,65.9,87.5,105.9,1.79
Groundnut,Maharashtra,Kharif,2.47,486.5,25.2,68.0,7.11,183.2,80.8,87.3,117.6,2.67
Maize,Maharashtra,Rabi,6.68,277.7,33.1,81.4,7.72,168.9,76.0,185.2,145.2,5.1
Rice,Gujarat,Kharif,6.57,878.3,29.4,57.2,6.64,160.3,63.2,142.0,130.8,4.63
Pulses,Madhya Pradesh,Kharif,2.03,972.8,26.9,89.7,6.61,55.3,67.4,60.4,105.4,1.58
Cotton,Uttar Pradesh,Kharif,3.64,678.2,23.0,,7.93,170.7,50.9,53.2,119.7,2.51
Potato,Maharashtra,Rabi,2.07,700.0,23.4,58.6,6.64,96.7,47.8,200.4,213.5,30.19
Groundnut,Punjab,Rabi,3.46,554.9,32.1,61.5,6.11,92.0,75.0,164.6,136.5,3.16
Rice,Madhya Pradesh,Zaid,6.39,915.0,36.4,55.6,7.1,92.9,71.1,101.4,130.4,3.89
Rice,Uttar Pradesh,Rabi,2.22,920.9,29.1,70.9,7.48,162.4,20.8,124.3,99.1,4.69
Sugarcane,Madhya Pradesh,Rabi,3.66,250.0,31.3,72.4,7.55,83.7,85.5,108.5,171.7,85.56
Rice,Andhra Pradesh,Rabi,3.14,1186.6,28.7,66.4,7.45,163.8,69.8,73.4,168.0,4.42
Pulses,Andhra Pradesh,Zaid,5.1,732.6,24.9,76.9,5.94,40.0,75.4,69.8,148.7,1.5
Pulses,Punjab,Zaid,4.17,893.6,21.5,90.9,6.52,193.4,67.7,92.6,104.6,1.81
Maize,Gujarat,Rabi,3.15,1407.7,31.7,76.9,6.94,130.3,61.2,174.2,187.1,4.65
Pulses,Uttar Pradesh,Kharif,6.73,795.4,28.9,68.6,6.68,100.8,43.8,102.6,203.4,1.98
Cotton,Karnataka,Zaid,4.59,1192.0,25.7,69.7,6.85,40.0,79.9,83.2,236.1,2.35
Maize,Uttar Pradesh,Rabi,3.9,679.3,21.6,58.7,6.49,133.6,72.3,122.3,192.0,5.68
Maize,Tamil Nadu,Rabi,6.69,725.5,28.7,65.5,6.56,134.6,39.4,136.6,151.6,5.27
Maize,West Bengal,Kharif,1.28,1094.4,26.2,81.0,6.39,139.1,78.4,118.2,132.7,5.58
Sugarcane,West Bengal,Kharif,4.37,624.2,28.5,84.9,5.78,130.0,55.2,134.9,97.8,97.93
Rice,Karnataka,Rabi,3.81,705.5,25.2,95.0,6.85,147.9,45.2,149.8,115.3,4.08
Cotton,Punjab,Rabi,3.92,953.1,22.7,66.4,6.31,105.4,65.3,30.0,79.2,2.62
Groundnut,Madhya Pradesh,Zaid,2.01,921.3,22.9,74.2,6.11,166.8,55.1,54.8,118.4,2.4
Maize,West Bengal,Kharif,1.65,537.5,27.7,83.8,6.47,122.5,22.1,107.9,116.4,5.02
Potato,Andhra Pradesh,Zaid,3.05,,40.0,60.3,6.52,107.8,46.3,100.1,254.4,23.1
Wheat,West Bengal,Kharif,1.49,747.6,27.2,70.0,8.2,159.8,45.2,71.2,153.8,4.28
Cotton,Karnataka,Kharif,10.86,1122.9,,56.3,7.21,79.2,75.0,103.1,122.2,2.41
Wheat,Punjab,Zaid,4.37,758.3,22.1,83.9,7.4,83.6,90.3,124.3,126.8,4.04
Pulses,Uttar Pradesh,Kharif,3.11,580.4,21.8,84.2,7.22,92.4,80.5,110.1,114.2,1.83
Potato,Gujarat,Rabi,1.78,617.8,35.0,54.6,6.31,84.7,37.6,87.6,171.3,25.39
Maize,Maharashtra,Zaid,5.69,825.5,27.4,71.4,5.85,120.0,72.5,55.1,121.9,4.58
Potato,Tamil Nadu,Zaid,1.82,1035.0,26.2,67.5,6.26,82.4,51.8,112.5,151.2,21.67
Potato,Karnataka,Zaid,0.9,528.9,21.1,83.8,6.73,160.6,71.4,69.1,87.8,25.0
Cotton,Maharashtra,Zaid,3.94,250.0,29.4,82.3,5.96,49.1,44.9,80.9,113.5,2.19
Rice,Maharashtra,Rabi,7.64,1156.7,26.3,63.3,7.01,140.4,90.4,118.3,128.6,4.5
Sugarcane,Gujarat,Kharif,7.9,786.8,31.0,67.2,5.33,89.9,34.8,101.4,99.1,96.52
Pulses,Gujarat,Zaid,1.31,796.9,19.1,51.2,5.84,91.0,75.3,65.2,184.5,1.59
Cotton,West Bengal,Rabi,6.26,576.0,29.4,70.6,5.31,184.0,82.4,132.8,65.4,2.25
Maize,Uttar Pradesh,Kharif,5.51,685.6,25.8,47.9,5.5,138.2,62.4,100.9,131.4,4.91
Cotton,Karnataka,Kharif,3.11,1303.0,26.3,57.9,6.69,91.7,40.9,71.1,141.6,2.44
Sugarcane,Maharashtra,Zaid,1.91,1083.6,18.9,72.3,6.96,117.4,54.3,106.4,219.8,83.14
Wheat,Uttar Pradesh,Zaid,5.35,762.7,28.3,58.9,6.88,143.9,59.1,109.8,123.2,3.9
Potato,West Bengal,Zaid,4.65,786.7,30.1,72.5,5.57,121.1,88.9,95.3,164.6,25.25
Potato,Gujarat,Kharif,4.83,1166.0,25.3,61.5,7.03,193.1,27.0,49.5,107.5,24.6
Sugarcane,Uttar Pradesh,Kharif,2.79,1443.6,24.4,59.8,7.81,129.9,78.0,44.4,129.3,100.59
Cotton,Haryana,Kharif,10.99,723.8,18.2,58.9,7.24,40.0,75.2,140.6,157.3,2.79
Sugarcane,Haryana,Rabi,4.28,569.0,15.0,51.1,6.1,173.6,53.0,120.7,113.8,99.34
Sugarcane,Tamil Nadu,Rabi,8.84,669.6,27.2,51.5,7.26,40.0,15.0,86.7,112.5,91.34
Sugarcane,Madhya Pradesh,Kharif,6.01,870.2,18.3,64.5,5.97,98.7,54.8,86.3,140.0,94.16
Wheat,Punjab,Zaid,7.35,968.3,34.3,70.5,6.32,129.2,46.2,64.0,115.9,4.18
Rice,Tamil Nadu,Zaid,7.08,768.5,33.9,67.7,6.67,98.0,89.8,116.1,90.6,4.41
Cotton,Uttar Pradesh,Zaid,7.76,492.8,28.6,73.9,7.16,199.1,19.0,141.4,207.9,2.57
Rice,Haryana,Kharif,4.17,1122.1,20.7,60.1,6.49,89.9,58.7,96.4,77.3,4.87
Wheat,Maharashtra,Zaid,5.61,696.7,25.1,52.5,6.38,84.8,37.0,181.1,210.7,3.87
Pulses,Gujarat,Zaid,1.06,335.8,26.7,46.9,6.21,84.2,39.5,124.1,211.3,1.51
Cotton,Tamil Nadu,Kharif,4.16,451.5,31.9,64.2,6.38,98.5,34.5,109.9,165.2,2.43
Cotton,Tamil Nadu,Kharif,9.15,638.0,19.7,82.5,7.73,118.2,54.9,57.4,154.3,2.8
Rice,Tamil Nadu,Rabi,6.32,250.0,27.4,64.0,6.28,95.8,69.1,127.7,149.3,4.82
Groundnut,West Bengal,Zaid,3.65,515.6,24.8,79.7,6.99,165.3,45.7,42.7,171.0,2.78
Groundnut,Haryana,Kharif,2.63,1219.3,26.9,77.5,7.51,174.0,50.6,93.6,67.2,3.23
Potato,Andhra Pradesh,Zaid,3.31,1371.5,22.6,64.9,6.16,47.5,71.3,43.9,166.0,24.45
Groundnut,Gujarat,Rabi,5.23,688.2,25.3,78.1,7.83,105.1,86.3,98.8,123.6,2.79
Rice,Punjab,Zaid,7.2,,23.7,44.4,7.71,133.9,15.0,83.5,101.1,4.4
Maize,Maharashtra,Kharif,3.33,429.1,28.9,64.5,7.51,76.7,15.0,31.4,107.5,4.73
Groundnut,Madhya Pradesh,Kharif,2.68,563.0,29.5,70.2,6.87,113.5,56.2,80.2,121.4,2.75
Maize,Haryana,Rabi,2.36,754.3,34.6,65.5,5.76,75.8,85.0,113.0,163.2,4.93
Sugarcane,Karnataka,Kharif,3.2,607.7,27.1,95.0,7.43,147.0,21.1,45.7,244.5,92.35
Cotton,Punjab,Zaid,6.22,1133.0,19.4,71.1,6.99,70.6,46.7,137.2,290.1,2.71
Maize,Andhra Pradesh,Rabi,2.33,616.8,25.4,57.6,7.66,81.7,29.0,102.7,91.2,4.89
Maize,Karnataka,Zaid,2.59,1051.2,32.3,49.0,7.63,131.8,77.0,79.4,200.3,4.3
Potato,Gujarat,Rabi,2.96,1696.8,17.2,79.0,7.95,87.3,16.0,81.9,23.1,24.75
Maize,Punjab,Rabi,6.4,1361.4,20.8,72.7,5.91,52.0,66.2,103.9,79.4,5.08
Rice,Maharashtra,Kharif,5.59,1269.2,37.3,61.8,6.28,120.5,46.3,81.2,126.7,4.57
Groundnut,Maharashtra,Kharif,3.97,909.0,33.7,67.7,7.95,99.3,41.6,30.0,128.1,2.7
Cotton,Karnataka,Kharif,9.73,919.8,25.4,79.1,6.19,164.0,54.5,123.1,110.0,2.54
Cotton,Karnataka,Rabi,5.78,1035.7,27.7,57.2,6.73,40.0,108.1,53.0,73.1,2.42
Sugarcane,Madhya Pradesh,Rabi,1.12,399.6,25.2,88.0,7.41,162.1,48.1,119.3,119.0,84.88
Rice,Maharashtra,Rabi,7.93,1266.4,28.8,87.9,5.9,40.0,42.4,84.7,131.7,4.26
Sugarcane,Uttar Pradesh,Kharif,1.37,944.3,24.8,73.0,6.97,74.2,43.0,50.0,113.6,93.89
Cotton,Gujarat,Zaid,6.79,250.0,25.0,,7.54,178.9,73.9,107.5,187.5,2.07
Sugarcane,Andhra Pradesh,Zaid,6.16,913.3,29.9,70.8,7.58,138.6,71.3,156.3,20.7,87.43
Pulses,Tamil Nadu,Zaid,4.83,442.0,26.5,60.0,7.06,105.8,15.2,167.9,99.3,1.5
Potato,Andhra Pradesh,Rabi,0.63,465.0,15.6,57.3,7.61,97.9,55.6,78.6,81.8,22.05
Groundnut,Karnataka,Kharif,4.11,813.3,24.3,76.6,5.77,84.8,46.2,142.5,236.7,2.9
Wheat,Karnataka,Kharif,2.32,1000.2,25.1,50.1,5.97,117.7,51.5,166.5,143.1,4.06
Cotton,Madhya Pradesh,Zaid,7.93,923.7,26.7,57.7,6.36,124.3,37.8,146.9,123.4,2.51
Pulses,Punjab,Kharif,2.43,564.2,23.1,56.3,5.98,82.9,65.5,108.3,238.4,1.9
Maize,Tamil Nadu,Zaid,4.72,988.5,27.0,82.7,7.38,89.8,49.3,75.8,175.0,5.07
Groundnut,Haryana,Kharif,5.39,919.5,29.9,64.0,7.26,81.8,18.7,115.5,135.5,3.02
Maize,Madhya Pradesh,Zaid,6.79,1229.8,24.6,68.4,7.11,40.0,38.7,80.1,253.9,4.46
Cotton,Madhya Pradesh,Rabi,9.04,817.9,27.5,78.1,7.7,107.4,91.2,74.9,109.1,2.71
Cotton,Karnataka,Kharif,2.94,847.7,26.9,67.2,6.11,172.1,59.1,133.4,77.0,2.67
Cotton,Punjab,Zaid,10.85,998.8,26.4,59.4,6.91,76.3,61.2,99.1,85.4,2.49
Sugarcane,Karnataka,Rabi,3.52,711.3,39.6,66.2,6.4,103.0,59.8,40.6,97.1,85.04
Maize,Tamil Nadu,Zaid,5.83,709.1,30.2,67.6,6.67,136.1,46.3,62.5,103.2,4.28
Pulses,Madhya Pradesh,Rabi,3.16,834.8,30.8,86.8,6.89,169.2,15.0,111.8,205.4,1.8
Cotton,Maharashtra,Kharif,3.15,1178.2,26.3,72.7,6.5,134.7,51.5,120.0,50.8,2.48
Groundnut,Madhya Pradesh,Rabi,3.4,970.9,27.2,54.8,6.34,124.6,53.3,115.1,185.3,2.89
Groundnut,West Bengal,Rabi,4.43,619.3,26.8,77.2,7.2,152.5,27.6,124.0,36.0,2.86
Rice,Andhra Pradesh,Zaid,3.74,1231.3,24.0,67.3,6.25,121.4,44.7,72.2,205.6,4.32
Potato,Punjab,Kharif,4.83,732.1,25.8,56.3,7.82,184.0,63.9,118.0,168.0,32.12
Pulses,Uttar Pradesh,Kharif,5.1,962.6,35.5,57.8,6.4,128.6,52.7,134.4,142.9,1.81
Cotton,Madhya Pradesh,Rabi,11.8,511.4,25.5,50.3,6.42,98.9,72.8,81.5,284.7,2.8
Groundnut,Karnataka,Zaid,4.95,250.0,17.6,59.3,6.85,149.1,40.0,110.0,131.1,2.31
Maize,Karnataka,Rabi,5.36,1097.2,23.1,64.5,6.69,181.8,73.2,152.6,159.3,5.25
Groundnut,West Bengal,Kharif,4.9,564.1,28.1,66.9,6.28,142.0,33.1,109.9,130.0,2.85
Rice,Haryana,Kharif,5.06,615.2,21.8,53.5,6.53,173.4,70.7,82.3,195.1,5.2
Rice,Tamil Nadu,Zaid,6.92,708.5,23.7,56.5,6.51,90.1,46.0,118.2,236.4,4.81
Pulses,Madhya Pradesh,Zaid,2.83,686.3,33.5,61.4,6.19,178.3,68.3,85.4,103.0,1.61
Cotton,Haryana,Zaid,10.93,782.3,27.1,74.2,6.3,57.5,85.8,174.0,227.5,2.59
Maize,Maharashtra,Kharif,1.51,491.7,23.0,67.9,6.33,94.2,62.6,116.8,126.4,4.8
Wheat,Madhya Pradesh,Kharif,2.37,1028.5,30.2,69.9,7.1,40.0,101.2,111.3,147.4,4.24
Cotton,Maharashtra,Zaid,7.18,690.7,18.7,84.0,5.78,115.3,67.4,176.6,163.5,2.12
Potato,Haryana,Rabi,4.82,1360.6,23.3,82.0,5.49,135.5,25.0,134.9,176.5,28.07
Wheat,Gujarat,Rabi,3.14,824.1,24.1,49.6,7.06,,28.5,67.3,146.9,4.03
Sugarcane,Tamil Nadu,Zaid,2.42,1464.3,24.9,66.7,7.03,178.5,103.4,93.9,199.0,89.69
Pulses,Andhra Pradesh,Kharif,2.11,778.5,24.9,62.1,7.74,151.6,41.5,92.4,284.8,1.76
Cotton,Punjab,Kharif,10.0,1634.2,,88.2,6.59,40.0,29.3,66.5,,2.63
Potato,Madhya Pradesh,Kharif,3.31,889.1,26.7,66.5,7.47,113.2,81.3,117.8,190.7,28.14
Potato,Madhya Pradesh,Rabi,3.18,458.7,19.1,69.3,5.88,117.3,35.8,65.1,138.4,26.45
Groundnut,Haryana,Kharif,5.61,1179.9,22.0,84.7,6.71,100.8,43.8,146.3,295.7,3.33
Potato,Madhya Pradesh,Kharif,3.21,921.0,23.3,76.5,5.94,234.2,25.5,115.1,175.8,27.23
Potato,Haryana,Kharif,2.98,1237.7,30.7,54.7,6.59,98.4,15.0,60.7,171.5,28.12
Groundnut,Gujarat,Kharif,1.39,923.3,37.6,66.7,6.24,86.9,25.6,84.7,176.6,2.99
Pulses,Uttar Pradesh,Kharif,3.2,457.0,25.7,81.7,6.55,87.5,35.7,61.1,84.8,1.77
Sugarcane,Tamil Nadu,Zaid,7.97,1327.0,29.3,53.4,6.64,,61.6,107.8,84.1,90.12
Potato,Haryana,Zaid,3.12,981.5,29.3,62.9,6.88,95.3,53.5,112.4,119.2,
Sugarcane,Karnataka,Rabi,4.73,1287.7,29.6,60.7,7.08,162.3,67.4,69.6,284.2,103.48
Rice,Madhya Pradesh,Kharif,2.44,1144.4,26.9,70.8,7.15,124.7,72.6,120.0,104.2,4.56
Pulses,Maharashtra,Zaid,1.57,995.6,30.8,78.5,6.36,107.2,54.1,134.4,140.0,1.45
Cotton,Haryana,Kharif,7.35,1450.5,22.2,63.9,6.15,135.5,67.9,154.6,143.5,2.78
Pulses,West Bengal,Zaid,6.85,531.6,32.1,63.3,6.33,202.5,59.6,69.1,151.5,1.69
Pulses,Punjab,Zaid,5.91,584.1,25.7,67.0,7.4,78.5,53.4,65.7,152.6,1.76
Sugarcane,Punjab,Rabi,3.16,1176.8,39.9,64.8,7.48,134.4,15.0,138.7,198.8,106.79
Wheat,Gujarat,Zaid,4.58,972.9,19.8,85.5,5.11,93.1,77.2,121.6,89.5,3.66
Wheat,Madhya Pradesh,Rabi,3.09,787.6,33.2,67.6,6.85,68.4,49.3,120.0,202.6,4.45
Pulses,Uttar Pradesh,Zaid,1.05,980.4,26.7,67.9,6.54,128.0,42.6,108.5,198.6,1.47
Cotton,Punjab,Rabi,3.43,950.6,33.5,59.1,7.31,145.4,49.5,59.4,67.9,2.72
Cotton,Andhra Pradesh,Kharif,10.29,1022.5,25.3,78.0,7.53,151.4,28.3,82.9,139.0,2.67
Wheat,Madhya Pradesh,Zaid,4.63,1404.3,34.7,83.0,6.43,74.9,71.4,106.1,222.3,3.76
Wheat,Karnataka,Zaid,1.43,1063.6,28.0,86.9,6.51,85.1,72.8,46.7,100.4,3.74
Sugarcane,Gujarat,Zaid,8.85,665.5,31.2,68.6,5.61,152.4,40.1,189.7,156.7,91.15
Groundnut,Maharashtra,Kharif,4.36,536.3,30.2,68.6,7.48,128.9,75.8,90.6,209.7,2.9
Pulses,Punjab,Zaid,1.4,1023.0,29.3,86.4,7.9,93.4,56.2,110.8,132.0,1.54
Wheat,Gujarat,Zaid,2.98,1252.6,19.9,68.7,6.02,219.5,17.0,178.2,203.5,4.29
Groundnut,Maharashtra,Rabi,4.7,,23.3,76.4,5.43,131.9,80.9,94.6,149.3,2.93
Potato,Karnataka,Kharif,4.07,939.8,25.9,82.1,6.3,184.9,100.4,110.7,160.9,28.45
Rice,Maharashtra,Rabi,2.09,970.2,25.5,92.8,7.12,104.7,51.7,144.1,147.1,4.49
Pulses,Tamil Nadu,Zaid,4.35,605.7,21.4,74.9,6.62,104.5,48.2,165.9,216.2,1.68
Cotton,Karnataka,Rabi,10.4,957.2,40.0,74.9,5.57,140.2,63.7,60.1,141.0,2.33
Potato,Tamil Nadu,Kharif,3.44,475.2,27.0,68.0,4.8,54.5,15.0,128.6,97.6,24.57
Pulses,Maharashtra,Zaid,2.17,774.9,27.5,65.5,8.2,104.2,28.2,105.2,146.3,1.38
Rice,Gujarat,Zaid,3.59,704.6,20.0,63.6,7.46,141.7,45.3,51.2,227.3,4.53
Potato,Karnataka,Rabi,2.57,1175.5,24.0,69.9,6.66,84.7,39.6,47.0,150.1,25.27
Sugarcane,Tamil Nadu,Rabi,8.96,250.0,29.2,73.6,7.1,119.8,61.8,107.6,190.5,106.91
Wheat,Tamil Nadu,Zaid,4.25,932.4,23.2,68.0,7.05,136.1,73.4,75.8,85.6,3.74
Wheat,Uttar Pradesh,Zaid,2.23,639.3,32.6,92.4,6.83,92.7,40.8,71.2,129.3,4.08
Sugarcane,Karnataka,Zaid,5.24,756.3,21.5,69.5,6.7,204.7,61.3,65.5,119.6,85.53
Groundnut,Karnataka,Zaid,2.84,761.1,24.9,74.9,6.05,156.6,27.6,132.5,155.2,2.72
Rice,West Bengal,Zaid,8.0,1502.0,24.9,71.3,7.03,114.3,61.9,87.1,158.5,3.72
Potato,Gujarat,Rabi,1.56,737.6,24.5,83.5,6.71,110.4,100.6,91.9,240.7,29.86
Groundnut,Madhya Pradesh,Rabi,5.68,1108.3,32.1,57.1,5.48,118.6,40.6,158.0,153.7,2.87
Sugarcane,Madhya Pradesh,Rabi,4.75,977.8,23.0,59.6,6.46,125.1,90.9,132.8,182.0,95.55
Sugarcane,Punjab,Kharif,2.1,532.1,26.2,33.8,6.71,140.0,84.9,132.4,101.2,105.46
Potato,Maharashtra,Kharif,0.74,1203.6,24.5,57.8,7.12,119.8,33.9,112.4,240.8,27.25
Sugarcane,Karnataka,Rabi,1.22,663.2,28.9,64.9,6.16,135.2,31.5,76.3,82.9,87.94
Potato,Uttar Pradesh,Rabi,4.36,1187.0,27.0,58.2,6.53,150.9,57.4,90.6,217.6,27.59
Rice,Andhra Pradesh,Zaid,3.58,1591.3,20.5,61.2,5.61,127.6,24.7,69.5,81.0,3.57
Maize,Karnataka,Zaid,3.94,851.2,31.9,72.9,6.6,122.8,63.4,102.2,109.9,4.6
Rice,Uttar Pradesh,Rabi,5.06,623.8,21.8,48.2,7.5,69.3,73.3,38.9,118.3,4.58
Sugarcane,Madhya Pradesh,Zaid,1.48,865.8,15.5,69.4,7.89,120.8,61.9,154.9,,96.85
Pulses,Maharashtra,Zaid,1.25,454.9,24.0,60.0,5.3,177.3,16.2,52.9,185.5,1.52
Potato,Gujarat,Zaid,5.0,1352.8,26.0,65.7,7.15,105.5,32.2,106.8,102.5,22.49
Pulses,Karnataka,Kharif,2.69,629.1,22.1,62.3,6.07,97.9,35.4,82.7,148.9,1.73
Cotton,Gujarat,Kharif,4.74,770.2,26.3,60.3,7.17,173.2,82.6,87.6,96.6,2.86
Rice,Tamil Nadu,Kharif,2.86,505.0,28.9,78.7,6.84,78.4,73.9,117.1,,4.29
Maize,Karnataka,Zaid,1.74,472.4,32.7,49.2,6.99,124.6,69.6,75.1,157.8,4.58
Cotton,Tamil Nadu,Kharif,3.61,1092.8,23.2,65.5,6.77,117.0,67.1,70.5,160.5,2.63
Pulses,Tamil Nadu,Kharif,2.3,1202.1,30.6,71.3,5.06,92.7,15.0,122.8,157.8,1.71
Rice,Madhya Pradesh,Zaid,2.63,738.6,25.6,56.7,6.87,132.2,39.7,57.9,50.8,4.0
Pulses,Gujarat,Rabi,3.98,888.8,35.4,48.1,6.61,146.2,15.0,80.5,195.4,1.88
Maize,Uttar Pradesh,Kharif,4.04,786.4,19.4,55.4,6.38,111.7,70.2,118.8,180.2,5.53
Cotton,Tamil Nadu,Zaid,3.07,522.9,,61.8,7.64,185.9,31.1,76.3,121.8,2.16
Wheat,Gujarat,Kharif,1.74,700.8,37.9,65.9,7.72,112.5,49.1,64.5,200.4,4.12
Pulses,Madhya Pradesh,Rabi,3.76,978.6,21.9,58.1,7.38,201.9,42.3,124.8,75.1,1.82
Groundnut,Uttar Pradesh,Kharif,4.99,253.3,28.2,72.9,6.97,135.5,74.8,92.1,181.4,3.14
Maize,Karnataka,Rabi,4.26,475.4,21.8,64.9,7.22,147.8,53.1,80.7,147.2,4.87
Pulses,Madhya Pradesh,Zaid,4.19,436.6,28.2,72.0,6.9,40.0,60.4,110.9,205.4,1.61
Pulses,Tamil Nadu,Kharif,1.37,464.0,29.9,55.4,7.31,74.0,62.9,95.4,178.5,1.61
Pulses,Uttar Pradesh,Zaid,6.54,445.7,26.6,67.7,6.32,199.3,64.5,123.7,214.6,1.83
Potato,West Bengal,Rabi,2.57,560.7,24.0,61.3,6.54,145.4,99.4,86.3,242.9,30.85
Wheat,Tamil Nadu,Kharif,8.42,831.6,34.5,78.6,6.77,103.7,60.5,82.1,166.2,4.35
Potato,Madhya Pradesh,Rabi,4.71,949.3,23.8,73.1,6.35,81.9,70.8,141.3,136.1,27.17
Sugarcane,West Bengal,Zaid,3.8,785.2,28.7,42.9,7.75,141.3,48.5,71.3,240.6,87.49
Sugarcane,Haryana,Zaid,8.39,728.8,26.3,50.4,7.44,95.0,22.4,46.3,137.5,94.87
Potato,Andhra Pradesh,Kharif,1.58,849.5,25.6,47.8,7.69,162.4,85.5,106.5,190.7,27.96
Rice,Gujarat,Kharif,2.46,957.0,28.5,80.5,6.82,153.4,38.6,78.5,93.1,4.77
Wheat,Uttar Pradesh,Rabi,3.71,,38.6,69.2,6.17,188.3,63.6,186.8,202.3,4.36
Maize,Gujarat,Zaid,3.97,1089.5,31.7,86.1,5.82,84.0,52.2,30.0,,4.49
Maize,West Bengal,Kharif,2.99,1029.3,19.6,73.0,7.11,46.1,53.9,39.1,143.2,4.94
Maize,West Bengal,Kharif,1.67,1298.5,34.6,78.5,6.51,139.2,80.2,99.0,216.6,5.48
Wheat,West Bengal,Kharif,8.41,966.7,25.2,83.7,5.97,,51.8,85.8,50.6,4.49
Wheat,Madhya Pradesh,Kharif,6.37,719.2,28.8,72.7,6.71,209.6,,61.8,156.4,4.39
Wheat,Andhra Pradesh,Rabi,1.7,890.3,28.5,63.7,6.83,219.1,54.6,190.3,173.1,4.9
Potato,Madhya Pradesh,Rabi,3.24,495.7,23.5,44.6,7.3,229.3,67.3,144.4,30.9,27.84
Groundnut,Punjab,Kharif,5.68,844.1,28.1,59.3,6.3,173.0,48.8,60.0,119.9,3.43
Groundnut,Gujarat,Kharif,5.34,569.2,29.5,49.0,7.39,98.5,73.9,146.3,131.0,2.85
Pulses,West Bengal,Kharif,3.61,1446.6,21.6,50.6,7.71,172.9,29.9,100.7,55.3,1.69
Sugarcane,Gujarat,Kharif,3.68,604.9,18.2,72.1,6.76,138.4,45.8,30.0,46.8,92.59
Maize,Haryana,Rabi,2.45,303.7,34.6,65.5,6.75,178.9,60.3,58.6,118.5,4.75
Sugarcane,Andhra Pradesh,Rabi,8.61,589.1,27.7,65.5,6.32,110.1,56.3,115.3,133.0,91.21
Rice,Andhra Pradesh,Zaid,1.17,929.6,20.6,81.2,7.23,181.9,39.3,118.7,223.7,3.88
Maize,Karnataka,Zaid,6.04,1291.2,22.9,79.8,6.49,75.3,,79.8,82.8,4.3
Sugarcane,Uttar Pradesh,Rabi,1.81,526.0,30.1,53.0,8.11,93.5,39.3,149.6,186.1,100.74
Potato,Karnataka,Rabi,1.75,1343.1,24.7,71.0,6.55,91.3,42.2,171.5,127.4,26.82
Cotton,Maharashtra,Rabi,2.01,904.5,32.7,58.0,7.01,94.2,62.0,148.5,188.9,2.47
Rice,Uttar Pradesh,Rabi,1.91,1183.0,24.3,72.5,6.87,78.0,50.4,45.8,284.6,4.66
Maize,Karnataka,Kharif,1.69,1078.8,17.1,60.1,7.02,176.1,87.0,91.1,167.0,5.08
Rice,Tamil Nadu,Kharif,4.43,855.5,32.9,75.7,7.09,133.9,86.3,108.3,152.2,4.08
Sugarcane,West Bengal,Kharif,5.09,1082.4,28.9,,7.75,165.0,55.2,93.1,102.4,101.99
Groundnut,Madhya Pradesh,Zaid,3.41,878.6,32.9,55.0,6.09,72.9,83.3,31.8,231.3,2.59
Cotton,Madhya Pradesh,Kharif,6.34,1077.4,19.7,68.2,,134.5,61.7,152.3,82.3,2.63
Groundnut,Haryana,Zaid,2.19,1199.2,23.3,77.0,6.38,151.4,64.0,118.8,90.3,2.92
Cotton,Gujarat,Kharif,3.87,1031.6,23.2,52.6,8.1,111.7,54.0,143.5,121.3,2.73
Pulses,Uttar Pradesh,Zaid,6.3,847.8,21.5,66.1,6.01,185.0,73.2,110.2,166.6,1.74
Pulses,Punjab,Zaid,4.12,658.1,28.5,,,134.9,83.3,100.8,76.0,1.7
Potato,Karnataka,Kharif,4.93,1010.4,34.2,48.9,6.99,122.1,31.9,63.0,157.8,26.49
Sugarcane,Uttar Pradesh,Zaid,7.35,1409.1,32.9,73.4,5.92,174.0,76.1,96.1,126.3,99.19
Pulses,Punjab,Rabi,6.86,813.3,27.4,71.2,5.51,67.0,66.1,109.3,114.2,1.76
Sugarcane,Tamil Nadu,Rabi,2.61,959.5,27.4,66.5,7.35,105.5,67.5,74.1,202.5,99.34
Maize,Andhra Pradesh,Kharif,1.68,523.6,29.1,69.1,6.4,187.7,47.6,95.9,136.0,4.43
Sugarcane,Madhya Pradesh,Kharif,3.3,865.5,24.8,61.4,6.68,111.0,64.5,165.6,112.1,104.23
Potato,Madhya Pradesh,Zaid,4.35,806.6,15.0,65.8,6.32,107.8,51.3,64.3,129.3,23.29
Pulses,Karnataka,Rabi,5.76,1115.9,23.7,83.7,6.89,221.5,62.1,93.8,66.3,1.78
Groundnut,Uttar Pradesh,Zaid,5.97,1479.2,,77.4,6.14,138.9,73.5,123.8,132.2,2.77
Sugarcane,Karnataka,Rabi,2.0,,25.8,75.0,6.79,208.4,64.3,114.7,74.3,
Maize,Uttar Pradesh,Rabi,1.84,856.5,22.3,65.7,5.77,65.1,15.0,46.9,115.2,5.17
Maize,Gujarat,Kharif,6.86,568.6,28.6,59.2,6.81,166.6,74.9,87.4,232.6,5.07
Pulses,West Bengal,Zaid,4.17,703.1,27.0,56.7,7.26,62.5,20.8,91.4,178.2,1.63
Groundnut,West Bengal,Zaid,3.52,787.6,22.7,76.5,7.04,183.4,87.0,73.2,101.8,2.38
Pulses,Punjab,Rabi,1.09,972.8,37.4,57.3,6.26,135.9,33.4,,150.5,2.01
Groundnut,Karnataka,Zaid,3.85,1302.6,28.1,68.4,8.05,,42.4,122.2,223.6,2.53
Pulses,West Bengal,Kharif,6.66,1211.0,28.1,66.3,7.3,154.4,66.4,107.6,87.6,1.89
Sugarcane,West Bengal,Zaid,2.9,1323.0,28.7,50.9,6.29,180.0,88.1,120.9,160.1,97.29
Sugarcane,Punjab,Kharif,4.02,526.8,32.7,88.8,7.12,188.3,59.2,122.4,197.2,113.65
Rice,Madhya Pradesh,Zaid,3.15,1136.2,26.6,51.7,6.78,43.4,91.4,108.5,189.8,4.31
Groundnut,Uttar Pradesh,Zaid,1.03,634.4,23.8,75.2,6.14,46.8,33.8,113.6,98.6,2.47
Wheat,Gujarat,Kharif,7.4,859.4,25.3,66.3,5.67,153.6,56.6,131.1,216.9,4.23
Potato,West Bengal,Kharif,4.51,1117.0,28.9,67.6,6.07,99.7,76.1,69.8,173.3,27.8
Pulses,Haryana,Kharif,5.44,903.0,22.3,50.0,7.29,180.9,54.0,150.7,134.2,1.88
Maize,Punjab,Kharif,4.09,995.2,34.3,68.9,6.67,131.8,17.6,87.7,157.5,5.75
Rice,Punjab,Zaid,2.19,601.5,27.9,87.9,,231.2,54.0,114.1,56.7,4.5
Maize,Maharashtra,Rabi,6.04,589.3,25.2,81.2,6.15,236.3,44.6,163.3,185.5,5.58
Cotton,West Bengal,Zaid,9.46,1106.1,36.5,75.1,7.57,107.4,60.2,34.1,38.9,2.39
Sugarcane,Uttar Pradesh,Kharif,2.22,1238.7,23.9,51.6,7.8,100.0,76.2,125.9,154.6,100.79
Pulses,Uttar Pradesh,Rabi,3.45,1007.5,27.2,69.1,7.82,102.9,37.3,97.2,242.6,1.72
Cotton,Andhra Pradesh,Rabi,4.72,1070.0,16.3,58.8,6.56,92.7,45.2,106.2,106.6,2.5
Rice,Tamil Nadu,Kharif,2.79,1071.5,29.5,58.8,6.24,86.8,23.1,93.6,237.9,4.59
Pulses,Andhra Pradesh,Rabi,6.98,837.7,25.3,79.4,6.19,167.9,25.2,127.1,167.9,1.72
Sugarcane,Gujarat,Zaid,4.76,1260.2,24.0,79.6,7.6,115.5,81.6,88.7,183.8,85.9
Maize,Maharashtra,Rabi,6.36,878.5,24.0,74.5,6.05,119.5,85.8,91.1,249.1,4.97
Maize,Punjab,Kharif,3.44,594.3,25.4,57.3,6.54,184.6,36.6,121.1,83.8,6.23
Rice,Punjab,Kharif,6.79,878.6,23.1,57.8,8.2,,51.4,68.4,116.4,
Pulses,Punjab,Kharif,4.32,959.6,33.9,57.5,8.0,122.6,48.2,164.7,25.1,1.7
Rice,Madhya Pradesh,Rabi,2.43,389.8,27.7,70.0,6.45,137.2,44.5,114.6,232.8,4.56
Rice,West Bengal,Zaid,2.73,1014.6,17.9,79.6,6.55,191.9,75.3,132.7,300.0,4.87
Cotton,West Bengal,Zaid,2.69,1365.5,32.3,70.9,6.74,136.0,71.4,73.1,77.6,2.48
Sugarcane,Punjab,Rabi,3.21,839.4,23.2,50.7,6.68,72.0,51.9,129.6,193.6,106.19
Potato,Punjab,Kharif,4.39,562.7,30.5,58.6,7.43,125.6,,103.9,,28.46
Groundnut,Punjab,Zaid,2.21,634.4,22.8,58.5,5.6,123.7,31.9,47.2,109.1,2.64
Sugarcane,Uttar Pradesh,Zaid,2.45,1276.5,30.0,61.2,7.6,104.1,80.1,70.0,138.6,94.89
Pulses,Gujarat,Kharif,6.81,752.6,28.0,57.6,7.88,144.3,30.3,37.8,150.1,1.83
Rice,Punjab,Kharif,6.2,884.5,26.9,61.0,7.18,166.3,31.0,97.0,86.2,5.33
Pulses,Gujarat,Rabi,1.94,850.6,27.4,59.4,7.36,104.0,89.3,83.3,101.4,1.76
Pulses,Karnataka,Rabi,3.41,651.9,26.3,45.6,5.52,117.0,74.7,111.5,74.3,1.78
Cotton,West Bengal,Zaid,8.3,783.6,23.7,56.6,6.94,119.8,57.4,176.4,198.4,2.62
Groundnut,Andhra Pradesh,Zaid,1.83,416.3,26.3,52.5,7.5,133.4,40.0,152.4,108.2,2.87
Pulses,Punjab,Zaid,5.16,551.2,19.4,89.7,6.11,111.8,53.0,122.1,96.9,1.8
Rice,West Bengal,Rabi,3.25,439.8,22.9,46.5,5.8,103.7,66.6,122.0,245.5,4.82
Pulses,Punjab,Kharif,2.26,626.2,30.7,69.4,6.9,123.5,21.0,109.1,70.1,1.91
Wheat,Haryana,Zaid,3.81,856.4,28.8,55.5,5.45,149.6,59.1,104.6,118.0,3.89
Cotton,Tamil Nadu,Kharif,5.05,,20.5,77.8,6.09,176.8,31.5,93.9,82.7,2.57
Cotton,Tamil Nadu,Zaid,11.92,1029.7,28.5,74.5,5.68,114.7,20.4,118.7,127.9,2.5
Groundnut,Haryana,Kharif,3.77,1087.9,34.8,49.2,6.81,75.4,50.8,63.3,195.1,3.08
Sugarcane,Uttar Pradesh,Rabi,6.33,837.0,26.8,45.1,6.36,124.1,53.3,93.2,150.2,106.74
Sugarcane,Punjab,Zaid,2.63,1170.6,29.2,61.3,6.31,89.2,63.5,111.0,20.0,83.64
Cotton,Andhra Pradesh,Kharif,10.63,748.0,29.8,58.8,4.8,123.0,81.2,54.3,131.6,2.82
Cotton,Uttar Pradesh,Zaid,10.99,879.0,32.9,60.1,8.2,,61.1,85.9,,2.48
Pulses,Punjab,Zaid,5.56,1091.5,23.5,62.2,5.84,99.1,59.9,162.0,65.8,1.78
Maize,Haryana,Kharif,6.68,371.6,28.9,82.2,5.19,57.8,46.7,98.3,192.0,5.38
Groundnut,Punjab,Zaid,2.06,1004.7,22.5,48.9,5.77,202.5,20.3,73.4,165.6,2.71
Sugarcane,Uttar Pradesh,Zaid,3.98,403.1,35.9,58.0,5.18,85.0,48.2,110.6,28.3,80.43
Wheat,Punjab,Rabi,7.46,1004.1,26.4,55.9,5.98,171.2,31.7,64.4,171.6,4.4
Cotton,Gujarat,Rabi,2.32,834.2,20.8,85.3,5.71,102.1,15.0,57.1,43.4,2.39
Wheat,Andhra Pradesh,Rabi,7.76,334.3,29.9,68.5,6.23,138.2,28.7,102.2,178.1,4.61
Rice,Punjab,Zaid,7.4,800.9,26.5,56.3,6.97,40.0,63.6,118.0,181.5,4.49
Cotton,Karnataka,Zaid,9.56,636.1,30.4,58.3,6.28,152.4,37.2,59.2,154.0,2.42
Sugarcane,Maharashtra,Kharif,8.43,1146.3,26.6,74.4,6.64,173.1,51.4,38.4,118.4,92.65
Maize,Punjab,Zaid,3.9,1482.0,36.3,81.7,7.01,187.8,40.3,157.0,132.2,5.14
Groundnut,Maharashtra,Zaid,3.63,858.0,19.8,59.0,6.29,136.7,53.8,66.8,139.3,2.47
Cotton,Maharashtra,Kharif,11.62,1056.5,28.9,54.7,6.99,97.0,49.1,60.7,249.9,2.96
Pulses,West Bengal,Rabi,1.34,548.3,23.9,65.5,7.04,100.0,90.1,58.2,176.5,1.55
Cotton,Punjab,Rabi,8.81,1015.5,22.4,63.1,7.67,88.4,84.7,121.7,53.3,2.78
Cotton,Karnataka,Rabi,10.18,1096.1,22.8,49.1,8.2,134.4,45.8,84.8,124.0,2.34
Pulses,Madhya Pradesh,Rabi,4.34,945.6,34.6,87.5,6.24,51.1,62.2,80.4,133.0,1.69
Potato,Tamil Nadu,Zaid,0.84,357.1,18.6,64.4,7.32,182.4,62.8,125.8,207.3,23.84
Wheat,Tamil Nadu,Rabi,5.36,1443.9,18.4,54.3,6.51,152.5,46.4,137.8,139.6,4.31
Wheat,Punjab,Kharif,3.9,539.4,27.6,67.9,6.54,112.8,76.0,68.7,110.1,4.64
Rice,Haryana,Rabi,3.33,250.0,23.3,69.2,6.79,110.1,70.7,104.1,193.9,4.71
Cotton,Tamil Nadu,Kharif,4.94,441.9,27.4,78.1,6.69,93.4,74.1,123.7,79.0,2.84
Groundnut,Karnataka,Zaid,2.54,580.2,30.5,51.6,6.05,155.0,15.0,171.8,,2.34
Rice,Karnataka,Zaid,2.08,1294.3,28.0,76.5,6.73,142.0,50.6,30.0,182.3,4.16
Sugarcane,Uttar Pradesh,Rabi,7.64,1047.5,33.3,65.6,6.4,123.5,56.1,131.4,220.2,105.3
Groundnut,Andhra Pradesh,Kharif,2.47,809.1,16.9,69.8,5.69,153.9,24.1,67.9,133.1,2.69
Potato,West Bengal,Kharif,3.15,916.0,19.9,59.2,6.16,70.8,96.2,142.0,164.8,29.26
Wheat,Maharashtra,Kharif,8.43,937.3,36.4,55.7,6.54,128.5,52.5,62.4,202.5,4.36
Potato,Karnataka,Rabi,4.42,718.6,18.5,45.2,6.61,71.2,43.9,74.1,237.3,26.64
Groundnut,Andhra Pradesh,Zaid,3.06,348.8,29.8,78.1,7.17,64.5,35.5,112.9,183.9,2.32
Sugarcane,Punjab,Kharif,8.58,1141.4,27.2,72.0,6.21,44.8,30.9,93.0,157.8,99.41
Groundnut,Maharashtra,Kharif,1.99,752.1,20.5,85.2,6.3,150.0,54.6,88.9,87.3,2.52
Wheat,Andhra Pradesh,Zaid,6.68,1036.3,28.9,88.8,5.7,101.9,60.2,107.6,61.9,3.47
Maize,Uttar Pradesh,Zaid,4.24,250.0,25.1,70.0,6.91,122.1,47.9,64.8,93.3,4.23
Groundnut,Andhra Pradesh,Rabi,4.28,571.4,15.0,55.2,7.66,91.7,67.2,166.1,234.7,2.7
Potato,Punjab,Zaid,4.18,952.1,21.5,62.2,5.57,125.5,60.3,108.8,139.8,26.05
Sugarcane,Gujarat,Kharif,3.06,1037.7,30.4,55.8,6.7,187.8,82.0,101.7,156.0,99.66
Groundnut,Haryana,Rabi,2.36,1123.0,33.6,71.7,6.6,69.9,55.1,98.5,137.4,2.88
Maize,Madhya Pradesh,Zaid,1.7,251.9,31.9,70.5,6.97,77.9,68.4,59.7,190.6,5.06
Cotton,Gujarat,Kharif,3.73,869.7,20.2,73.9,6.4,79.4,23.6,96.4,128.3,2.55
Rice,Madhya Pradesh,Kharif,5.95,1023.8,25.9,71.6,6.89,196.8,35.7,75.4,219.5,4.86
Rice,Punjab,Zaid,3.86,,29.7,92.6,6.95,190.2,70.2,95.0,133.1,4.37
Wheat,Tamil Nadu,Rabi,8.82,1396.5,29.5,70.6,8.2,113.4,57.5,150.3,119.3,4.29
Wheat,Uttar Pradesh,Zaid,3.54,647.4,30.3,94.4,5.66,76.2,39.2,107.0,147.9,3.71
Maize,Andhra Pradesh,Kharif,7.0,1230.0,30.2,92.7,6.41,146.8,50.1,111.5,57.4,5.18
Wheat,Maharashtra,Zaid,2.75,1000.7,26.1,72.0,5.74,116.9,25.0,81.0,,3.72
Groundnut,Haryana,Zaid,5.92,912.1,34.7,70.8,7.12,146.9,38.8,45.6,114.5,2.44
Sugarcane,Haryana,Rabi,6.8,539.6,28.4,90.9,7.36,172.0,90.5,159.5,37.0,108.12
Maize,Madhya Pradesh,Rabi,3.34,609.3,32.8,69.7,7.28,122.8,55.6,52.2,151.3,4.94
Rice,Madhya Pradesh,Rabi,2.64,1155.7,31.1,52.9,6.56,121.3,106.8,90.3,127.9,4.27
Rice,Andhra Pradesh,Rabi,2.57,1237.8,25.3,68.6,5.91,66.1,71.1,124.1,79.7,4.31
Sugarcane,Andhra Pradesh,Zaid,8.35,865.8,26.9,66.1,8.2,64.6,59.8,76.3,215.7,83.96
Sugarcane,Uttar Pradesh,Rabi,5.16,1272.0,20.8,59.6,6.55,53.2,79.5,126.7,194.3,87.43
Pulses,Tamil Nadu,Zaid,4.05,826.5,15.0,74.4,5.83,80.0,59.0,73.3,168.4,1.61
Wheat,Haryana,Rabi,2.94,860.6,15.4,83.3,5.87,70.2,87.9,93.1,56.3,4.84
Groundnut,Andhra Pradesh,Rabi,1.6,413.9,25.9,54.5,7.4,89.8,57.1,129.9,151.3,2.8
Potato,Haryana,Kharif,4.82,1108.7,35.1,78.1,5.92,155.9,43.5,101.4,251.9,32.4
Rice,Karnataka,Zaid,5.1,789.2,22.7,51.8,6.16,111.6,67.9,124.4,213.6,3.9
Cotton,Haryana,Kharif,3.59,1393.0,25.9,63.0,6.38,40.0,45.4,59.2,101.8,2.69
Potato,Madhya Pradesh,Rabi,3.52,351.9,22.1,66.4,5.93,148.7,46.5,134.7,95.5,25.91
Rice,Karnataka,Rabi,4.2,575.9,20.2,56.1,6.85,127.2,25.7,128.8,228.8,4.74
Sugarcane,Maharashtra,Kharif,8.56,835.3,36.6,68.6,6.5,74.6,78.7,122.5,156.7,92.36
Potato,Haryana,Kharif,4.65,665.7,20.8,49.7,6.12,91.3,48.4,67.1,55.9,28.1
Groundnut,Gujarat,Rabi,5.63,1115.5,24.2,65.9,6.97,134.3,62.1,73.5,85.3,3.01
Wheat,Gujarat,Kharif,9.6,1335.0,36.3,65.9,6.68,138.8,70.0,58.3,147.7,4.11
Wheat,Haryana,Kharif,7.94,810.6,28.8,64.3,7.65,93.5,48.7,95.1,167.7,5.2
Wheat,Uttar Pradesh,Kharif,4.39,1295.4,28.6,47.5,7.55,108.8,58.4,63.0,136.3,4.17
Cotton,Gujarat,Rabi,6.35,1475.4,29.7,74.5,7.3,163.0,73.2,133.1,151.2,2.56
Maize,Haryana,Zaid,3.18,1064.4,30.2,64.9,6.76,136.9,85.7,147.5,164.1,5.41
Wheat,Uttar Pradesh,Rabi,5.66,823.1,36.0,78.4,6.9,62.3,71.3,129.3,46.6,4.5
Groundnut,West Bengal,Kharif,1.8,394.5,15.0,78.3,6.28,102.6,43.4,89.5,156.7,2.86
Rice,Karnataka,Kharif,6.81,817.7,27.3,59.9,7.36,73.4,56.9,54.9,223.8,4.12
Pulses,West Bengal,Rabi,5.5,793.1,23.5,87.0,5.45,139.3,39.1,135.4,20.0,1.75
Maize,West Bengal,Kharif,2.46,,27.1,74.2,6.02,164.1,72.8,134.1,117.3,5.23
Wheat,Maharashtra,Rabi,3.34,809.1,34.2,77.2,7.09,179.6,15.0,114.2,184.6,4.22
Sugarcane,Tamil Nadu,Kharif,2.92,816.0,26.3,65.9,6.86,71.6,58.1,143.3,84.7,99.37
Sugarcane,Karnataka,Rabi,4.6,1043.4,21.1,60.1,6.29,60.0,38.7,126.2,166.6,98.26
Rice,Karnataka,Kharif,6.2,1060.0,26.8,58.0,6.6,147.3,76.4,145.5,169.3,4.9
Cotton,Gujarat,Rabi,10.76,965.0,24.7,57.7,6.38,97.9,59.4,88.9,213.3,2.68
Maize,Haryana,Kharif,5.19,1045.3,25.7,68.2,5.01,109.3,69.2,119.3,182.3,5.65
Maize,Haryana,Zaid,2.23,316.4,25.4,47.1,7.89,151.1,63.4,81.9,202.0,4.61
Wheat,Uttar Pradesh,Rabi,6.78,1081.5,19.9,89.7,7.88,115.8,33.9,93.5,75.8,4.03
Sugarcane,Haryana,Zaid,6.92,724.3,33.1,81.6,5.52,69.8,20.4,134.0,218.4,98.75
Cotton,Andhra Pradesh,Zaid,11.35,750.8,25.5,76.3,5.6,112.0,63.8,138.3,129.8,2.41
Groundnut,Gujarat,Zaid,1.23,,26.7,74.6,6.76,170.6,78.0,108.8,20.0,2.54
Rice,Gujarat,Kharif,7.89,544.3,22.0,89.4,7.8,,107.7,104.6,220.5,4.82
Maize,Maharashtra,Zaid,4.06,1424.3,32.7,95.0,8.2,106.9,46.2,36.2,119.3,4.14
Rice,Uttar Pradesh,Kharif,1.06,1165.3,26.2,59.5,7.04,138.8,33.0,116.8,160.5,4.48
Groundnut,Punjab,Zaid,4.6,919.5,27.1,69.4,6.54,80.0,80.8,116.6,89.2,2.72
Potato,Uttar Pradesh,Kharif,1.74,1140.0,32.0,65.3,6.2,133.0,15.0,67.6,169.0,28.19
Groundnut,Punjab,Zaid,4.66,873.3,23.1,70.7,5.94,119.7,45.7,120.0,91.0,3.03
Sugarcane,Andhra Pradesh,Rabi,1.16,678.7,37.1,87.8,5.99,144.1,35.9,36.2,168.6,95.23
Pulses,Punjab,Rabi,6.12,751.3,33.4,55.2,6.6,178.0,64.3,118.0,227.3,2.09
Pulses,Karnataka,Zaid,2.37,726.8,27.6,50.2,6.99,157.5,60.8,158.2,154.2,1.83
Cotton,Madhya Pradesh,Kharif,8.9,1116.0,29.3,85.1,5.98,111.0,27.2,66.4,173.1,2.62
Rice,Uttar Pradesh,Zaid,5.97,641.5,37.0,73.0,7.4,99.3,42.2,41.7,183.3,4.11
Maize,Tamil Nadu,Kharif,5.98,776.0,20.0,95.0,7.44,40.0,49.0,56.9,95.3,4.51
Potato,West Bengal,Rabi,1.51,250.0,25.9,69.8,6.98,111.4,51.5,127.2,146.0,27.83
Wheat,Gujarat,Zaid,2.31,748.6,31.4,65.4,7.74,143.9,52.2,175.1,147.1,3.91
Sugarcane,West Bengal,Zaid,2.29,562.7,30.5,69.1,6.85,129.0,50.1,155.4,105.3,85.28
Maize,Haryana,Kharif,3.5,761.2,25.4,55.2,6.86,139.3,60.3,109.2,46.6,4.85
Groundnut,Andhra Pradesh,Rabi,3.01,437.5,26.4,80.7,5.48,133.4,43.0,107.0,102.2,2.91
Wheat,Haryana,Rabi,6.52,1441.3,33.9,51.0,5.77,150.9,45.0,44.4,126.5,4.15
Groundnut,Gujarat,Rabi,1.93,377.4,22.3,83.5,6.58,,,136.1,94.1,2.76
Potato,Madhya Pradesh,Zaid,4.23,771.0,26.9,70.4,7.59,144.7,21.0,64.9,86.3,21.06
Potato,Gujarat,Zaid,3.04,,31.4,58.8,6.13,95.6,50.8,107.0,227.9,25.24
Sugarcane,Haryana,Kharif,1.11,776.6,27.4,59.5,6.85,175.6,88.2,135.7,240.4,101.01
Groundnut,Madhya Pradesh,Rabi,4.85,457.3,23.3,62.6,6.75,59.1,61.2,157.4,80.3,2.4
Pulses,Uttar Pradesh,Rabi,3.16,1041.5,24.4,78.3,7.32,94.6,74.8,103.4,118.2,1.76
Cotton,Tamil Nadu,Rabi,9.85,863.4,29.1,76.7,7.14,92.8,52.4,119.6,29.1,2.49
Cotton,Maharashtra,Zaid,3.17,1111.5,30.2,75.2,6.51,180.9,38.8,168.1,229.2,2.59
Maize,Tamil Nadu,Kharif,6.64,913.7,28.7,75.9,,180.3,35.0,135.5,203.0,5.8
Cotton,Maharashtra,Kharif,6.12,1101.3,35.3,74.9,7.75,152.3,57.0,77.2,252.4,2.53
Pulses,Tamil Nadu,Rabi,2.81,986.8,21.1,82.2,6.55,99.7,56.2,86.6,108.3,
Rice,West Bengal,Rabi,6.73,527.8,23.2,60.7,6.48,132.6,34.1,109.0,198.4,4.67
Maize,Uttar Pradesh,Kharif,1.85,920.6,22.9,66.6,6.76,76.9,46.3,86.5,114.9,5.29
Potato,Punjab,Rabi,3.38,250.0,31.7,52.7,6.61,128.4,57.6,72.1,38.6,28.66
Groundnut,Uttar Pradesh,Rabi,2.59,661.1,35.0,77.4,6.49,103.0,45.6,107.5,120.7,2.67
Cotton,Andhra Pradesh,Zaid,8.42,780.1,24.4,75.1,6.65,111.0,79.4,129.2,240.7,2.44
Maize,Uttar Pradesh,Zaid,3.62,1005.9,28.4,56.2,6.1,143.0,49.9,74.2,271.1,5.82
Potato,Punjab,Zaid,2.73,630.6,28.9,65.2,6.42,158.2,37.3,112.8,46.2,25.08
Cotton,Uttar Pradesh,Kharif,7.47,812.0,24.6,55.5,6.42,68.7,73.3,122.3,59.3,2.59
Potato,Punjab,Zaid,3.24,1097.3,30.3,50.1,6.84,170.6,15.0,103.3,128.4,28.55
Maize,Gujarat,Rabi,1.38,1297.3,22.6,39.2,7.04,40.0,41.6,58.5,78.5,4.69
Rice,Madhya Pradesh,Rabi,3.51,478.6,29.7,85.7,7.05,145.7,86.6,156.0,90.0,4.32
Wheat,Karnataka,Zaid,4.04,1105.2,21.5,70.5,6.78,94.2,24.9,150.6,169.7,3.68
Cotton,Karnataka,Rabi,7.87,993.1,15.0,67.1,6.68,165.6,63.2,63.0,78.6,2.35
Pulses,Madhya Pradesh,Rabi,6.88,728.0,21.9,68.1,7.74,155.5,22.8,75.3,123.2,1.81
Cotton,Madhya Pradesh,Rabi,3.03,1239.7,37.2,74.0,6.35,189.4,105.0,144.0,204.1,2.63
Cotton,Tamil Nadu,Zaid,2.62,439.8,29.7,77.7,7.39,125.9,100.8,71.6,139.5,2.4
Wheat,Punjab,Zaid,5.46,1413.6,24.3,66.8,7.2,113.7,67.8,104.0,104.8,4.32
Pulses,Maharashtra,Kharif,6.79,920.1,37.5,70.0,6.43,105.4,38.9,142.2,26.1,1.77
Maize,Uttar Pradesh,Zaid,5.2,829.7,29.2,50.3,5.6,108.6,44.0,119.4,,4.74
Groundnut,Madhya Pradesh,Zaid,1.22,967.8,27.8,81.5,5.97,110.1,48.2,141.0,110.2,2.35
Maize,Maharashtra,Rabi,6.22,979.0,24.6,56.9,7.68,82.1,59.2,94.4,111.6,4.97
Rice,Karnataka,Zaid,7.19,526.4,23.8,67.5,5.44,152.9,79.9,99.4,94.3,3.77
Wheat,Gujarat,Kharif,3.16,752.7,18.1,60.9,4.81,133.9,49.5,74.7,45.6,4.09
Potato,West Bengal,Rabi,4.46,752.0,26.8,69.2,6.62,158.4,15.0,119.8,157.5,29.53
Rice,Karnataka,Rabi,4.41,940.0,19.1,59.4,6.52,,54.5,78.6,177.8,4.48
Groundnut,Maharashtra,Rabi,5.69,503.3,22.8,60.2,6.83,82.2,62.6,79.5,220.8,2.69
Pulses,Madhya Pradesh,Zaid,1.14,848.2,27.2,70.4,6.48,98.7,86.6,112.4,140.4,1.63
Wheat,Andhra Pradesh,Zaid,4.2,,31.9,71.1,7.4,78.8,28.5,69.7,149.4,3.92
Cotton,Punjab,Rabi,9.11,968.4,22.3,77.4,7.74,171.6,80.6,143.1,78.1,2.73
Cotton,Madhya Pradesh,Zaid,6.97,1186.0,23.6,62.5,7.26,85.3,61.7,103.5,35.4,2.44
Pulses,Maharashtra,Kharif,4.01,810.5,25.2,80.6,8.2,124.4,19.1,86.8,,1.67
Wheat,Madhya Pradesh,Kharif,2.98,858.5,22.3,67.9,6.87,159.3,65.0,136.1,197.1,4.92
Potato,Haryana,Rabi,0.99,618.3,35.3,65.4,7.06,123.9,45.7,103.9,154.6,25.78
Rice,Karnataka,Kharif,5.36,269.8,30.3,66.6,6.2,132.2,44.4,111.8,87.7,4.12
Potato,Uttar Pradesh,Rabi,4.45,763.1,16.0,50.6,6.35,57.2,73.4,70.8,212.5,26.95
Potato,Karnataka,Zaid,4.27,329.4,21.2,70.6,6.26,80.8,72.8,115.8,163.9,27.16
Potato,Uttar Pradesh,Zaid,2.88,813.3,26.2,69.4,5.57,66.7,32.7,70.2,108.4,
Sugarcane,West Bengal,Zaid,8.55,881.9,21.3,60.1,6.58,79.9,108.3,108.5,214.5,92.53
Cotton,Maharashtra,Zaid,10.14,508.8,26.1,76.7,6.09,95.0,15.0,113.2,130.5,2.1
Rice,Madhya Pradesh,Rabi,7.18,978.7,24.9,59.0,6.77,180.1,74.1,124.0,75.4,5.0
Potato,Haryana,Zaid,3.73,858.8,27.8,72.1,6.35,156.0,42.8,127.5,87.4,26.62
Groundnut,Maharashtra,Kharif,4.61,897.4,24.7,43.1,6.67,161.2,47.3,30.0,133.8,2.75
Groundnut,Punjab,Kharif,4.6,335.1,21.3,59.5,6.34,111.5,59.4,141.9,88.6,3.09
Cotton,Tamil Nadu,Rabi,11.23,1626.8,23.1,72.1,7.04,102.3,54.5,77.7,235.4,2.8
Cotton,Madhya Pradesh,Kharif,9.83,1231.7,32.6,69.6,5.95,191.5,19.8,108.0,157.7,2.67
Rice,Punjab,Rabi,5.47,747.6,27.1,75.0,7.45,114.9,52.3,85.3,157.9,5.06
Pulses,Tamil Nadu,Rabi,3.29,990.1,22.8,71.4,7.47,106.2,54.2,70.6,161.7,1.84
Pulses,Maharashtra,Kharif,5.23,1001.9,21.3,73.6,6.87,117.7,72.6,158.0,69.2,1.69
Groundnut,Gujarat,Kharif,2.43,542.0,27.6,60.7,6.84,149.8,37.7,59.5,209.1,2.74
Wheat,Andhra Pradesh,Kharif,3.73,1205.7,20.7,66.5,5.57,201.8,56.7,105.6,61.6,4.47
Maize,Haryana,Zaid,4.55,880.9,32.2,61.5,6.26,134.0,61.9,96.3,120.5,
Maize,Maharashtra,Kharif,5.82,776.3,34.3,71.7,6.44,40.4,54.6,90.8,195.2,4.93
Wheat,Haryana,Zaid,8.87,808.4,30.6,72.4,6.48,161.6,20.1,117.2,67.9,4.26
Pulses,Punjab,Rabi,2.58,885.2,32.7,68.7,6.46,113.0,42.7,68.1,51.1,1.79
Sugarcane,Punjab,Kharif,5.84,1066.8,34.2,70.0,6.41,109.6,76.2,125.7,164.2,106.11
Sugarcane,Andhra Pradesh,Zaid,2.05,1107.0,33.3,57.5,6.28,153.4,92.0,30.0,,82.44
Groundnut,Haryana,Kharif,1.69,649.8,28.7,84.6,7.44,122.5,66.1,116.6,139.2,2.92
Groundnut,Maharashtra,Rabi,4.12,1087.1,30.5,64.0,8.2,152.4,22.4,97.1,198.4,2.79
Sugarcane,Gujarat,Kharif,8.11,718.7,19.3,33.7,6.78,148.3,69.8,108.4,207.7,112.3
Wheat,Madhya Pradesh,Zaid,2.27,897.8,22.4,64.6,8.2,81.4,45.8,81.3,193.5,3.61
Maize,Andhra Pradesh,Kharif,3.61,796.8,32.7,76.9,7.1,126.6,42.2,113.7,217.4,5.02
Wheat,Gujarat,Kharif,7.26,1032.9,31.4,59.0,6.93,134.0,69.9,43.9,216.6,4.7
Sugarcane,Haryana,Kharif,2.43,1043.8,19.6,54.6,6.39,73.0,29.4,83.8,112.5,99.93
Pulses,Haryana,Zaid,1.17,1343.3,23.6,,6.25,113.5,38.7,70.8,112.6,1.6
Groundnut,Andhra Pradesh,Zaid,3.77,1017.2,20.9,73.8,,104.2,64.2,124.1,97.5,2.43
Wheat,Andhra Pradesh,Rabi,9.6,979.0,31.9,58.9,7.52,141.6,57.7,133.4,111.0,4.25
Pulses,Karnataka,Rabi,6.82,465.4,25.9,81.9,6.76,133.6,70.6,159.7,148.4,1.79
Wheat,Tamil Nadu,Rabi,4.04,1145.9,23.4,63.4,6.05,182.0,23.4,142.9,147.3,4.38
Sugarcane,West Bengal,Zaid,6.34,1267.6,25.3,72.1,7.3,131.0,,90.3,147.1,102.82
Maize,Punjab,Zaid,4.87,1001.7,30.4,61.1,6.56,133.1,48.0,143.7,144.8,5.54
Rice,Karnataka,Rabi,7.31,1251.3,26.7,59.0,6.79,132.7,38.7,99.5,203.9,4.43
Groundnut,Andhra Pradesh,Kharif,2.9,1353.8,34.5,60.2,7.96,145.0,35.9,133.4,149.2,2.81
Potato,Tamil Nadu,Zaid,3.4,755.7,27.0,40.5,7.27,90.4,77.0,99.2,191.5,25.22
Potato,Andhra Pradesh,Rabi,0.93,1087.2,31.1,95.0,6.62,72.6,27.9,63.5,199.6,26.47
Potato,Punjab,Kharif,3.09,378.4,28.4,88.5,6.61,182.6,38.0,111.5,98.4,29.02
Sugarcane,West Bengal,Rabi,6.31,250.0,28.3,61.8,7.47,97.7,64.6,104.6,86.8,93.86
Cotton,Madhya Pradesh,Kharif,10.83,282.4,27.0,62.4,7.16,96.8,76.0,119.7,59.1,2.48
Rice,Tamil Nadu,Kharif,6.48,796.7,23.5,64.7,5.85,129.5,55.4,99.3,105.1,4.86
Cotton,Haryana,Rabi,11.49,904.5,30.0,71.2,8.2,120.0,104.2,90.1,299.0,2.81
Potato,Gujarat,Rabi,2.03,1007.2,32.2,66.1,6.24,158.6,85.8,109.5,181.8,25.9
Rice,Punjab,Zaid,2.96,1078.8,19.9,66.4,7.79,185.6,71.1,127.0,135.1,4.69
Wheat,Gujarat,Kharif,8.49,762.7,29.0,80.4,7.39,97.8,49.2,96.5,153.4,4.24
Rice,Punjab,Kharif,3.3,670.6,30.2,67.1,7.21,161.5,63.2,73.5,20.0,5.03
Cotton,Madhya Pradesh,Rabi,8.55,250.0,,53.0,7.25,40.0,52.2,98.5,67.1,2.49
Sugarcane,Punjab,Rabi,1.14,1200.1,15.0,72.4,6.58,173.6,58.2,102.1,107.9,111.66
Potato,Maharashtra,Rabi,4.45,624.8,28.5,52.0,5.89,155.2,71.3,60.6,118.8,26.09
Cotton,Uttar Pradesh,Kharif,8.28,616.1,29.4,57.1,7.21,151.9,46.0,124.2,170.5,2.38
Wheat,Tamil Nadu,Kharif,6.66,1192.1,28.6,68.6,6.58,104.6,69.1,105.2,100.2,4.25
Cotton,Maharashtra,Zaid,5.95,730.5,25.9,70.9,7.71,121.0,60.7,118.3,154.0,2.36
Groundnut,Punjab,Rabi,3.78,546.5,25.0,88.1,8.2,69.6,98.7,79.2,127.2,3.18
Sugarcane,Madhya Pradesh,Rabi,8.41,472.5,25.9,84.5,6.99,60.1,48.9,96.5,153.4,97.3
Pulses,Uttar Pradesh,Zaid,4.66,805.0,30.1,68.3,6.4,68.4,64.9,151.4,189.9,1.74
Rice,Maharashtra,Kharif,6.75,956.4,29.1,63.2,7.23,122.7,42.5,67.2,171.6,4.52
Groundnut,Uttar Pradesh,Rabi,1.89,457.0,27.7,57.9,6.43,92.2,35.6,146.5,124.9,2.87
Rice,Tamil Nadu,Rabi,7.84,666.8,26.8,85.6,6.06,170.3,42.7,119.6,195.7,4.64
Rice,West Bengal,Rabi,1.56,926.8,34.7,71.5,6.87,116.1,43.8,156.6,158.5,4.58
Pulses,Madhya Pradesh,Rabi,6.07,609.9,26.4,94.9,6.87,152.7,58.7,91.8,185.3,1.51
Wheat,Punjab,Zaid,7.12,787.1,32.1,61.3,6.82,141.5,48.8,97.1,109.3,4.0
Sugarcane,Uttar Pradesh,Zaid,8.67,802.2,26.2,64.4,8.2,112.3,34.7,95.4,189.8,77.97
Wheat,Andhra Pradesh,Zaid,5.37,1363.3,29.6,69.4,7.7,123.6,15.0,124.8,97.1,3.66
Cotton,Uttar Pradesh,Zaid,11.39,755.2,32.9,78.6,6.72,173.2,65.2,53.2,158.2,2.61
Sugarcane,Uttar Pradesh,Zaid,8.14,447.8,21.6,86.3,7.03,113.9,73.4,49.1,198.9,87.64
Pulses,Punjab,Zaid,3.45,1004.4,33.6,64.2,6.27,,58.8,72.4,106.5,1.8
Sugarcane,Andhra Pradesh,Kharif,3.28,965.6,29.6,72.5,7.24,134.9,15.0,77.6,98.3,99.97
Groundnut,Maharashtra,Kharif,3.75,928.6,31.8,57.8,6.62,97.1,115.7,106.8,150.1,2.94
Potato,Tamil Nadu,Kharif,4.44,1060.2,21.9,81.1,6.87,80.0,37.5,,79.8,27.71
Potato,Tamil Nadu,Zaid,1.33,851.7,33.0,95.0,7.55,92.9,59.7,113.7,106.4,27.3
Rice,Madhya Pradesh,Zaid,2.85,272.3,31.5,70.2,6.22,163.9,47.5,91.1,82.3,3.79
Pulses,Tamil Nadu,Rabi,4.51,1028.8,25.0,68.2,7.57,181.5,45.3,129.9,244.5,1.85
Wheat,West Bengal,Zaid,6.62,255.3,32.2,82.6,6.15,131.3,36.9,131.5,50.5,3.48
Groundnut,Uttar Pradesh,Kharif,2.98,619.5,21.9,74.6,6.57,117.6,97.8,144.7,93.5,2.97
Sugarcane,Maharashtra,Kharif,4.87,735.4,27.4,85.9,7.05,154.4,72.7,125.8,83.5,102.03
Maize,Punjab,Zaid,4.52,689.4,27.9,57.8,6.87,197.5,55.5,112.8,133.8,5.54
Wheat,Madhya Pradesh,Kharif,9.25,504.7,25.3,64.7,5.33,57.9,53.3,115.4,72.5,4.21
Cotton,Uttar Pradesh,Zaid,6.74,966.9,23.1,76.1,7.01,136.3,57.7,140.9,181.9,2.53
Wheat,Andhra Pradesh,Kharif,5.19,958.1,27.7,52.0,7.66,139.4,67.0,104.1,145.2,4.52
Maize,Gujarat,Rabi,5.5,840.6,21.1,74.7,5.53,128.3,22.2,206.8,204.1,4.56
Pulses,Andhra Pradesh,Rabi,4.69,725.6,28.1,46.2,6.47,142.4,72.5,38.1,79.2,1.8
Rice,Haryana,Rabi,6.35,416.1,23.4,72.8,6.14,141.9,51.5,76.8,113.6,4.63
Wheat,Tamil Nadu,Rabi,4.97,1002.3,31.3,61.4,6.69,105.7,37.5,89.9,182.6,4.61
Groundnut,Gujarat,Rabi,1.23,1353.2,29.3,68.8,6.73,152.5,50.0,131.3,61.9,2.69
Sugarcane,Madhya Pradesh,Rabi,2.37,1023.9,21.0,49.3,6.21,102.8,,138.4,95.8,83.95
Wheat,Andhra Pradesh,Zaid,9.63,854.0,30.8,64.1,7.13,141.5,63.9,104.0,185.4,4.16
Potato,Karnataka,Zaid,2.08,672.5,36.3,60.4,6.46,114.5,39.3,146.7,146.2,23.87
Cotton,Madhya Pradesh,Rabi,8.13,437.2,27.6,44.7,8.09,136.6,53.9,158.0,221.6,2.51
Rice,Maharashtra,Kharif,4.77,803.2,27.7,76.0,6.03,143.0,40.2,107.6,165.7,4.61
Pulses,Tamil Nadu,Rabi,4.24,784.3,23.6,58.5,6.46,215.6,52.6,93.9,129.3,1.81
Cotton,Madhya Pradesh,Zaid,7.71,1187.2,26.4,83.7,7.63,139.8,55.5,145.2,56.9,2.28
Groundnut,Uttar Pradesh,Kharif,4.38,790.7,33.0,68.3,6.89,125.9,46.4,73.3,20.0,2.9
Maize,Madhya Pradesh,Rabi,5.89,1290.5,19.4,82.6,5.3,130.2,69.1,30.0,138.3,5.01
Sugarcane,Uttar Pradesh,Zaid,2.48,1055.7,22.3,66.7,7.94,168.0,42.1,117.1,124.4,84.32
Rice,Uttar Pradesh,Kharif,5.13,508.8,27.4,54.5,5.85,145.9,66.7,114.0,99.7,5.11
Wheat,Tamil Nadu,Zaid,8.36,842.9,27.8,68.2,5.99,176.5,82.6,123.1,64.4,4.34
Groundnut,Maharashtra,Kharif,3.66,1176.5,34.8,,7.47,124.3,47.2,114.4,209.2,2.87
Pulses,Haryana,Zaid,6.52,745.8,28.9,79.8,7.21,118.9,78.1,30.0,195.4,1.8
Cotton,Karnataka,Zaid,11.06,395.4,25.6,66.4,5.99,112.4,51.7,86.7,,2.1
Pulses,West Bengal,Kharif,5.67,853.8,,77.0,6.72,160.7,78.3,132.8,233.9,1.82
Rice,Madhya Pradesh,Rabi,2.07,888.4,33.3,59.7,6.33,165.9,70.4,160.2,155.5,4.94
Wheat,Gujarat,Kharif,1.38,1029.1,24.3,62.6,7.02,153.7,58.0,137.9,128.5,4.15
Sugarcane,West Bengal,Kharif,6.36,536.4,32.1,60.0,7.22,134.7,15.0,146.1,80.3,99.05
Groundnut,Tamil Nadu,Kharif,2.11,651.2,34.0,85.9,5.8,68.0,35.5,146.0,151.8,2.77
Groundnut,West Bengal,Kharif,4.27,398.8,21.6,61.3,4.89,132.2,43.5,162.3,181.6,2.81
Potato,Andhra Pradesh,Zaid,3.41,1173.6,23.6,82.1,,96.7,35.0,138.2,171.0,27.54
Rice,Karnataka,Rabi,2.55,933.8,31.2,74.8,6.19,131.1,56.9,130.1,283.4,5.01
Maize,Maharashtra,Rabi,6.33,1705.2,27.7,60.2,7.04,75.0,46.0,100.7,84.5,4.73
Potato,Uttar Pradesh,Rabi,2.76,756.9,24.7,52.9,5.87,161.5,23.8,120.1,144.1,
Rice,Maharashtra,Rabi,6.18,674.4,20.0,74.5,6.89,174.3,65.0,125.3,136.9,4.46
Maize,Maharashtra,Rabi,5.62,829.5,33.0,67.9,5.7,65.2,60.4,40.9,183.3,5.35
Maize,Uttar Pradesh,Zaid,1.55,,21.9,62.5,6.36,64.5,48.3,89.1,153.2,4.64
Wheat,Uttar Pradesh,Rabi,3.98,336.6,32.6,63.0,7.12,185.8,17.0,97.7,96.0,4.52
Potato,Haryana,Zaid,3.59,483.8,32.2,70.7,8.2,40.0,51.5,60.0,162.5,23.41
Sugarcane,Gujarat,Kharif,3.27,1076.0,27.5,75.0,6.23,112.3,68.4,105.7,143.0,94.32
Sugarcane,West Bengal,Zaid,6.87,868.1,25.9,82.5,6.73,241.2,52.4,195.3,20.0,89.86
Pulses,West Bengal,Rabi,3.94,978.4,32.4,43.8,6.39,99.8,61.9,103.1,128.9,1.65
Potato,Madhya Pradesh,Rabi,2.2,1150.1,25.6,72.1,6.14,183.4,50.5,107.1,226.8,28.39
Pulses,Uttar Pradesh,Kharif,5.41,1512.5,25.2,39.8,6.67,104.0,43.9,123.1,277.8,1.99
Rice,Uttar Pradesh,Kharif,3.39,860.8,28.9,71.0,6.06,166.8,66.2,87.5,152.6,5.04
Rice,Punjab,Kharif,2.4,581.5,33.9,74.2,7.3,117.1,51.2,47.0,199.6,5.08
Maize,Maharashtra,Rabi,7.0,1268.0,30.9,64.9,6.0,117.3,78.5,124.7,128.3,4.95
Groundnut,Andhra Pradesh,Zaid,5.15,426.2,28.7,,6.62,92.9,67.2,145.8,206.3,2.43
Potato,Madhya Pradesh,Zaid,3.74,764.0,33.1,61.3,6.51,161.8,77.9,106.0,211.5,24.88
Groundnut,Maharashtra,Rabi,3.48,1674.5,36.3,63.4,5.53,109.3,68.9,132.1,125.5,2.47
Pulses,Madhya Pradesh,Zaid,3.43,1191.8,33.2,64.6,6.53,159.8,78.0,119.6,143.3,1.5
Pulses,Uttar Pradesh,Rabi,1.97,1087.6,22.8,61.1,7.62,135.4,49.0,97.5,23.1,1.69
Rice,Haryana,Zaid,5.79,1161.6,30.3,61.4,7.56,177.3,60.7,88.0,64.3,4.11
Maize,Tamil Nadu,Zaid,1.41,1078.7,32.6,65.1,6.47,116.2,33.6,98.5,180.2,4.59
Pulses,Andhra Pradesh,Zaid,2.25,596.2,22.5,49.6,6.17,89.2,34.3,142.1,109.3,1.6
Sugarcane,Uttar Pradesh,Kharif,4.62,750.2,25.5,78.0,8.2,131.1,55.4,44.7,99.7,100.12
Rice,Gujarat,Rabi,7.34,793.1,30.8,55.3,7.16,156.8,89.7,87.3,59.4,4.83
Groundnut,Maharashtra,Zaid,1.96,1035.3,28.5,55.0,6.62,40.0,74.1,81.9,193.3,2.25
Groundnut,Andhra Pradesh,Zaid,1.11,1225.1,26.8,58.8,6.71,159.3,58.0,110.7,99.8,2.46
Sugarcane,Andhra Pradesh,Kharif,7.84,436.2,30.7,55.9,6.85,107.4,52.4,138.7,161.5,104.61
Groundnut,Haryana,Kharif,1.1,1063.6,20.3,67.2,6.85,140.7,15.0,151.7,146.9,3.01
Pulses,Uttar Pradesh,Zaid,3.65,460.0,25.8,72.1,6.27,100.9,37.9,126.1,26.6,1.51
Wheat,Madhya Pradesh,Kharif,2.18,708.0,19.7,95.0,5.6,178.8,69.4,87.1,122.2,4.25
Rice,Haryana,Zaid,1.48,986.0,27.2,54.1,5.8,94.1,48.2,134.1,154.4,4.41
Rice,Karnataka,Zaid,5.56,422.5,27.4,66.1,6.55,119.6,73.6,91.3,221.9,4.3
Maize,Andhra Pradesh,Rabi,3.53,840.7,33.0,68.0,7.58,83.1,39.6,45.1,201.9,4.6
Groundnut,Maharashtra,Zaid,1.55,,23.3,64.2,6.48,94.2,90.5,81.0,136.3,2.59
Pulses,Maharashtra,Rabi,1.25,1206.8,27.4,68.8,6.72,113.0,65.8,159.8,67.0,1.74
Sugarcane,Uttar Pradesh,Kharif,6.97,798.0,33.5,69.0,5.59,136.5,50.5,,216.3,107.84
Maize,Haryana,Kharif,2.38,1156.2,30.2,91.6,7.48,171.0,41.5,134.1,162.6,5.35
Pulses,Karnataka,Kharif,2.19,934.3,25.0,61.9,6.57,162.2,53.0,123.2,243.1,1.95
Maize,Karnataka,Kharif,6.74,420.4,19.9,60.6,7.07,86.3,37.8,30.0,109.9,4.79
Pulses,West Bengal,Rabi,5.46,958.3,30.5,66.7,6.08,40.0,74.0,98.8,55.0,1.71
Groundnut,Tamil Nadu,Kharif,4.26,552.7,27.1,54.5,7.03,111.0,41.8,66.7,93.4,2.94
Potato,Karnataka,Zaid,3.52,922.1,33.0,45.9,7.17,80.0,73.2,152.3,84.1,21.74
Sugarcane,Punjab,Rabi,2.25,517.0,20.1,76.9,7.81,100.7,47.6,112.4,131.8,95.95
Rice,Maharashtra,Rabi,5.93,740.9,39.3,51.0,5.67,176.6,41.0,155.1,125.8,3.92
Cotton,Haryana,Rabi,2.28,811.0,29.4,69.1,7.1,88.3,26.7,131.0,178.6,2.71
Rice,Gujarat,Rabi,4.14,935.1,23.9,64.9,5.83,51.1,49.5,86.7,119.3,4.45
Potato,Andhra Pradesh,Rabi,2.45,947.8,24.8,78.5,7.39,154.2,63.8,111.0,206.8,27.19
Sugarcane,Gujarat,Kharif,3.89,1145.5,26.9,95.0,6.04,149.3,46.3,86.7,128.6,97.7
Maize,Tamil Nadu,Rabi,5.26,782.0,20.8,77.8,8.2,144.0,58.6,153.5,191.5,5.21
Maize,Karnataka,Kharif,2.4,716.8,27.4,64.3,6.58,133.1,15.0,75.6,67.4,4.99
Potato,Maharashtra,Zaid,1.32,436.4,25.1,71.2,6.4,166.5,79.1,101.6,142.3,24.12
Rice,Uttar Pradesh,Rabi,4.57,596.6,26.3,61.9,5.21,46.3,59.9,138.7,91.8,4.39
Wheat,Karnataka,Zaid,2.87,1167.1,27.0,81.6,7.72,174.8,87.9,100.8,124.6,3.94
Maize,Andhra Pradesh,Rabi,2.98,1516.8,32.9,72.2,7.59,120.6,,71.7,140.7,4.87
Wheat,Karnataka,Rabi,5.61,1128.0,25.4,58.8,5.84,142.5,47.6,140.7,123.4,4.07
Potato,Gujarat,Rabi,2.22,1099.9,19.8,69.1,7.13,204.1,82.8,128.8,44.9,26.21
Sugarcane,Gujarat,Kharif,3.4,669.3,26.5,93.2,6.42,78.7,70.2,135.2,131.6,100.37
Potato,Madhya Pradesh,Zaid,0.62,984.9,31.4,51.8,7.62,170.9,33.8,87.6,156.5,23.0
Wheat,Uttar Pradesh,Rabi,7.06,1004.1,24.8,84.9,6.37,104.7,50.9,60.3,147.5,4.1
Maize,Karnataka,Kharif,3.51,904.2,15.6,61.0,5.18,179.8,43.2,110.5,164.6,4.58
Wheat,Karnataka,Rabi,6.85,632.0,28.1,82.9,7.32,87.1,52.1,117.5,75.7,4.24
Groundnut,Maharashtra,Rabi,2.72,723.9,26.4,63.7,7.52,96.4,64.7,117.5,170.1,2.83
Potato,Haryana,Kharif,1.85,869.7,28.7,77.0,6.98,159.5,42.5,167.9,184.7,30.12
Potato,Madhya Pradesh,Kharif,4.34,1029.4,15.9,60.4,6.37,197.5,72.3,97.1,105.4,27.17
Potato,West Bengal,Zaid,2.79,925.4,23.8,76.4,6.18,120.6,41.2,177.4,120.7,22.6
Groundnut,Karnataka,Kharif,3.13,1302.9,25.0,68.1,6.99,42.4,44.4,,63.6,2.65
Pulses,Gujarat,Kharif,3.37,937.5,20.1,80.3,6.84,75.3,55.2,144.8,178.6,2.01
Groundnut,Andhra Pradesh,Rabi,1.32,812.1,20.7,76.6,6.42,136.2,73.9,129.4,94.6,2.86
Maize,Punjab,Rabi,5.92,788.3,25.0,60.5,6.18,137.7,44.6,88.0,187.5,5.68
Sugarcane,Punjab,Zaid,5.78,970.7,30.7,59.0,7.55,93.1,73.5,77.1,135.1,93.65
Groundnut,Haryana,Kharif,5.02,776.0,26.3,82.8,6.66,97.3,52.8,78.5,137.7,3.28
Maize,Madhya Pradesh,Zaid,4.12,758.8,21.9,73.9,5.94,164.7,90.7,93.2,102.5,4.66
Wheat,Tamil Nadu,Kharif,6.71,840.0,25.2,68.2,7.44,134.1,60.7,104.4,96.6,4.18
Potato,Maharashtra,Zaid,3.61,948.7,21.2,60.6,7.66,105.0,79.0,170.3,92.3,24.56
Cotton,Gujarat,Kharif,6.29,1194.6,34.6,45.7,6.0,116.0,43.7,121.8,184.7,2.65
Maize,Madhya Pradesh,Rabi,4.99,989.7,17.2,59.5,6.46,164.5,31.1,73.7,137.8,5.46
Cotton,West Bengal,Kharif,8.15,1126.7,34.9,54.0,6.36,96.6,72.0,112.8,,2.78
Maize,Gujarat,Kharif,3.02,820.9,23.1,78.8,7.24,55.9,51.5,117.9,22.4,4.92
Cotton,Uttar Pradesh,Zaid,11.55,646.1,17.9,59.0,7.63,93.4,37.5,65.7,103.4,2.21
Wheat,West Bengal,Kharif,3.62,661.8,24.9,95.0,7.53,65.7,61.7,30.0,181.8,4.45
Cotton,Madhya Pradesh,Zaid,10.55,,28.7,59.0,6.47,89.5,50.7,142.3,160.0,2.41
Rice,Punjab,Rabi,3.07,929.6,34.2,76.8,,181.8,85.4,95.8,105.7,5.12
Potato,Karnataka,Rabi,1.12,707.0,38.8,68.9,7.33,149.1,94.1,67.9,159.4,26.85
Wheat,Uttar Pradesh,Kharif,5.33,789.7,29.3,57.5,6.53,129.1,49.3,103.9,108.2,4.07
Maize,Maharashtra,Kharif,2.26,1482.4,30.3,70.1,6.19,85.1,72.2,86.0,131.1,4.82
Sugarcane,Andhra Pradesh,Rabi,4.33,785.9,30.1,58.5,6.36,139.8,52.0,93.9,93.0,107.85
Rice,Punjab,Rabi,7.6,810.8,33.0,81.5,6.22,144.3,99.3,132.6,137.3,4.99
Groundnut,West Bengal,Rabi,1.64,1036.1,31.3,85.6,6.13,52.4,58.9,,240.4,2.85
Sugarcane,West Bengal,Kharif,6.55,640.8,18.8,74.6,6.35,,29.6,57.9,22.6,96.59
Cotton,Uttar Pradesh,Rabi,3.9,1026.3,26.9,69.8,6.81,84.0,80.6,109.0,131.0,2.68
Sugarcane,Haryana,Rabi,7.5,859.4,18.0,84.0,5.61,134.1,49.2,133.7,221.8,110.12
Potato,Uttar Pradesh,Kharif,3.31,655.4,29.6,77.5,6.25,115.2,25.9,65.9,217.5,29.61
Rice,Gujarat,Kharif,2.3,1130.9,31.1,43.8,6.42,110.5,72.7,104.9,211.9,4.53
Groundnut,Haryana,Rabi,4.75,374.3,23.4,64.6,8.11,193.6,68.7,75.1,166.1,2.97
Pulses,Tamil Nadu,Zaid,2.61,672.7,18.4,65.9,6.51,125.8,49.7,127.9,129.9,1.53
Sugarcane,West Bengal,Zaid,2.45,751.0,34.9,68.8,7.14,123.2,60.1,110.4,120.6,
Rice,Maharashtra,Zaid,5.6,751.6,,74.9,6.29,124.0,80.8,139.4,187.6,3.97
Rice,Tamil Nadu,Rabi,5.77,1259.6,34.5,67.2,7.0,135.4,72.1,134.1,134.0,4.72
Sugarcane,Haryana,Rabi,2.51,778.9,19.9,74.0,6.33,101.5,32.6,,177.9,107.53
Pulses,Punjab,Zaid,6.98,805.6,18.6,62.2,7.8,95.6,27.4,98.0,121.9,1.79
Potato,West Bengal,Zaid,4.75,880.2,22.4,68.1,6.05,160.1,87.0,124.8,98.8,24.54
Cotton,Madhya Pradesh,Zaid,7.15,625.0,22.2,69.5,6.88,136.2,61.6,79.4,173.8,2.49
Potato,Maharashtra,Kharif,0.68,597.8,18.8,86.1,7.05,124.2,33.5,156.2,147.2,25.87
Wheat,Madhya Pradesh,Kharif,3.84,820.6,33.4,79.7,6.83,144.7,54.1,118.4,151.8,4.66
Pulses,Gujarat,Zaid,6.03,1243.1,29.8,42.7,6.21,176.9,55.0,114.9,190.9,1.75
Wheat,Gujarat,Kharif,4.22,780.6,26.2,,6.43,152.1,28.4,77.3,58.3,4.31
Potato,Gujarat,Kharif,2.83,603.4,40.0,72.4,6.84,,64.2,172.3,180.8,26.7
Cotton,Maharashtra,Zaid,11.41,928.8,19.2,63.2,8.2,80.1,64.0,92.8,143.9,2.22
Potato,Punjab,Zaid,1.48,864.4,23.9,67.5,7.62,107.2,40.2,137.1,147.2,26.19
Potato,Maharashtra,Rabi,3.52,670.2,24.1,66.0,6.9,159.9,54.8,50.4,131.1,25.3
Cotton,Tamil Nadu,Kharif,9.98,604.0,24.2,87.3,6.58,80.4,31.3,60.5,129.2,2.44
Sugarcane,Madhya Pradesh,Zaid,7.59,1483.9,15.0,85.4,6.13,170.0,47.6,84.2,147.7,86.68
Cotton,Tamil Nadu,Zaid,3.12,,27.4,67.3,5.72,72.7,80.9,106.6,73.2,2.23
Potato,Tamil Nadu,Rabi,4.94,853.9,18.0,58.0,7.24,134.7,40.6,111.3,113.1,27.63
Pulses,Madhya Pradesh,Rabi,6.89,546.5,35.3,77.4,7.03,207.7,88.3,129.5,207.8,1.84
Groundnut,Madhya Pradesh,Zaid,5.26,971.4,27.3,54.8,7.25,100.5,40.5,155.7,124.0,2.53
Cotton,Gujarat,Zaid,11.47,856.7,32.3,44.9,6.39,112.9,67.2,89.5,95.1,2.15
Maize,Punjab,Rabi,3.05,270.2,21.9,82.7,5.99,128.4,68.4,91.9,106.6,5.3
Wheat,Karnataka,Kharif,8.54,638.4,24.0,68.7,6.82,148.6,53.0,44.1,155.9,4.03
Cotton,Punjab,Kharif,6.85,1378.8,29.6,65.2,5.8,197.2,78.1,122.3,145.1,2.97
Maize,Tamil Nadu,Rabi,5.12,1031.0,31.7,52.9,7.27,170.5,53.6,145.4,97.7,4.84
Cotton,Madhya Pradesh,Kharif,5.78,727.6,22.9,69.3,7.02,135.0,15.0,75.8,150.4,2.39
Pulses,West Bengal,Rabi,1.46,545.7,15.4,76.4,6.03,132.6,82.3,90.9,161.2,1.91
Maize,Madhya Pradesh,Rabi,1.25,1229.4,24.8,80.2,6.31,132.6,47.5,89.3,226.1,5.13
Groundnut,Maharashtra,Zaid,2.04,868.6,24.9,93.5,6.25,108.7,75.0,128.6,59.6,2.8
Cotton,Haryana,Zaid,9.11,991.4,24.8,58.6,6.07,73.7,59.8,96.5,,2.48
Cotton,Andhra Pradesh,Kharif,7.91,1437.1,29.6,67.4,6.84,156.5,76.5,148.2,137.0,2.82
Cotton,Tamil Nadu,Kharif,7.2,386.9,30.2,79.8,7.64,250.0,24.8,80.7,138.1,2.3
Pulses,Gujarat,Rabi,2.63,528.7,26.3,68.3,6.81,123.8,75.3,199.3,186.7,1.67
Cotton,Gujarat,Rabi,3.27,1174.8,24.4,67.0,6.34,116.9,100.8,124.3,198.7,2.59
Groundnut,Madhya Pradesh,Kharif,4.52,1073.0,30.2,57.4,8.08,118.9,68.6,83.5,183.9,2.67
Pulses,Madhya Pradesh,Rabi,1.29,1605.6,27.0,71.4,6.04,106.9,73.5,70.7,201.5,1.56
Cotton,Haryana,Kharif,4.15,1216.0,31.6,62.7,6.24,84.7,48.4,91.3,183.0,2.71
Sugarcane,Andhra Pradesh,Zaid,2.16,545.2,25.2,87.3,7.09,67.9,67.0,51.4,152.7,84.83
Rice,Tamil Nadu,Rabi,2.97,983.1,24.1,57.1,6.89,178.9,41.7,89.7,167.5,4.68
Sugarcane,Madhya Pradesh,Rabi,8.74,995.5,28.6,68.0,6.87,145.0,69.4,92.7,115.0,104.86
Groundnut,Punjab,Zaid,2.55,633.4,39.3,72.2,5.74,68.2,57.6,37.7,81.6,2.69
Potato,Madhya Pradesh,Rabi,4.04,705.3,20.6,42.7,6.95,99.1,62.8,55.2,232.0,24.94
Wheat,Punjab,Rabi,3.17,645.9,29.8,,7.14,220.3,54.7,168.1,195.0,4.78
Potato,Uttar Pradesh,Rabi,0.75,595.8,34.0,59.3,6.5,110.9,85.7,76.1,158.1,27.36
Sugarcane,Gujarat,Zaid,6.67,1148.8,33.5,86.0,7.05,116.0,50.2,113.8,174.8,92.09
Maize,Tamil Nadu,Zaid,2.7,1493.6,20.1,52.0,6.91,112.4,50.3,87.7,275.6,4.6
Groundnut,Madhya Pradesh,Rabi,1.45,817.2,26.7,74.2,6.06,101.2,53.1,131.2,129.0,
Pulses,Tamil Nadu,Zaid,5.13,389.9,27.1,59.6,7.75,85.7,54.6,113.3,71.6,1.6
Groundnut,Gujarat,Zaid,1.89,637.7,24.7,95.0,6.56,55.0,80.6,60.9,,2.56
Maize,Maharashtra,Kharif,3.25,1143.2,28.1,52.6,7.33,151.1,64.1,54.0,122.4,5.28
Potato,Uttar Pradesh,Rabi,2.34,881.9,22.2,82.6,5.75,76.8,92.2,77.0,95.8,22.75
Maize,Punjab,Kharif,3.69,738.8,15.0,81.4,7.05,110.6,36.1,140.6,147.8,5.75
Sugarcane,Karnataka,Zaid,3.09,1083.9,29.2,54.3,5.0,174.4,52.3,44.8,171.2,75.57
Sugarcane,Karnataka,Zaid,7.56,630.2,32.6,64.8,7.59,123.0,73.2,120.7,199.7,85.99
Cotton,Haryana,Rabi,5.21,526.5,21.8,55.4,5.44,116.3,30.8,130.1,116.2,2.69
Potato,Punjab,Rabi,2.88,1030.8,26.2,71.0,5.67,124.2,56.5,30.0,189.1,30.86
Cotton,Maharashtra,Rabi,11.1,1345.7,22.6,54.9,6.45,170.8,26.1,60.1,142.9,2.44
Rice,Uttar Pradesh,Rabi,6.45,831.7,29.2,58.6,7.62,122.7,31.4,79.3,244.3,5.0
Groundnut,Punjab,Rabi,2.72,637.4,25.8,64.5,6.09,141.7,47.8,114.3,192.0,2.98
Wheat,West Bengal,Rabi,5.39,390.1,15.0,78.7,6.63,121.4,,134.5,219.2,4.35
Pulses,Andhra Pradesh,Zaid,2.46,1189.6,36.6,80.9,7.45,57.4,74.7,169.9,190.4,1.53
Potato,Punjab,Zaid,2.05,943.9,31.5,81.0,5.55,149.7,55.0,90.7,121.6,28.08
Wheat,Maharashtra,Zaid,8.03,570.6,22.6,83.5,8.06,70.8,49.9,132.1,159.1,3.94
Groundnut,Tamil Nadu,Rabi,1.11,1115.5,21.2,71.9,,234.3,31.3,111.0,120.7,3.26
Wheat,Gujarat,Rabi,1.71,409.2,33.1,59.4,7.35,99.1,57.8,133.6,151.6,4.14
Cotton,Karnataka,Kharif,11.43,594.1,28.7,72.2,6.43,90.0,86.7,80.6,109.4,2.58
Rice,Maharashtra,Rabi,1.34,767.3,19.3,69.0,6.14,188.5,37.7,110.2,133.4,4.27
Potato,Madhya Pradesh,Kharif,1.66,859.7,28.0,58.7,6.68,185.3,48.0,130.3,277.9,29.73
Groundnut,Maharashtra,Rabi,4.3,997.9,24.3,86.5,7.14,125.2,37.8,106.5,115.6,2.97
Potato,Maharashtra,Zaid,3.7,1727.0,24.0,73.4,7.0,71.6,72.9,162.0,206.2,21.55
Cotton,Uttar Pradesh,Rabi,10.32,1036.5,28.2,79.8,6.97,122.4,42.0,73.7,97.3,2.27
Rice,Punjab,Kharif,1.22,250.0,19.8,95.0,6.77,106.0,49.9,51.0,199.6,4.55
Potato,Haryana,Rabi,3.74,400.8,24.7,51.2,6.7,226.9,36.4,133.1,161.2,28.73
Cotton,Karnataka,Kharif,6.12,1205.2,21.6,64.8,6.39,100.4,37.7,125.1,140.8,2.61
Rice,Karnataka,Zaid,7.13,478.8,24.4,60.3,6.78,199.2,21.7,58.9,202.5,4.17
Maize,Madhya Pradesh,Zaid,1.22,881.9,21.1,73.9,6.89,127.0,47.4,171.3,219.9,4.47
Cotton,West Bengal,Zaid,11.87,674.8,25.5,70.2,5.87,178.3,46.4,49.3,108.0,2.4
Maize,Andhra Pradesh,Zaid,2.2,886.9,19.9,63.6,7.0,182.4,63.0,175.0,51.2,4.68
Wheat,Andhra Pradesh,Kharif,5.16,1013.3,29.0,79.1,5.48,40.0,64.5,88.7,91.7,3.97
Rice,Karnataka,Rabi,2.68,636.1,31.0,52.9,7.91,148.1,75.5,220.0,,
Cotton,West Bengal,Zaid,3.53,250.0,24.3,64.8,6.26,68.0,60.7,93.4,86.1,2.37
Cotton,Punjab,Kharif,8.55,254.7,27.6,58.3,,109.4,35.7,104.6,213.9,2.92
Rice,Madhya Pradesh,Rabi,6.63,829.0,32.3,81.4,7.77,115.8,58.9,124.4,121.5,4.6
Pulses,Gujarat,Kharif,5.93,250.0,31.8,61.4,7.22,139.9,59.1,83.3,130.6,1.61
Rice,Karnataka,Kharif,7.93,668.4,24.7,68.0,6.84,119.7,63.1,85.0,139.4,4.95
Rice,Uttar Pradesh,Kharif,1.24,817.0,26.6,65.5,6.31,171.0,63.3,105.6,108.6,4.63
Pulses,Madhya Pradesh,Zaid,3.15,,24.9,71.9,5.76,135.7,17.8,61.5,108.8,1.31
Rice,Andhra Pradesh,Rabi,6.71,707.5,23.7,60.1,6.9,103.8,15.0,104.9,145.1,5.0
Wheat,Punjab,Zaid,1.72,1117.7,18.2,63.8,6.96,180.2,62.7,42.0,177.9,4.33
Rice,Andhra Pradesh,Kharif,4.23,769.4,37.4,75.2,6.43,98.0,42.1,41.4,134.1,4.43
Groundnut,Madhya Pradesh,Zaid,3.64,935.0,20.4,,6.25,104.0,28.8,69.0,134.5,2.5
Groundnut,Karnataka,Rabi,5.77,708.9,36.1,76.1,7.58,90.1,15.0,62.3,144.4,2.43
Rice,Andhra Pradesh,Rabi,6.95,750.8,20.7,63.1,6.64,119.0,18.5,63.4,53.2,3.97
Wheat,Maharashtra,Kharif,9.25,691.3,30.1,70.0,7.85,186.9,36.9,62.6,166.2,4.1
Cotton,Punjab,Rabi,2.46,250.0,30.6,56.8,6.29,154.5,32.5,76.2,191.5,2.84
Maize,Haryana,Rabi,1.32,1115.3,29.9,81.2,7.21,159.6,75.5,65.6,116.3,5.63
Maize,Madhya Pradesh,Kharif,4.74,1255.7,20.7,77.0,6.6,106.0,40.3,112.9,145.5,5.05
Groundnut,Punjab,Rabi,5.88,923.0,29.7,63.7,7.04,,56.3,130.4,118.1,3.19
Cotton,Maharashtra,Zaid,11.68,397.6,34.8,67.5,6.33,104.0,84.9,151.9,170.2,2.26
Pulses,Haryana,Kharif,5.93,1013.2,28.6,76.2,6.32,103.0,69.9,73.4,225.6,2.05
Wheat,Gujarat,Rabi,3.25,640.4,30.2,73.0,6.23,124.7,44.2,130.6,137.5,4.21
Maize,Andhra Pradesh,Zaid,1.99,905.9,26.4,76.9,7.6,172.9,46.7,175.8,142.0,5.08
Maize,Tamil Nadu,Zaid,1.02,742.9,28.1,53.6,7.99,80.0,105.7,131.9,170.3,4.58
Wheat,Madhya Pradesh,Kharif,9.03,1186.8,25.4,74.7,6.21,104.4,44.0,129.9,172.3,4.69
Maize,Andhra Pradesh,Zaid,1.62,674.4,28.9,63.9,8.05,40.0,43.7,121.5,119.2,4.47
Cotton,Karnataka,Rabi,7.07,903.8,29.6,64.8,6.33,75.3,59.5,92.4,164.4,2.24
Potato,Andhra Pradesh,Kharif,4.01,917.0,32.7,66.1,6.13,120.0,22.0,148.6,78.9,27.74
Cotton,Gujarat,Zaid,8.74,455.3,32.8,74.1,7.5,139.1,16.7,75.1,142.2,2.18
Cotton,Punjab,Rabi,6.2,582.4,29.3,48.5,7.13,102.1,93.2,90.4,144.9,2.63
Rice,Karnataka,Kharif,6.04,356.6,25.2,48.9,6.41,132.7,49.1,150.0,142.1,4.47
Pulses,Haryana,Zaid,3.17,611.9,36.6,71.5,7.58,137.9,50.5,155.0,143.2,1.59
Sugarcane,Karnataka,Rabi,3.67,789.2,27.0,64.1,5.74,132.2,66.6,118.0,51.4,91.4
Sugarcane,Tamil Nadu,Zaid,6.97,510.6,21.1,80.8,7.37,105.5,51.7,140.1,170.0,91.07
Cotton,Madhya Pradesh,Kharif,8.53,1252.9,26.4,60.9,6.79,99.8,62.5,82.0,176.0,2.43
Maize,Madhya Pradesh,Rabi,3.62,908.1,24.5,73.4,7.36,87.5,62.8,101.2,128.2,5.23
Potato,Uttar Pradesh,Kharif,4.6,870.7,33.0,67.4,6.9,165.1,55.1,134.2,225.5,
Potato,Uttar Pradesh,Rabi,2.92,1103.9,28.8,66.5,6.6,68.1,62.6,101.7,141.5,26.51
Groundnut,Haryana,Rabi,1.43,969.6,22.7,88.5,6.42,62.1,80.0,32.6,126.8,3.13
Rice,Andhra Pradesh,Zaid,5.22,478.6,30.9,52.0,8.2,92.6,53.6,119.8,79.7,3.89
Cotton,Uttar Pradesh,Rabi,2.67,1194.5,,60.8,6.02,57.6,22.1,160.5,117.2,2.39
Sugarcane,Gujarat,Zaid,1.49,420.8,25.1,71.8,6.98,,62.7,53.9,193.9,82.25
Groundnut,Uttar Pradesh,Kharif,5.46,1128.4,21.6,82.6,6.9,194.9,50.8,58.1,222.1,2.9
Pulses,West Bengal,Kharif,5.25,810.8,19.9,69.7,6.66,140.6,79.5,86.0,127.7,1.77
Groundnut,Maharashtra,Kharif,5.21,1060.5,29.5,80.2,7.19,102.5,67.3,105.4,136.3,2.89
Pulses,West Bengal,Kharif,1.72,1376.0,19.2,64.7,6.48,122.1,33.4,113.9,25.3,1.61
Pulses,Gujarat,Zaid,6.61,1098.8,34.2,58.0,7.02,196.9,38.7,127.6,153.0,1.54
Cotton,West Bengal,Rabi,10.66,621.2,34.8,54.1,6.96,86.4,68.3,133.2,159.0,2.64
Maize,Haryana,Kharif,4.83,849.1,19.5,85.6,6.96,126.9,90.9,143.5,163.5,5.82
Wheat,Uttar Pradesh,Rabi,8.7,578.6,29.1,48.4,7.35,40.0,69.4,97.5,140.6,4.19
Rice,Uttar Pradesh,Zaid,4.5,622.7,24.8,52.6,6.12,87.6,52.2,80.1,216.2,4.38
Groundnut,Uttar Pradesh,Zaid,1.01,455.6,29.8,79.1,6.37,195.3,19.6,110.3,48.9,2.52
Sugarcane,Gujarat,Kharif,6.08,1010.9,22.5,65.0,,116.2,73.0,59.9,59.2,93.25
Sugarcane,Uttar Pradesh,Rabi,1.62,832.6,24.7,76.4,6.15,161.2,51.5,72.5,177.9,103.98
Groundnut,Haryana,Zaid,5.07,1011.0,30.0,89.2,6.17,56.3,50.7,103.9,211.6,2.73
Pulses,Gujarat,Kharif,2.48,509.4,26.0,50.8,6.53,101.3,54.7,90.3,132.5,1.97
Rice,West Bengal,Zaid,7.98,947.4,26.5,75.3,6.18,108.0,72.0,110.5,75.1,4.26
Potato,Madhya Pradesh,Kharif,2.4,687.8,29.2,63.5,7.23,180.1,49.1,50.5,91.9,27.16
Sugarcane,Haryana,Zaid,1.66,1080.6,24.1,69.6,7.71,138.9,70.6,91.7,52.0,97.45
Pulses,Gujarat,Kharif,5.41,999.5,16.6,64.4,6.61,125.1,81.3,66.9,79.7,1.86
Rice,Uttar Pradesh,Kharif,2.92,1101.1,36.0,74.7,7.65,202.4,15.0,89.6,146.8,4.88
Sugarcane,West Bengal,Kharif,6.47,912.3,34.3,71.0,6.42,162.2,51.9,146.9,133.0,107.33
Pulses,Uttar Pradesh,Kharif,6.58,1122.7,22.7,89.6,7.5,110.0,52.5,125.6,208.1,1.89
Pulses,Karnataka,Rabi,6.57,442.8,25.7,67.6,7.92,172.1,46.4,80.5,132.6,1.66
Sugarcane,West Bengal,Kharif,7.41,841.5,26.4,81.9,6.8,73.0,50.7,160.7,114.4,98.32
Pulses,Andhra Pradesh,Rabi,5.51,767.8,28.0,65.1,7.64,150.5,65.3,126.6,161.5,1.87
Sugarcane,Maharashtra,Zaid,2.85,,20.4,82.8,6.65,43.3,67.5,161.5,102.1,79.96
Cotton,West Bengal,Zaid,2.15,1052.7,23.1,75.4,7.64,94.2,36.5,110.2,159.6,2.3
Groundnut,Gujarat,Kharif,4.9,591.9,31.1,66.7,6.74,120.5,52.8,89.9,145.7,2.81
Cotton,Punjab,Kharif,3.96,,30.1,76.4,5.63,123.6,65.0,125.0,300.0,3.03
Rice,Andhra Pradesh,Zaid,4.98,1145.8,27.5,69.6,6.15,134.4,55.0,41.5,145.0,4.13
Cotton,Haryana,Kharif,11.58,949.4,27.6,69.6,7.97,218.7,34.8,91.5,178.2,2.98
Wheat,Maharashtra,Zaid,9.09,788.6,15.6,58.2,7.42,40.0,64.6,141.2,237.0,3.64
Pulses,Punjab,Rabi,3.76,669.5,32.8,77.2,6.87,118.8,107.5,91.5,180.8,2.04
Cotton,West Bengal,Rabi,6.58,,21.9,78.2,6.56,102.7,63.5,48.6,229.8,2.52
Maize,Madhya Pradesh,Kharif,4.54,904.8,33.7,82.4,5.13,90.1,43.6,88.0,68.9,4.77
Wheat,Maharashtra,Zaid,8.23,328.0,23.6,77.5,7.44,98.3,54.7,142.9,139.1,3.87
Groundnut,Karnataka,Kharif,1.72,930.7,29.9,89.3,6.67,154.5,49.9,110.5,88.8,2.73
Cotton,Punjab,Zaid,5.4,992.0,23.8,53.4,6.21,95.3,81.0,102.3,137.4,2.62
Potato,Karnataka,Zaid,1.36,749.1,28.7,70.3,6.86,153.7,77.5,114.4,239.9,24.81
Pulses,Karnataka,Kharif,3.57,935.8,20.4,64.1,6.2,181.8,40.4,79.4,117.0,1.75
Pulses,Gujarat,Rabi,5.15,655.2,26.5,56.9,6.26,119.9,75.3,93.8,152.6,1.63
Pulses,Maharashtra,Zaid,3.44,584.6,27.7,70.3,6.88,164.8,17.8,69.6,71.1,1.57
Wheat,Maharashtra,Kharif,9.09,1121.4,26.9,66.0,5.53,146.4,49.5,105.9,154.8,4.29
Maize,Haryana,Zaid,1.97,1066.1,28.1,48.7,6.81,100.6,46.8,93.2,124.3,4.95
Potato,Karnataka,Kharif,2.14,893.0,28.5,63.3,6.11,86.6,72.9,87.2,95.5,27.94
Groundnut,Madhya Pradesh,Rabi,1.94,855.9,31.9,78.2,6.46,143.2,41.8,114.3,163.0,2.69
Pulses,Uttar Pradesh,Rabi,1.55,645.2,35.5,72.4,7.65,110.8,42.5,107.1,177.4,1.84
Cotton,Punjab,Kharif,10.28,582.3,27.1,77.1,7.39,74.3,,73.7,,2.53
Groundnut,West Bengal,Kharif,2.37,1007.2,22.3,60.6,8.0,,47.5,77.1,141.2,2.99
Groundnut,Uttar Pradesh,Zaid,1.92,1099.1,15.9,50.6,7.28,159.4,71.9,157.8,143.8,2.41
Rice,Uttar Pradesh,Zaid,1.03,1020.0,23.2,76.3,6.17,189.6,23.1,210.4,104.8,4.19
Rice,Tamil Nadu,Zaid,5.52,984.2,23.2,71.8,7.39,115.8,70.6,130.0,148.2,4.04
Potato,West Bengal,Rabi,2.46,814.8,33.9,65.1,6.53,155.0,52.4,,67.9,28.03
Cotton,Andhra Pradesh,Zaid,3.38,1138.0,26.2,75.8,7.21,143.6,,87.7,95.5,2.15
Cotton,West Bengal,Rabi,11.73,761.2,28.7,64.4,6.16,102.4,51.9,125.5,119.2,2.62
Maize,West Bengal,Rabi,3.5,458.7,32.7,58.1,6.27,91.8,38.7,156.2,151.0,5.33
Wheat,Karnataka,Zaid,8.22,1031.2,31.4,63.6,7.47,155.0,61.6,81.6,141.5,3.98
Sugarcane,Maharashtra,Rabi,6.71,1272.8,32.4,65.9,5.46,146.8,44.7,89.3,132.7,84.5
Sugarcane,Punjab,Kharif,3.55,908.3,21.0,44.8,6.15,139.6,68.0,117.2,111.1,107.21
Pulses,Punjab,Zaid,3.08,922.4,34.4,78.6,6.96,119.4,46.6,116.7,104.2,1.74
Pulses,Karnataka,Zaid,6.2,576.1,24.3,80.3,7.8,139.7,32.8,115.0,116.6,1.61
Maize,Gujarat,Zaid,6.44,516.6,18.8,76.2,6.44,107.0,56.4,74.6,129.1,4.78
Sugarcane,Madhya Pradesh,Rabi,1.56,845.4,31.4,61.6,6.33,116.3,80.5,166.8,199.6,100.05
Rice,Punjab,Rabi,1.59,456.4,32.0,59.5,6.7,89.6,59.0,92.6,127.2,4.84
Sugarcane,Madhya Pradesh,Kharif,3.15,989.8,23.8,63.4,6.55,98.6,60.2,183.4,119.5,97.47
Rice,Punjab,Zaid,2.52,799.2,17.2,60.7,7.24,60.2,44.2,151.6,44.2,4.08
Maize,Maharashtra,Rabi,3.21,490.1,32.1,87.0,,70.1,74.6,64.1,154.3,4.61
Pulses,Uttar Pradesh,Rabi,1.12,919.9,27.1,55.3,5.9,163.4,51.3,92.7,140.2,1.78
Pulses,Tamil Nadu,Zaid,5.82,815.6,31.6,71.4,7.09,47.4,66.2,69.8,199.7,1.56
Groundnut,Uttar Pradesh,Kharif,3.84,645.3,24.9,49.2,6.15,124.4,49.2,188.1,115.4,3.0
Wheat,Gujarat,Rabi,3.0,880.3,30.2,71.0,6.27,82.8,56.5,76.6,153.8,4.65
Cotton,Punjab,Zaid,4.12,830.1,29.3,50.8,7.73,153.3,92.9,143.7,163.1,2.66
Groundnut,Andhra Pradesh,Rabi,1.91,250.0,26.8,54.1,6.16,81.5,40.7,136.3,112.8,2.93
Rice,Karnataka,Rabi,5.19,679.4,31.1,87.5,5.61,146.7,36.3,98.3,192.4,4.44
Cotton,Haryana,Rabi,7.84,1136.2,34.0,54.9,7.3,115.2,63.7,107.2,121.1,2.5
Groundnut,Karnataka,Kharif,5.38,882.8,,80.1,6.57,187.0,64.4,102.1,153.2,2.88
Rice,Uttar Pradesh,Zaid,2.66,1156.3,24.9,65.8,6.31,143.2,52.1,136.6,166.2,4.34
Groundnut,Tamil Nadu,Zaid,3.93,837.3,26.7,72.7,6.09,124.6,72.0,70.5,209.3,2.64
Potato,Gujarat,Kharif,4.69,960.2,38.6,59.7,6.19,148.1,54.7,138.7,268.2,29.66
Groundnut,Gujarat,Zaid,5.96,491.2,29.0,73.0,5.94,85.1,49.5,140.5,209.7,2.41
Cotton,Maharashtra,Kharif,5.91,1100.6,25.8,71.9,8.2,166.0,57.9,88.0,129.8,2.5
Maize,Andhra Pradesh,Zaid,6.63,300.5,28.1,75.7,6.18,149.3,36.9,105.3,,4.27
Wheat,Uttar Pradesh,Zaid,1.34,1330.0,24.3,70.9,6.62,117.4,39.5,96.7,155.3,3.72
Maize,Madhya Pradesh,Rabi,1.56,853.5,29.5,61.6,7.68,88.7,46.8,67.1,105.1,4.63
Pulses,Andhra Pradesh,Rabi,5.05,751.9,31.6,69.4,7.47,108.4,80.9,30.0,66.6,1.58
Potato,Tamil Nadu,Kharif,1.3,1074.4,32.0,72.1,7.8,122.0,54.3,91.9,175.7,28.6
Maize,Punjab,Zaid,1.13,663.0,23.1,64.7,6.79,149.7,37.3,144.7,133.0,5.25
Potato,Madhya Pradesh,Zaid,4.15,1085.4,30.8,73.4,6.17,117.9,54.5,90.8,177.8,23.67
Maize,Madhya Pradesh,Zaid,2.95,442.2,29.1,81.5,8.2,42.8,56.6,91.8,109.6,
Pulses,Andhra Pradesh,Rabi,6.74,896.9,28.7,67.7,6.86,97.5,72.5,85.5,184.6,1.75
Maize,Gujarat,Zaid,2.46,706.7,31.3,81.8,5.15,88.6,74.9,97.8,182.5,4.35
Potato,West Bengal,Rabi,3.45,765.2,23.3,39.9,7.33,169.9,84.1,128.5,112.7,26.77
Sugarcane,Andhra Pradesh,Rabi,2.24,663.0,30.0,72.3,7.66,197.9,37.2,114.8,85.6,88.5
Maize,Madhya Pradesh,Zaid,6.09,760.3,27.5,76.9,6.49,139.6,83.5,186.6,201.6,4.71
Sugarcane,West Bengal,Zaid,2.79,724.7,21.7,90.7,7.29,138.0,80.8,127.4,213.7,93.14
Groundnut,Punjab,Kharif,1.33,575.4,34.2,67.6,4.99,121.2,40.7,141.8,168.9,2.87
Rice,Tamil Nadu,Zaid,4.47,646.5,29.5,80.2,6.96,51.0,63.1,30.0,226.0,4.48
Pulses,Madhya Pradesh,Rabi,5.9,377.8,27.0,82.0,,,57.1,66.0,229.5,1.84
Pulses,Uttar Pradesh,Zaid,6.63,674.6,24.9,67.8,6.45,130.1,68.3,62.4,118.0,1.64
Groundnut,West Bengal,Zaid,1.31,1502.3,23.9,72.3,7.27,151.6,58.3,83.5,240.3,2.83
Potato,Tamil Nadu,Zaid,1.86,1397.6,32.0,67.5,7.31,95.5,73.2,68.3,27.7,23.56
Cotton,Gujarat,Kharif,6.27,558.7,19.4,57.9,6.6,83.6,52.4,112.0,195.1,2.66
Cotton,Tamil Nadu,Zaid,10.34,814.5,27.0,44.5,5.74,85.3,40.6,126.1,203.6,2.55
Maize,Andhra Pradesh,Zaid,1.41,616.2,27.9,65.6,6.84,134.4,58.9,112.8,57.4,4.51
Cotton,West Bengal,Rabi,5.18,998.0,23.0,55.0,7.07,163.8,37.6,154.6,139.1,2.52
Rice,Uttar Pradesh,Kharif,2.66,535.2,23.8,83.3,6.12,157.3,54.9,62.2,117.6,4.67
Cotton,Andhra Pradesh,Kharif,2.01,1658.9,20.5,72.4,6.22,180.7,81.4,145.1,185.2,2.8
Maize,Haryana,Rabi,4.88,961.4,30.8,87.2,6.03,150.9,43.9,168.1,161.6,5.15
Maize,Punjab,Kharif,5.72,811.6,24.6,63.2,5.29,128.2,38.8,167.9,109.0,5.76
Groundnut,Maharashtra,Kharif,1.38,299.6,16.8,73.7,7.15,144.2,49.1,152.6,211.0,2.74
Cotton,Uttar Pradesh,Kharif,5.48,801.7,29.0,80.2,7.81,130.6,48.9,98.1,107.5,2.91
Maize,Andhra Pradesh,Zaid,6.48,1054.7,34.3,72.4,6.12,113.6,65.0,181.7,139.9,4.81
Potato,Tamil Nadu,Rabi,1.69,920.4,25.5,64.6,8.2,165.3,36.7,77.1,43.4,27.21
Potato,West Bengal,Zaid,3.47,900.9,25.7,73.9,6.55,119.7,44.6,,20.0,23.09
Groundnut,Madhya Pradesh,Kharif,2.33,996.5,30.3,59.8,,169.9,68.6,132.1,100.0,2.96
Cotton,Uttar Pradesh,Kharif,6.03,321.3,26.6,59.6,5.78,57.5,53.7,132.7,222.9,2.74
Pulses,Karnataka,Rabi,6.89,1013.2,32.8,89.0,6.3,91.4,99.3,69.7,188.3,1.75
Sugarcane,Haryana,Rabi,4.13,1401.5,29.0,66.3,6.97,137.6,30.7,120.2,31.7,98.28
Sugarcane,Andhra Pradesh,Zaid,6.51,1689.1,23.9,59.3,6.28,121.0,64.8,30.6,114.1,77.4
Maize,Andhra Pradesh,Rabi,3.0,913.3,23.0,64.8,6.76,154.4,87.1,109.5,158.0,5.09
Rice,Gujarat,Zaid,5.24,1207.4,22.4,49.5,6.97,163.6,43.5,80.3,147.1,3.88
Groundnut,Haryana,Kharif,1.8,643.7,30.1,76.1,6.48,157.8,78.4,132.6,179.8,2.93
Groundnut,Gujarat,Kharif,1.7,1276.2,26.4,80.7,6.65,158.7,60.5,131.1,76.5,2.93
Potato,Tamil Nadu,Kharif,1.17,547.3,26.5,91.8,6.11,125.2,43.0,153.9,174.5,28.29
Pulses,Punjab,Zaid,3.5,1118.5,20.1,71.6,6.34,175.3,61.2,141.1,239.8,1.83
Pulses,Haryana,Kharif,6.57,1017.0,29.3,70.7,7.23,122.2,26.3,132.9,123.4,1.8
Groundnut,West Bengal,Kharif,2.36,507.4,25.9,73.6,6.41,152.3,89.3,82.8,181.9,3.08
Wheat,Tamil Nadu,Kharif,4.16,639.0,24.5,,6.06,91.5,29.2,120.2,67.7,4.27
Sugarcane,Uttar Pradesh,Rabi,1.27,945.4,26.1,71.6,6.95,161.6,34.6,110.1,209.2,
Cotton,Tamil Nadu,Zaid,7.58,1024.0,26.1,55.9,6.67,152.3,26.7,178.7,212.9,2.5
Sugarcane,Maharashtra,Rabi,2.96,980.4,29.4,42.5,6.53,101.5,33.6,96.5,121.6,95.88
Cotton,Uttar Pradesh,Kharif,5.76,674.0,24.0,55.2,5.87,83.9,51.0,120.3,66.9,2.57
Groundnut,Haryana,Zaid,5.06,1401.3,24.3,91.0,6.96,180.2,48.1,77.8,139.0,2.84
Potato,Maharashtra,Zaid,0.8,573.9,22.7,72.4,5.7,156.0,57.7,121.3,158.2,23.78
Cotton,Punjab,Zaid,3.86,1047.0,28.2,76.1,6.41,133.0,74.3,101.3,138.4,2.69
Potato,Gujarat,Kharif,3.58,1009.7,32.1,86.6,6.33,56.0,66.7,110.8,206.5,29.75
Sugarcane,Madhya Pradesh,Zaid,7.47,794.8,25.6,80.3,6.26,129.4,79.3,187.1,183.8,82.53
Wheat,Andhra Pradesh,Kharif,6.2,299.0,19.3,74.3,7.09,68.3,62.8,61.5,115.8,4.34
Pulses,Karnataka,Kharif,1.28,1392.4,29.5,66.7,5.92,165.0,43.9,86.6,130.2,1.58
Wheat,Karnataka,Kharif,4.35,949.8,24.4,70.4,8.2,145.9,32.8,30.0,297.5,4.63
Rice,Andhra Pradesh,Rabi,4.25,990.9,34.6,89.3,6.04,108.4,65.2,103.7,245.6,4.69
Groundnut,Karnataka,Kharif,3.84,1220.5,18.5,75.9,7.21,203.2,75.0,48.6,199.0,2.78
Wheat,Maharashtra,Kharif,9.64,1163.7,33.0,66.7,5.36,189.1,52.4,81.8,70.9,3.85
Cotton,Tamil Nadu,Zaid,3.91,1158.2,25.6,89.0,6.24,171.7,38.5,100.7,126.8,2.44
Sugarcane,Punjab,Kharif,5.69,931.8,34.0,45.5,7.67,96.8,80.3,82.9,118.3,97.62
Rice,Tamil Nadu,Rabi,3.7,1041.7,22.4,78.3,6.39,91.0,37.3,128.8,78.5,4.64
Potato,West Bengal,Rabi,4.89,1320.5,27.8,78.5,6.23,58.4,36.5,129.7,152.5,27.78
Groundnut,Maharashtra,Zaid,5.04,1531.2,23.6,72.0,6.98,122.9,21.5,93.8,114.5,2.23
Pulses,Karnataka,Kharif,1.48,1367.7,25.3,70.2,6.48,213.8,26.8,68.9,126.9,1.78
Maize,West Bengal,Kharif,2.18,715.7,24.9,77.0,6.54,175.4,94.8,151.4,176.8,5.29
Cotton,Gujarat,Kharif,4.78,768.6,31.8,52.1,6.48,133.0,56.1,113.0,145.4,2.64
Pulses,Haryana,Rabi,3.96,250.0,34.5,62.8,6.48,181.7,72.8,90.4,230.9,2.0
Pulses,Punjab,Kharif,5.29,841.8,,72.7,7.45,142.0,75.4,118.9,62.3,1.9
Cotton,Gujarat,Zaid,8.25,734.1,31.2,84.8,7.62,154.7,47.4,45.0,180.2,2.04
Maize,Punjab,Kharif,6.98,531.9,26.1,65.3,5.4,87.1,17.0,131.1,92.6,5.56
Cotton,Gujarat,Zaid,9.38,1254.2,34.9,,7.28,149.3,17.4,63.9,47.9,2.29
Rice,Punjab,Kharif,5.48,689.7,31.0,70.3,7.84,158.7,35.3,122.3,163.9,5.18
Cotton,Haryana,Rabi,5.09,729.8,31.0,57.7,7.67,171.3,27.9,143.7,114.1,2.85
Pulses,Uttar Pradesh,Kharif,3.16,860.3,30.9,61.3,7.17,86.6,46.2,105.2,138.1,1.86
Maize,Tamil Nadu,Rabi,6.31,508.6,25.5,73.5,7.28,131.1,31.9,81.8,77.5,4.86
Groundnut,Punjab,Kharif,5.59,704.8,30.9,47.2,6.92,155.8,58.9,30.0,107.5,3.13
Groundnut,Maharashtra,Kharif,4.06,743.7,32.2,45.8,7.84,114.4,77.8,127.6,128.5,2.81
Rice,Maharashtra,Kharif,2.49,562.2,27.8,66.1,6.96,99.6,56.0,71.0,103.8,4.81
Sugarcane,Madhya Pradesh,Zaid,7.42,972.2,21.9,95.0,6.43,142.6,32.4,157.3,169.7,100.12
Rice,Gujarat,Kharif,2.74,1288.9,28.2,86.3,6.07,144.0,43.9,94.4,105.3,4.4
Groundnut,Gujarat,Kharif,5.19,806.7,37.5,81.6,6.2,180.3,55.2,132.9,106.2,2.63
Wheat,Karnataka,Kharif,8.44,417.0,25.9,75.0,7.07,147.1,84.7,116.2,228.2,4.07
Groundnut,Haryana,Kharif,5.07,698.1,25.2,74.5,6.73,131.6,48.7,112.3,166.3,3.02
Groundnut,Punjab,Kharif,2.42,328.8,15.2,63.8,7.74,75.5,43.0,76.4,164.7,3.0
Potato,West Bengal,Rabi,3.52,597.8,32.5,49.3,7.77,79.9,81.1,98.5,74.9,25.59
Potato,Gujarat,Zaid,1.39,961.3,27.0,76.3,7.03,70.3,46.4,90.0,217.1,23.72
Rice,Madhya Pradesh,Kharif,4.03,776.2,27.6,72.2,7.17,161.1,36.0,130.1,179.6,4.89
Rice,Uttar Pradesh,Kharif,5.29,1360.2,24.4,47.6,5.81,148.0,68.0,124.4,174.3,4.45
Potato,Madhya Pradesh,Kharif,2.22,412.6,24.3,76.2,7.73,133.8,32.0,62.7,166.2,25.43
Groundnut,Andhra Pradesh,Zaid,3.54,368.0,16.5,77.1,6.97,157.1,59.2,126.9,211.6,2.88
Potato,Karnataka,Rabi,0.81,574.3,29.1,75.5,6.64,168.5,30.2,94.1,71.6,24.24
Cotton,Punjab,Zaid,7.56,817.4,22.0,57.9,6.71,140.4,93.2,118.9,51.2,2.58
Pulses,Tamil Nadu,Rabi,4.33,1637.9,29.2,45.6,7.25,75.9,43.2,119.7,102.4,1.63
Pulses,Maharashtra,Kharif,4.35,991.1,27.8,71.9,6.07,141.4,15.0,159.9,171.0,1.54
Sugarcane,Andhra Pradesh,Zaid,1.05,828.5,37.4,65.6,6.45,162.2,41.6,96.2,27.7,84.33
Maize,Karnataka,Kharif,4.81,464.0,25.5,65.4,7.29,180.1,63.0,116.0,230.2,4.98
Wheat,Andhra Pradesh,Rabi,7.52,609.5,26.3,78.0,6.87,134.1,54.9,121.1,165.1,4.27
Rice,Andhra Pradesh,Kharif,7.0,639.4,30.7,71.7,6.31,72.3,43.1,121.7,100.6,4.43
Pulses,Uttar Pradesh,Rabi,5.8,460.7,33.9,57.0,6.69,99.7,62.6,72.3,153.2,1.8
Sugarcane,West Bengal,Kharif,4.76,1422.0,35.8,82.3,6.06,104.8,33.4,102.3,97.6,88.37
Wheat,Tamil Nadu,Rabi,5.24,600.4,24.9,76.8,6.09,119.6,74.3,97.6,97.6,
Rice,Punjab,Kharif,3.67,1096.9,33.4,64.4,7.4,159.1,57.4,66.1,191.8,4.97
Potato,Andhra Pradesh,Rabi,2.78,556.3,26.6,65.6,6.11,195.7,74.5,82.6,55.5,27.75
Maize,Haryana,Rabi,4.83,880.4,18.6,72.6,6.65,77.3,90.3,89.3,106.9,5.39
Cotton,Karnataka,Kharif,8.79,1079.6,28.6,64.6,6.63,40.0,58.2,70.4,141.5,2.52
Groundnut,Tamil Nadu,Kharif,5.13,976.2,27.2,71.4,6.84,156.6,64.8,30.0,60.7,3.01
Groundnut,Maharashtra,Rabi,3.42,747.9,25.6,82.1,6.55,122.9,81.6,63.9,213.8,2.96
Wheat,Andhra Pradesh,Rabi,7.7,983.7,23.1,68.2,6.83,185.1,55.6,109.3,185.3,4.64
Pulses,Uttar Pradesh,Rabi,3.32,675.8,20.2,66.7,6.4,40.0,73.0,130.5,55.2,1.76
Maize,Karnataka,Kharif,4.53,842.5,26.5,42.8,7.25,107.9,48.9,122.7,236.3,5.09
Pulses,Haryana,Kharif,3.56,1163.6,20.7,69.0,6.53,137.8,48.2,72.8,61.1,1.79
Pulses,West Bengal,Zaid,3.74,1152.2,24.3,74.7,7.15,193.5,66.8,106.3,50.6,1.48
Cotton,Gujarat,Kharif,10.27,646.0,27.6,72.0,6.51,155.5,31.5,124.0,116.2,2.38
Groundnut,West Bengal,Kharif,4.58,1027.8,26.6,78.6,7.29,114.5,49.9,109.8,99.8,2.94
Rice,Maharashtra,Rabi,6.08,927.9,29.7,83.8,7.05,163.9,75.9,94.9,228.6,4.69
Maize,Tamil Nadu,Rabi,1.43,1170.3,26.4,68.9,6.78,99.0,22.3,109.0,134.0,5.14
Maize,West Bengal,Rabi,5.09,1047.3,28.1,72.5,6.89,150.1,34.5,111.8,76.4,5.02
Sugarcane,Karnataka,Rabi,2.34,821.4,18.3,43.5,6.72,175.6,72.5,109.6,208.9,94.42
Sugarcane,Uttar Pradesh,Zaid,7.22,889.8,19.7,39.7,5.93,93.8,52.3,132.6,153.3,92.89
Rice,Karnataka,Rabi,6.81,907.1,21.5,89.9,6.92,168.5,49.1,157.2,185.5,4.34
Sugarcane,Punjab,Rabi,4.21,1192.0,33.2,72.6,5.67,142.7,43.3,76.3,143.9,103.74
Potato,West Bengal,Rabi,3.55,768.3,32.2,52.9,6.17,130.6,48.6,52.5,98.6,26.11
Rice,West Bengal,Zaid,7.94,760.7,25.8,63.1,7.39,47.7,60.9,121.5,69.3,4.61
Pulses,Madhya Pradesh,Rabi,2.92,899.8,23.6,83.9,6.97,110.8,79.4,103.6,107.5,1.79
Cotton,Maharashtra,Zaid,8.57,1325.9,24.5,90.5,7.1,138.6,56.4,83.1,185.7,2.29
Cotton,Andhra Pradesh,Rabi,10.57,1013.9,27.5,60.9,5.97,160.4,77.2,140.2,91.6,2.5
Wheat,Punjab,Rabi,5.12,482.7,15.8,72.9,7.06,87.2,94.9,71.4,133.2,4.51
Pulses,Maharashtra,Rabi,6.66,1470.9,20.8,92.5,6.64,185.4,41.5,97.8,58.9,1.69
Cotton,Andhra Pradesh,Kharif,3.48,701.4,31.8,52.7,6.54,138.7,76.8,63.0,159.4,2.5
Maize,West Bengal,Rabi,6.78,1000.5,21.3,55.5,8.08,135.5,40.5,113.2,199.4,5.37
Rice,Tamil Nadu,Rabi,3.5,1084.1,26.9,63.1,6.51,189.0,59.6,73.8,165.0,5.09
Potato,Karnataka,Rabi,2.23,1428.1,24.8,71.2,7.15,133.4,66.3,147.7,146.1,26.09
Pulses,Maharashtra,Zaid,5.21,1178.5,26.5,68.2,7.59,130.2,65.4,83.8,145.3,1.58
Pulses,Andhra Pradesh,Zaid,5.25,780.6,20.4,48.4,6.1,112.6,20.8,162.3,98.5,1.5
Rice,Uttar Pradesh,Zaid,7.93,916.6,21.9,71.4,6.74,96.8,92.3,97.3,199.8,4.59
Wheat,Karnataka,Kharif,8.19,1090.6,26.3,67.4,6.31,121.9,44.0,88.0,135.3,4.61
Wheat,Punjab,Rabi,5.12,885.4,29.2,60.4,7.43,208.5,34.6,130.7,203.3,4.65
Pulses,Uttar Pradesh,Rabi,3.5,955.0,26.1,95.0,6.96,178.7,41.7,78.7,86.2,1.74
Potato,Maharashtra,Rabi,3.7,643.5,27.6,82.5,5.84,72.0,39.8,106.1,167.1,26.2
Wheat,Andhra Pradesh,Rabi,1.43,510.3,40.0,76.9,7.23,72.2,24.5,66.6,114.7,3.6
Groundnut,Gujarat,Kharif,4.26,1353.4,34.3,65.0,6.5,86.8,77.1,149.4,219.1,3.18
Sugarcane,Uttar Pradesh,Kharif,7.98,1016.3,24.7,62.1,7.6,144.5,85.7,77.9,210.4,106.69
Rice,West Bengal,Zaid,1.14,466.7,24.8,61.7,6.18,111.7,51.1,99.2,89.8,4.04
Groundnut,Gujarat,Kharif,1.53,774.4,32.1,57.9,6.05,114.5,48.6,109.4,149.9,2.97
Maize,Madhya Pradesh,Kharif,6.77,540.9,22.8,68.7,6.68,130.5,62.1,84.6,128.7,4.66
Groundnut,Karnataka,Zaid,5.74,836.6,22.5,92.2,7.76,148.3,55.6,70.7,118.2,2.54
Rice,Karnataka,Rabi,3.06,250.0,29.4,73.7,6.44,228.2,55.1,69.1,102.6,
Sugarcane,Punjab,Zaid,4.94,1130.3,23.4,92.2,7.07,86.4,59.6,108.4,162.3,89.44
Rice,Tamil Nadu,Rabi,6.03,1078.7,20.2,56.2,6.65,131.1,32.4,92.4,208.2,4.83
Maize,Maharashtra,Rabi,4.0,708.9,33.8,69.1,6.77,61.7,15.0,101.2,112.6,4.62
Maize,Punjab,Zaid,5.05,931.2,26.0,74.6,6.12,168.3,57.4,114.8,181.6,5.22
Wheat,Punjab,Kharif,3.69,777.1,26.5,77.0,7.61,86.8,56.4,73.4,147.9,5.17
Wheat,Punjab,Kharif,8.9,1172.6,23.6,56.4,6.19,95.9,76.4,97.2,173.2,4.65
Cotton,Andhra Pradesh,Zaid,6.54,1137.2,32.3,68.8,7.07,,37.5,151.0,205.9,2.57
Cotton,Madhya Pradesh,Zaid,6.67,844.5,26.8,69.8,6.18,94.5,45.9,138.4,146.7,2.36
Cotton,Karnataka,Kharif,2.31,698.3,21.7,55.9,7.11,99.4,62.1,86.9,128.7,2.58
Rice,Uttar Pradesh,Kharif,1.59,678.4,28.2,84.7,6.12,96.8,36.5,74.6,214.8,5.07
Pulses,Haryana,Zaid,5.35,1072.1,30.5,57.0,5.7,92.5,62.1,62.0,300.0,1.82
Rice,Madhya Pradesh,Kharif,5.04,1057.8,27.7,69.0,6.83,148.2,35.7,119.8,119.2,4.32
Pulses,West Bengal,Rabi,1.96,824.6,25.9,72.3,6.37,134.4,64.4,75.5,,1.89
Cotton,Uttar Pradesh,Kharif,8.69,717.7,19.8,61.2,6.08,115.6,57.6,122.6,103.6,2.72
Wheat,Gujarat,Kharif,4.57,1278.8,30.7,78.1,7.11,85.6,55.6,53.7,67.7,4.29
Maize,Maharashtra,Kharif,4.48,893.5,24.0,61.0,7.36,150.4,64.0,122.8,100.4,5.12
Wheat,Gujarat,Rabi,6.52,1093.2,29.5,87.9,6.79,162.9,50.0,138.9,77.1,4.48
Sugarcane,Gujarat,Zaid,6.9,250.0,22.8,68.4,6.87,217.7,42.9,62.9,140.0,97.19
Sugarcane,Karnataka,Zaid,1.91,591.3,29.1,78.8,6.23,156.2,41.5,123.1,161.7,81.39
Groundnut,Karnataka,Zaid,1.03,684.7,26.0,51.1,6.93,82.3,28.6,132.2,150.4,2.51
Sugarcane,Karnataka,Kharif,1.32,662.1,24.1,44.2,7.28,128.0,58.1,82.7,105.7,91.61
Maize,Gujarat,Zaid,5.0,940.6,34.8,52.1,5.4,,61.5,,178.9,4.37
Maize,Andhra Pradesh,Zaid,4.72,413.2,26.6,90.2,8.01,88.9,65.4,124.5,147.3,4.95
Maize,Punjab,Rabi,2.94,250.0,25.4,71.0,6.49,154.5,40.2,41.9,139.1,5.22
Rice,Haryana,Zaid,2.02,445.3,19.9,68.0,7.24,182.2,78.2,183.0,198.7,4.35
Wheat,Tamil Nadu,Rabi,5.38,1314.5,37.0,60.5,7.05,179.6,81.6,161.2,,4.27
Cotton,Uttar Pradesh,Rabi,10.16,608.1,29.3,73.3,6.85,177.9,29.2,104.6,45.2,2.59
Potato,Haryana,Zaid,4.7,1438.4,26.7,72.0,6.71,132.2,42.7,64.0,123.8,23.4
Cotton,West Bengal,Zaid,10.31,280.3,28.7,95.0,6.64,86.9,32.1,76.8,244.6,2.48
Pulses,Andhra Pradesh,Zaid,2.64,857.5,31.8,68.8,6.8,87.9,15.0,121.0,235.3,1.54
Wheat,Karnataka,Kharif,2.93,852.2,19.9,,7.28,79.1,73.4,107.4,82.9,4.24
Rice,Karnataka,Rabi,6.6,698.1,40.0,70.9,5.86,133.5,86.4,107.1,105.4,4.77
Maize,Uttar Pradesh,Kharif,1.57,636.5,36.9,94.1,5.58,137.3,63.6,96.8,66.8,5.48
Rice,Punjab,Zaid,5.57,1202.4,29.7,65.4,6.58,72.4,67.4,118.1,200.7,4.6
Cotton,Gujarat,Rabi,4.51,694.2,28.3,65.1,7.04,194.8,36.5,82.5,121.8,2.51
Wheat,West Bengal,Rabi,4.91,980.1,37.4,78.6,6.35,121.6,77.5,108.7,175.1,4.23
Groundnut,Uttar Pradesh,Zaid,5.76,854.8,20.7,51.8,6.33,87.3,22.2,66.2,141.8,2.45
Wheat,Andhra Pradesh,Zaid,8.07,774.2,27.8,63.8,6.12,119.6,46.0,117.4,229.1,3.95
Cotton,Karnataka,Rabi,10.9,946.6,22.6,63.5,7.27,99.0,79.0,95.0,250.8,2.65
Wheat,West Bengal,Rabi,5.01,575.8,28.2,79.2,7.6,247.3,18.1,138.5,154.0,4.06
Rice,Gujarat,Kharif,3.51,634.3,27.4,,7.17,149.5,46.5,179.6,148.1,4.73
Potato,Tamil Nadu,Zaid,4.93,727.5,31.5,73.6,6.43,161.7,36.8,123.9,39.8,24.45
Groundnut,Karnataka,Rabi,4.13,1046.9,24.9,63.8,6.03,140.7,97.1,64.8,145.7,2.72
Groundnut,West Bengal,Kharif,5.25,1135.1,21.4,66.3,7.63,142.7,74.1,110.6,69.8,2.9
Groundnut,Uttar Pradesh,Zaid,2.36,1309.0,32.4,62.1,7.13,162.3,15.0,94.0,110.1,2.42
Potato,Haryana,Zaid,2.28,1116.1,21.5,64.0,4.85,197.6,44.2,44.6,172.3,27.57
Sugarcane,Gujarat,Rabi,4.2,981.5,30.2,64.0,6.21,91.7,108.8,151.5,103.0,103.66
Wheat,Madhya Pradesh,Zaid,2.15,1227.8,26.1,61.3,7.08,47.0,87.9,101.7,98.9,3.58
Sugarcane,Uttar Pradesh,Rabi,4.97,532.8,19.4,45.4,6.64,135.7,63.7,56.4,155.8,100.46
Maize,Gujarat,Zaid,6.27,573.6,24.0,56.9,6.5,123.2,74.6,67.4,111.6,4.53
Pulses,Gujarat,Kharif,6.36,472.7,30.1,83.1,5.86,124.8,74.4,62.9,70.0,1.77
Groundnut,Haryana,Zaid,3.42,1099.0,29.7,72.3,5.91,105.5,64.4,45.0,174.8,2.71
Pulses,Maharashtra,Rabi,1.11,1030.5,23.1,58.1,6.41,124.1,48.4,72.4,149.6,1.64
Rice,Karnataka,Kharif,7.96,729.1,36.6,76.8,6.39,128.0,65.9,145.6,185.4,4.47
Potato,Punjab,Zaid,2.09,1230.2,22.3,75.7,6.45,143.5,76.5,155.3,161.8,29.18
Potato,Uttar Pradesh,Kharif,2.19,873.5,21.4,43.2,6.63,,60.9,70.3,148.2,29.52
Groundnut,Madhya Pradesh,Kharif,5.83,989.3,35.7,72.7,6.05,74.1,73.0,196.0,73.5,3.0
Maize,Tamil Nadu,Zaid,4.68,1041.0,25.1,66.0,5.86,155.7,32.0,131.6,168.1,4.99
Sugarcane,Haryana,Rabi,1.52,560.8,23.6,69.1,7.24,52.9,55.7,118.9,173.2,112.12
Wheat,Maharashtra,Zaid,2.52,717.3,30.5,64.3,6.94,120.4,18.4,135.2,,3.92
Groundnut,Punjab,Rabi,1.59,856.2,23.4,72.1,7.2,210.8,31.5,108.6,118.1,3.26
Sugarcane,Gujarat,Kharif,2.69,662.3,27.4,91.0,5.25,159.3,37.9,95.8,103.2,92.09
Cotton,Madhya Pradesh,Zaid,11.62,385.2,24.1,62.0,5.51,107.9,55.1,96.4,,2.45
Potato,Madhya Pradesh,Kharif,1.91,544.6,29.0,75.0,8.2,107.2,15.0,148.4,128.7,25.49
Potato,Punjab,Zaid,2.35,863.0,27.7,64.3,5.71,155.7,59.2,78.7,139.9,28.36
Maize,Maharashtra,Rabi,6.32,909.5,25.2,70.1,6.31,187.8,26.5,94.7,99.1,4.96
Rice,West Bengal,Zaid,7.36,901.0,25.7,65.0,6.4,129.8,64.2,127.1,223.2,4.55
Rice,Tamil Nadu,Kharif,1.45,1095.5,27.4,64.8,6.03,75.5,75.7,80.5,173.5,4.85
Cotton,Haryana,Kharif,9.59,1455.4,25.0,71.2,7.33,165.9,28.0,122.7,270.0,2.97
Potato,Uttar Pradesh,Kharif,4.41,1062.2,26.9,51.6,6.12,102.1,87.8,100.8,126.1,28.05
Rice,Andhra Pradesh,Kharif,3.05,981.9,33.9,45.6,5.44,151.2,28.2,100.4,175.7,4.35
Sugarcane,Tamil Nadu,Kharif,6.57,839.9,30.5,61.1,7.22,124.8,60.4,30.0,87.5,103.31
Potato,Tamil Nadu,Kharif,4.94,1241.3,27.8,60.6,7.15,124.1,38.3,82.6,200.4,26.39
Pulses,Andhra Pradesh,Rabi,6.54,906.5,30.1,66.6,5.9,138.4,60.3,139.4,174.9,1.88
Wheat,Madhya Pradesh,Rabi,6.6,853.6,29.1,79.8,6.52,108.8,94.3,110.6,204.2,4.19
Sugarcane,Karnataka,Rabi,1.09,1315.9,23.6,62.2,4.98,111.5,43.7,147.2,61.3,86.03
Maize,Madhya Pradesh,Rabi,5.56,582.9,26.2,72.0,6.16,153.4,28.5,152.5,94.1,4.99
Maize,Uttar Pradesh,Zaid,3.12,,29.9,35.8,7.42,,25.7,100.5,264.5,5.33
Cotton,West Bengal,Zaid,3.45,704.5,28.3,60.3,7.17,230.2,57.3,99.0,126.7,2.55
Rice,Gujarat,Zaid,5.46,879.1,24.4,64.1,5.49,90.9,94.3,75.3,173.0,4.02
Potato,Uttar Pradesh,Kharif,1.72,1230.5,23.2,50.6,6.27,133.0,88.2,109.2,170.7,30.38
Cotton,Haryana,Kharif,6.8,695.5,30.7,71.3,5.69,130.2,67.0,30.0,166.9,2.88
Cotton,Punjab,Rabi,10.82,674.9,27.1,67.0,8.15,165.2,50.8,149.5,202.4,3.04
Potato,West Bengal,Zaid,3.53,1172.6,22.5,60.2,6.52,202.7,50.8,111.1,87.8,27.02
Rice,Andhra Pradesh,Kharif,5.3,499.9,37.8,62.0,7.82,137.4,113.5,143.2,97.5,4.35
Maize,Andhra Pradesh,Rabi,1.7,394.6,26.2,63.6,6.96,108.2,58.7,126.6,168.4,4.82
Sugarcane,Punjab,Zaid,6.98,839.0,24.0,74.7,6.13,65.6,20.5,104.1,88.8,95.42
Sugarcane,Tamil Nadu,Rabi,5.8,1118.8,34.9,67.6,6.73,41.0,62.6,159.4,175.2,98.13
Pulses,Karnataka,Zaid,6.38,924.6,33.7,81.0,5.49,154.9,74.3,100.6,151.5,1.67
Potato,Uttar Pradesh,Kharif,2.95,1166.6,26.7,71.6,8.05,142.2,64.1,108.4,82.7,29.32
Maize,Tamil Nadu,Rabi,3.25,946.9,25.4,95.0,6.44,133.0,43.8,155.8,220.2,4.78
Potato,Andhra Pradesh,Rabi,3.8,1419.6,24.8,43.1,6.0,,37.1,102.2,166.3,26.92
Maize,Madhya Pradesh,Zaid,1.72,274.4,31.7,73.0,6.58,62.6,51.1,104.7,191.2,4.51
Potato,Haryana,Rabi,3.43,1204.8,36.4,52.2,7.4,153.7,23.5,145.6,53.8,26.32
Pulses,Tamil Nadu,Kharif,6.91,976.2,24.2,72.9,7.44,131.3,78.6,69.9,120.2,1.64
Wheat,Maharashtra,Kharif,7.03,1141.9,30.4,70.5,5.51,137.7,22.5,119.5,163.4,3.68
Sugarcane,Maharashtra,Kharif,3.1,889.1,29.0,89.4,7.61,132.6,51.6,130.6,99.4,88.44
Cotton,Uttar Pradesh,Kharif,6.07,807.3,29.5,68.1,,113.0,49.2,160.3,103.5,2.7
Rice,Maharashtra,Zaid,5.26,900.6,30.3,68.6,6.19,157.7,90.9,38.5,119.3,4.03
Pulses,Tamil Nadu,Kharif,3.08,755.8,31.4,56.2,7.07,149.0,36.1,169.0,259.3,1.72
Potato,Haryana,Zaid,4.12,1062.6,36.4,61.5,5.21,106.8,45.2,86.8,258.5,25.71
Maize,Uttar Pradesh,Zaid,6.09,1009.1,15.0,72.7,6.72,130.3,35.5,92.7,74.4,4.62
Potato,Tamil Nadu,Zaid,3.75,706.9,20.9,63.0,7.03,104.9,54.4,181.5,124.8,22.85
Groundnut,Gujarat,Rabi,1.99,887.5,15.8,52.0,8.2,124.8,30.4,113.0,83.2,2.8
Potato,West Bengal,Zaid,4.08,895.3,30.5,65.4,7.27,142.5,77.4,176.1,114.2,26.59
Groundnut,Gujarat,Kharif,3.8,901.0,28.1,78.0,7.09,75.3,25.5,131.9,95.5,2.76
Wheat,Madhya Pradesh,Kharif,1.28,906.8,33.5,53.2,7.31,75.7,49.8,96.8,197.7,4.33
Groundnut,Gujarat,Zaid,3.48,790.2,24.6,55.2,7.6,143.8,71.9,42.7,172.8,2.56
Sugarcane,Haryana,Zaid,8.67,439.8,27.9,58.2,7.58,61.0,69.1,78.4,83.0,96.07
Pulses,Gujarat,Zaid,6.52,1289.3,36.3,88.9,5.79,156.9,55.1,140.3,160.9,1.53
Rice,Punjab,Kharif,2.08,796.2,31.5,73.3,6.32,105.3,59.1,143.5,72.2,4.78
Pulses,Uttar Pradesh,Zaid,6.22,825.7,29.9,57.7,6.48,56.6,38.1,82.5,64.8,1.56
Pulses,Andhra Pradesh,Rabi,4.19,562.0,27.9,60.1,7.92,176.9,65.7,97.4,147.0,1.77
Rice,Madhya Pradesh,Zaid,7.45,469.1,25.3,51.3,7.22,101.1,62.8,166.8,98.5,4.02
Groundnut,Tamil Nadu,Rabi,5.74,1221.0,23.0,54.7,6.77,129.6,63.2,,121.7,3.0
Sugarcane,Madhya Pradesh,Zaid,6.03,452.1,37.1,72.8,7.12,126.2,73.8,40.5,97.3,82.75
Pulses,Haryana,Zaid,5.66,425.3,28.9,67.6,6.39,150.8,81.4,127.4,,1.55
Cotton,Maharashtra,Zaid,4.88,1590.0,20.3,59.5,7.12,137.9,58.8,77.2,157.1,2.2
Cotton,Haryana,Zaid,11.73,1047.1,29.1,60.6,6.96,136.6,,127.0,109.0,2.39
Pulses,Punjab,Kharif,1.97,1251.9,20.3,69.0,7.2,161.2,,89.7,178.3,1.79
Potato,West Bengal,Rabi,1.24,1186.4,22.4,74.3,6.64,141.4,68.3,184.3,106.4,28.72
Wheat,Tamil Nadu,Kharif,4.92,965.7,23.5,72.4,6.41,155.6,60.2,132.3,122.8,4.71
Maize,Punjab,Zaid,5.53,647.6,29.0,57.3,6.53,89.7,57.3,135.3,,5.6
Rice,Tamil Nadu,Rabi,7.15,1384.9,29.4,74.0,8.2,117.7,80.6,84.9,207.3,4.57
Potato,Madhya Pradesh,Zaid,0.98,771.1,33.1,77.8,6.91,104.6,32.3,173.6,168.6,25.31
Maize,Madhya Pradesh,Rabi,2.06,1228.6,27.7,72.7,7.12,117.6,39.3,97.9,78.0,4.83
Groundnut,West Bengal,Kharif,5.03,1076.7,24.4,80.9,6.73,151.7,54.0,66.6,110.4,3.06
Groundnut,Madhya Pradesh,Kharif,1.72,1192.0,22.0,67.1,6.76,103.8,43.4,136.8,103.5,2.89
Sugarcane,Uttar Pradesh,Rabi,2.79,452.1,28.5,70.4,6.96,135.3,69.9,60.5,109.8,100.9
Groundnut,Haryana,Kharif,3.68,914.9,31.0,62.2,6.09,140.0,51.1,171.5,124.4,3.37
Maize,Karnataka,Zaid,6.12,997.8,26.9,77.3,5.12,82.6,46.2,106.1,108.5,4.21
Wheat,Uttar Pradesh,Zaid,1.85,1155.2,27.7,65.0,6.08,123.9,43.4,124.6,158.9,3.93
Cotton,Haryana,Rabi,2.09,1305.6,24.7,76.2,,194.0,59.1,127.3,120.4,2.92
Potato,Gujarat,Kharif,3.5,625.2,26.9,62.7,6.73,104.8,62.8,95.4,68.6,27.37
Pulses,West Bengal,Kharif,6.32,1128.4,18.7,59.8,7.0,96.4,77.7,77.9,118.3,1.65
Cotton,Andhra Pradesh,Zaid,3.75,589.1,19.7,66.3,5.81,44.6,26.0,83.5,145.6,2.17
Potato,Gujarat,Rabi,4.14,1375.8,17.4,56.0,6.03,116.6,88.7,66.1,181.8,
Potato,Madhya Pradesh,Kharif,4.23,1202.5,25.3,38.9,6.97,199.2,91.0,109.0,27.4,26.33
Potato,Maharashtra,Rabi,2.02,752.4,30.4,56.2,6.32,166.6,63.3,67.6,81.8,25.24
Wheat,Punjab,Zaid,4.08,569.5,28.0,72.9,7.8,142.0,86.0,79.5,137.9,3.86
Rice,Andhra Pradesh,Rabi,2.15,492.3,32.9,71.7,6.13,178.5,53.5,132.1,229.3,4.19
Maize,Andhra Pradesh,Rabi,1.2,540.9,34.8,58.8,6.56,115.7,42.0,158.3,140.9,5.01
Groundnut,Maharashtra,Rabi,5.8,1048.0,25.5,73.2,6.12,177.5,32.3,119.8,31.8,2.68
Pulses,Tamil Nadu,Zaid,4.05,752.1,28.9,73.9,5.46,139.9,82.8,135.4,220.1,1.62
Potato,Madhya Pradesh,Zaid,2.81,485.9,21.3,74.1,6.49,119.6,75.7,48.4,116.9,24.19
Maize,Haryana,Zaid,6.89,1014.6,26.8,51.5,6.19,42.2,84.1,,233.4,5.07
Rice,Gujarat,Kharif,1.1,876.5,18.4,64.8,5.23,215.0,22.6,109.6,171.5,4.77
Cotton,Maharashtra,Zaid,9.44,1188.2,22.2,67.0,6.23,154.7,56.9,109.0,171.1,2.23
Wheat,West Bengal,Zaid,5.73,556.5,21.3,93.5,6.61,77.3,57.8,124.7,139.7,3.94
Pulses,Gujarat,Rabi,4.29,629.5,25.7,73.2,6.46,159.0,72.7,131.0,216.0,1.79
Groundnut,Madhya Pradesh,Rabi,4.28,360.6,32.2,63.5,7.0,125.6,38.8,100.5,117.9,2.68
Maize,Karnataka,Kharif,5.28,548.5,32.1,66.1,6.38,123.4,40.0,128.0,139.4,5.45
Cotton,Madhya Pradesh,Zaid,4.67,1222.5,28.3,52.0,7.11,126.4,35.5,79.9,31.4,2.09
Wheat,Uttar Pradesh,Rabi,8.3,1070.9,30.9,74.8,6.3,208.6,47.8,123.2,203.3,4.71
Sugarcane,Madhya Pradesh,Zaid,2.12,839.4,27.1,61.5,5.74,157.8,86.7,68.9,154.3,80.47
Wheat,Haryana,Kharif,5.77,1187.9,33.3,88.7,6.56,82.3,53.8,120.0,170.8,4.7
Maize,Haryana,Zaid,4.52,499.4,,57.5,7.46,154.1,53.7,53.7,172.8,5.1
Rice,Andhra Pradesh,Kharif,7.42,746.6,31.5,83.6,7.93,134.1,56.2,108.6,119.2,5.22
Rice,Andhra Pradesh,Kharif,4.99,850.3,29.6,78.0,7.25,182.6,91.6,140.2,124.5,4.55
Potato,Madhya Pradesh,Rabi,1.45,851.9,24.5,70.3,7.65,117.5,44.8,104.1,112.8,25.39
Cotton,Haryana,Zaid,6.13,973.4,31.5,66.2,6.55,106.9,73.6,87.9,187.5,2.46
Potato,Tamil Nadu,Kharif,2.2,1085.9,30.6,67.0,6.53,60.4,50.4,108.7,239.7,27.86
Groundnut,Karnataka,Rabi,1.3,883.2,20.6,61.9,7.43,134.6,47.1,102.7,195.5,2.75
Rice,Madhya Pradesh,Rabi,4.05,443.4,26.2,65.5,6.05,111.6,46.4,92.9,50.9,4.16
Groundnut,Andhra Pradesh,Rabi,4.31,524.5,22.9,64.6,7.26,102.3,29.5,101.3,82.8,2.68
Potato,Madhya Pradesh,Rabi,1.34,1035.3,27.1,68.1,7.33,68.4,83.2,113.5,122.7,26.22
Rice,Andhra Pradesh,Zaid,7.87,993.9,33.6,67.5,6.28,136.6,25.2,146.2,140.3,4.39
Sugarcane,Madhya Pradesh,Rabi,5.6,411.9,21.1,63.8,6.78,155.8,62.4,119.3,228.6,93.2
Sugarcane,Gujarat,Rabi,1.8,1004.0,21.7,60.9,6.61,162.9,91.5,57.5,164.7,104.02
Sugarcane,Maharashtra,Rabi,2.13,815.4,20.5,73.8,7.1,127.3,93.3,110.2,198.7,99.44
Groundnut,Maharashtra,Zaid,5.91,628.3,30.1,56.3,6.39,100.6,82.3,104.6,96.5,2.32
Potato,Karnataka,Zaid,4.89,,23.2,57.6,5.69,170.3,58.3,114.5,115.5,22.66
Pulses,Haryana,Rabi,5.27,1280.1,28.9,59.3,7.79,150.2,47.8,100.3,98.1,1.86
Rice,Gujarat,Kharif,4.85,1330.9,30.9,54.6,7.13,137.3,58.3,159.2,49.5,4.42
Rice,Tamil Nadu,Rabi,1.8,843.2,28.1,60.8,6.13,98.5,30.1,60.2,187.6,4.41
Potato,West Bengal,Zaid,2.87,250.0,34.6,75.3,6.63,157.4,71.5,92.8,150.9,24.9
Potato,Andhra Pradesh,Kharif,4.61,890.6,19.4,80.1,5.75,126.6,20.4,33.2,132.2,27.18
Groundnut,Uttar Pradesh,Kharif,1.31,926.3,38.1,60.9,6.2,140.4,59.5,106.6,125.4,2.97
Pulses,Tamil Nadu,Rabi,6.07,250.0,21.9,77.9,5.63,176.9,48.3,126.8,111.0,1.7
Rice,Tamil Nadu,Rabi,6.13,1044.2,32.5,57.9,6.6,60.8,63.5,60.2,173.5,4.19
Maize,Punjab,Kharif,1.74,689.5,30.7,84.8,6.88,100.4,72.7,117.2,202.1,5.37
Wheat,Uttar Pradesh,Zaid,3.9,844.8,21.9,52.9,6.21,137.6,46.1,61.0,206.2,4.15
Cotton,Punjab,Kharif,7.41,980.1,30.1,68.1,7.38,85.1,,136.0,152.9,2.85
Potato,Tamil Nadu,Zaid,1.75,1190.4,27.8,73.9,7.19,76.0,57.1,77.6,149.4,23.57
Cotton,Maharashtra,Kharif,10.57,583.6,16.3,66.6,8.08,111.1,48.0,143.4,100.7,2.63
Cotton,Haryana,Zaid,3.55,547.2,29.9,55.5,6.23,110.9,120.0,144.9,195.4,2.39
Groundnut,Gujarat,Zaid,1.42,802.2,27.7,75.3,6.67,119.9,59.5,85.3,132.0,2.64
Sugarcane,Gujarat,Rabi,6.33,697.6,33.4,87.8,6.74,151.0,52.4,97.1,140.4,93.3
Cotton,Punjab,Kharif,11.57,867.3,28.5,50.6,6.11,180.6,56.3,108.8,193.6,2.93
Maize,Maharashtra,Rabi,6.54,1327.1,35.8,77.2,5.57,94.8,74.0,125.0,55.1,4.41
Pulses,Maharashtra,Rabi,5.35,1104.5,17.7,74.6,6.42,89.5,47.5,137.8,74.6,
Sugarcane,Uttar Pradesh,Rabi,1.32,672.9,19.3,85.9,6.82,175.3,59.7,124.6,141.1,91.25
Wheat,Tamil Nadu,Kharif,3.91,746.2,23.1,72.9,7.38,132.5,60.7,115.8,150.8,4.18
Maize,Gujarat,Zaid,1.71,1486.4,23.8,51.9,6.36,82.7,36.9,78.2,128.2,3.77
Cotton,Haryana,Rabi,11.04,873.8,30.3,83.7,6.98,81.1,87.1,139.2,138.0,3.03
Cotton,Uttar Pradesh,Rabi,11.79,1110.9,22.0,83.5,6.3,120.6,71.1,132.4,43.1,2.79
Potato,Gujarat,Zaid,2.9,763.6,27.5,56.2,6.34,133.9,79.3,150.6,99.6,25.52
Rice,Haryana,Kharif,7.13,914.6,31.7,79.3,6.39,40.0,61.2,102.8,209.1,4.67
Rice,Maharashtra,Kharif,2.72,743.3,29.6,68.1,6.84,170.2,109.3,145.9,228.6,5.23
Cotton,Haryana,Rabi,5.78,1477.1,21.4,72.4,6.8,100.9,61.9,177.7,208.3,2.45
Cotton,Punjab,Zaid,3.35,288.6,24.2,40.5,6.57,92.2,58.3,124.1,31.1,2.51
Cotton,Punjab,Rabi,3.1,721.5,27.7,63.1,6.61,117.2,,93.6,198.4,2.86
Maize,Madhya Pradesh,Zaid,5.88,335.3,24.2,50.9,6.81,89.5,59.7,156.0,165.7,4.54
Maize,Karnataka,Zaid,3.29,974.2,36.3,69.1,7.02,182.2,69.0,100.7,126.0,4.31
Pulses,Punjab,Zaid,1.66,1022.0,22.5,60.1,6.1,109.7,54.1,103.2,89.8,1.74
Groundnut,Punjab,Zaid,5.52,1365.7,21.4,53.8,5.37,147.1,50.9,169.8,194.1,2.78
Cotton,Punjab,Rabi,9.58,1211.1,36.6,71.7,6.88,123.9,47.9,82.5,144.1,2.99
Maize,Karnataka,Kharif,2.44,715.1,28.8,63.1,5.77,151.1,35.5,141.2,228.5,4.75
Sugarcane,Punjab,Zaid,8.6,958.6,25.4,50.4,7.26,127.9,37.1,79.5,116.9,93.91
Cotton,Gujarat,Kharif,11.36,810.6,33.1,66.7,6.18,153.9,68.1,101.1,233.9,2.73
Groundnut,Gujarat,Zaid,5.07,298.0,27.1,60.2,7.38,121.4,83.6,132.3,190.9,2.61
Groundnut,Uttar Pradesh,Rabi,5.0,523.2,28.4,75.2,6.11,116.9,81.6,97.3,112.7,2.82
Groundnut,Karnataka,Kharif,3.25,273.0,21.2,58.2,6.52,101.8,46.6,119.2,20.0,2.45
Cotton,Madhya Pradesh,Rabi,6.93,1186.8,31.4,60.3,7.74,96.6,56.4,98.6,111.9,2.46
Sugarcane,Maharashtra,Rabi,5.65,897.5,37.2,84.3,6.87,40.0,61.9,94.3,168.3,92.72
Pulses,Madhya Pradesh,Zaid,3.07,904.6,23.1,48.6,6.98,122.6,65.3,92.7,142.6,1.68
Groundnut,Madhya Pradesh,Zaid,2.36,1157.0,20.9,78.9,7.22,104.6,47.2,59.7,203.7,2.42
Groundnut,Madhya Pradesh,Zaid,2.34,317.8,28.6,68.6,7.22,144.6,44.7,148.0,122.5,2.35
Groundnut,Punjab,Kharif,5.3,468.8,33.3,74.8,7.71,90.9,49.8,120.9,88.5,2.9
Potato,Andhra Pradesh,Kharif,2.94,855.2,29.1,38.5,6.68,191.0,48.3,118.7,155.9,28.39
Potato,Maharashtra,Rabi,1.47,734.8,27.4,56.9,7.57,151.5,77.6,64.4,176.1,25.74
Rice,Punjab,Rabi,8.0,250.0,19.4,85.2,6.26,149.8,80.4,149.6,167.7,5.16
Cotton,Tamil Nadu,Rabi,9.69,1447.4,22.2,,7.08,174.8,56.5,83.1,165.8,2.43
Groundnut,Gujarat,Rabi,4.74,509.7,30.1,68.0,7.13,64.7,69.3,97.9,139.1,2.84
Wheat,Gujarat,Zaid,6.16,1017.2,31.6,69.2,7.22,61.6,15.0,158.3,135.6,3.9
Pulses,West Bengal,Zaid,2.86,1138.0,18.2,70.0,7.86,177.4,56.5,76.2,148.7,1.62
Pulses,Uttar Pradesh,Zaid,5.1,375.0,31.6,53.6,5.9,141.0,49.5,175.4,209.7,1.52
Sugarcane,Uttar Pradesh,Rabi,3.28,760.6,26.6,45.8,7.56,80.1,66.3,90.5,92.9,105.27
Groundnut,Karnataka,Zaid,1.01,1117.2,31.3,60.1,7.35,202.2,53.7,100.7,121.5,2.34
Pulses,Gujarat,Rabi,4.82,689.6,30.5,72.8,6.21,111.9,26.1,85.4,201.1,1.68
Wheat,Karnataka,Rabi,3.25,892.1,15.4,85.6,6.51,147.4,15.0,142.1,167.9,4.39
Rice,West Bengal,Rabi,5.2,1257.9,24.7,60.3,6.77,187.5,51.4,108.1,176.7,4.69
Rice,Maharashtra,Rabi,3.65,931.2,28.8,51.3,6.22,200.5,47.0,93.6,130.7,4.17
Maize,Andhra Pradesh,Zaid,5.34,1308.0,29.0,62.7,7.0,185.2,59.1,86.5,225.7,4.69
Potato,Maharashtra,Kharif,4.86,683.2,32.6,61.4,6.66,94.1,70.0,138.6,145.2,26.7
Pulses,Karnataka,Rabi,1.03,1390.1,21.3,49.0,6.49,82.1,35.4,72.3,56.5,1.61
Sugarcane,Uttar Pradesh,Zaid,8.63,961.1,31.7,66.7,6.86,113.3,80.4,75.9,147.3,99.73
Cotton,Haryana,Kharif,9.89,490.9,30.3,61.3,5.62,72.4,44.2,78.6,211.9,2.94
Sugarcane,Uttar Pradesh,Zaid,8.65,1000.7,39.0,66.8,6.84,190.7,61.2,48.4,139.5,95.92
Maize,Uttar Pradesh,Zaid,5.09,1123.2,30.7,55.6,6.04,131.5,55.5,84.3,138.0,4.74
Cotton,Punjab,Kharif,2.48,773.6,28.6,71.6,6.66,115.3,35.1,146.5,130.1,2.72
Pulses,Uttar Pradesh,Rabi,3.99,1008.2,18.9,64.6,7.06,117.0,70.1,125.8,92.8,1.6
Sugarcane,Tamil Nadu,Zaid,2.56,677.5,28.1,60.3,6.54,56.1,82.1,121.6,149.3,99.92
Groundnut,Andhra Pradesh,Zaid,5.98,630.9,25.4,64.3,7.1,197.3,67.2,61.4,238.6,2.93
Rice,Haryana,Zaid,5.16,1071.2,29.4,73.6,6.12,137.7,50.2,108.5,138.8,4.41
Potato,Andhra Pradesh,Kharif,1.06,925.7,22.1,79.6,7.18,104.8,57.6,77.8,190.8,29.05
Cotton,Uttar Pradesh,Rabi,6.07,1191.2,26.1,71.3,5.66,163.1,75.4,100.7,121.9,2.69
Pulses,Tamil Nadu,Zaid,1.4,953.7,31.6,83.1,5.31,75.6,43.3,116.8,169.0,1.58
Cotton,Punjab,Kharif,8.79,1053.7,30.8,95.0,7.11,85.5,32.6,117.2,40.2,2.78
Pulses,West Bengal,Kharif,4.25,365.7,24.6,86.9,6.5,140.8,65.7,90.7,194.6,1.92
Maize,Gujarat,Rabi,1.97,466.3,27.1,72.9,6.43,205.8,27.8,123.6,85.8,
Sugarcane,West Bengal,Rabi,2.73,250.0,21.6,79.0,7.24,99.2,38.7,199.2,220.2,102.98
Pulses,Haryana,Rabi,6.06,996.8,32.4,81.8,7.22,148.4,57.8,141.6,142.3,1.97
Potato,Madhya Pradesh,Zaid,4.19,945.3,33.2,49.1,6.13,79.6,39.5,128.7,83.9,23.42
Maize,Uttar Pradesh,Zaid,3.67,677.5,38.9,74.6,5.33,134.0,42.1,50.6,112.5,4.55
Rice,Gujarat,Zaid,5.29,589.8,27.2,65.0,7.18,87.4,15.0,94.6,127.5,4.02
Cotton,Uttar Pradesh,Rabi,8.73,1099.7,28.5,56.5,5.91,120.6,47.9,83.1,174.0,2.62
Potato,Uttar Pradesh,Rabi,2.11,865.4,15.6,78.6,6.55,189.6,18.8,92.1,80.3,23.81
Rice,Andhra Pradesh,Kharif,6.0,406.3,24.8,73.5,7.15,110.4,22.7,139.6,183.7,4.65
Potato,Karnataka,Zaid,2.47,761.1,33.7,75.5,7.25,162.1,50.4,62.1,117.5,21.62
Maize,Gujarat,Kharif,5.33,1273.4,28.7,71.0,8.2,170.3,79.6,,203.6,5.1
Maize,Uttar Pradesh,Zaid,6.89,289.0,26.1,81.0,6.53,161.8,51.8,100.6,119.4,4.91
Wheat,Uttar Pradesh,Kharif,8.99,323.8,31.4,59.7,6.91,114.7,74.4,74.8,186.2,4.63
Rice,Madhya Pradesh,Kharif,7.19,858.5,31.2,61.7,7.92,111.8,28.3,84.6,114.8,4.31
Wheat,Haryana,Kharif,3.68,804.9,25.4,71.4,6.42,66.3,54.8,84.7,145.9,5.3
Pulses,Uttar Pradesh,Kharif,3.47,759.8,18.5,78.9,,105.1,66.4,115.1,212.6,1.81
Rice,Uttar Pradesh,Zaid,6.92,865.4,31.8,67.2,7.04,145.7,57.3,101.8,201.5,4.77
Groundnut,Gujarat,Rabi,5.0,1111.9,27.2,69.2,8.01,184.1,80.2,37.2,166.1,2.62
Wheat,Punjab,Zaid,6.85,1290.8,20.6,63.6,6.72,84.8,43.8,138.8,128.3,4.38
Cotton,Tamil Nadu,Kharif,7.88,836.1,23.2,89.2,6.82,116.1,40.3,105.3,235.8,2.74
Pulses,Tamil Nadu,Zaid,5.93,1360.2,18.1,60.2,8.2,163.3,59.3,141.7,155.9,1.63
Rice,Haryana,Zaid,5.19,920.2,32.1,67.6,7.2,176.2,64.8,74.6,116.5,4.7
Wheat,Gujarat,Rabi,8.72,963.8,29.0,44.0,5.72,61.6,42.6,84.0,191.2,4.13
Sugarcane,Andhra Pradesh,Zaid,6.09,510.9,19.2,73.5,5.77,74.8,82.4,101.0,127.2,92.78
Rice,Gujarat,Kharif,1.02,1104.7,27.4,60.6,7.4,96.7,63.6,80.4,97.3,4.17
Maize,Karnataka,Rabi,6.84,1035.6,22.6,74.0,6.5,120.4,83.2,103.8,115.7,5.37
Pulses,Tamil Nadu,Rabi,6.15,1262.1,24.3,68.3,7.91,40.0,50.5,127.6,87.8,1.83
Potato,Andhra Pradesh,Zaid,1.66,1274.4,25.7,75.6,6.58,170.2,56.2,51.2,138.9,22.7
Potato,Maharashtra,Rabi,3.3,892.5,18.8,62.0,7.33,163.3,32.8,173.3,176.3,28.48
Pulses,West Bengal,Rabi,5.5,876.2,32.6,61.1,6.63,114.7,37.9,31.9,115.5,1.9
Potato,Andhra Pradesh,Kharif,4.0,435.2,16.7,72.3,5.95,101.3,56.5,103.6,109.8,25.39
Cotton,Maharashtra,Rabi,10.82,941.2,28.1,85.4,5.51,90.6,38.2,126.7,201.1,2.56
Wheat,West Bengal,Rabi,9.52,1049.5,28.3,57.5,6.05,121.3,50.0,70.6,170.3,4.56
Pulses,Andhra Pradesh,Rabi,3.53,1536.9,33.5,63.3,5.83,67.3,57.4,96.4,139.5,1.6
Pulses,Tamil Nadu,Kharif,6.04,718.6,31.7,47.3,7.87,102.2,19.2,63.5,56.2,1.66
Wheat,Madhya Pradesh,Rabi,5.02,,32.9,58.9,7.05,139.0,63.5,81.6,202.8,4.31
Maize,Karnataka,Rabi,3.27,976.9,19.9,68.5,7.19,76.2,59.2,121.9,21.3,4.61
Groundnut,Punjab,Kharif,5.9,584.0,27.2,69.1,6.4,214.7,31.7,88.5,117.5,3.32
Pulses,Madhya Pradesh,Zaid,2.34,1002.9,25.7,77.2,5.79,124.2,57.4,129.2,106.9,1.57
Rice,Maharashtra,Kharif,1.25,1367.0,21.5,75.5,6.99,135.3,57.7,74.1,199.6,4.09
Groundnut,Punjab,Kharif,1.78,625.1,27.7,61.3,5.97,141.0,43.7,151.8,57.7,3.13
Pulses,West Bengal,Kharif,4.84,741.6,32.0,,7.09,143.6,15.9,124.5,76.7,1.72
Potato,Tamil Nadu,Kharif,4.59,1280.7,25.8,75.9,7.02,95.2,90.7,89.5,225.6,31.67
Pulses,Madhya Pradesh,Kharif,6.28,966.9,31.7,53.2,7.49,122.9,56.9,58.9,70.5,1.63
Cotton,Maharashtra,Rabi,4.63,,29.1,91.3,6.17,145.8,23.7,84.5,32.2,2.45
Pulses,West Bengal,Rabi,4.8,499.7,34.1,94.8,6.31,103.4,83.3,116.3,68.2,1.62
Pulses,Maharashtra,Kharif,3.68,485.7,28.7,65.7,5.49,155.4,66.2,30.0,166.1,1.79
Wheat,Tamil Nadu,Rabi,3.45,1070.2,25.0,54.1,7.96,125.2,22.4,146.6,218.2,4.43
Maize,Haryana,Rabi,6.6,1113.8,20.4,90.9,7.48,92.5,43.0,63.2,93.0,5.11
Maize,Punjab,Kharif,2.21,1233.4,24.4,77.5,6.32,90.5,61.3,113.6,157.9,5.43
Maize,Gujarat,Rabi,3.04,893.7,23.8,67.2,7.41,134.9,29.6,95.5,120.1,5.34
Cotton,West Bengal,Kharif,10.21,1094.6,26.8,68.3,5.91,146.3,56.5,53.1,232.3,2.74
Wheat,Haryana,Rabi,5.72,493.7,30.7,51.7,6.13,182.3,50.3,83.1,233.5,4.74
Wheat,Madhya Pradesh,Kharif,5.05,847.0,25.9,65.8,6.88,157.9,61.7,170.7,202.3,4.41
Cotton,Uttar Pradesh,Kharif,2.79,938.5,29.7,61.3,5.41,70.8,70.2,30.0,194.7,2.37
Sugarcane,Andhra Pradesh,Rabi,6.43,1253.3,18.8,61.4,5.12,169.2,68.8,130.1,95.1,99.01
Wheat,Maharashtra,Kharif,2.46,650.7,26.4,55.5,6.25,92.6,52.4,97.4,182.8,3.84
Sugarcane,Punjab,Zaid,4.54,819.0,27.0,60.6,6.83,119.0,48.4,69.7,189.6,96.66
Pulses,Madhya Pradesh,Zaid,1.52,922.3,32.6,67.2,6.72,187.9,45.5,113.3,247.0,1.64
Rice,Andhra Pradesh,Zaid,6.32,1573.4,28.6,67.0,6.06,49.5,79.0,122.3,128.3,3.92
Rice,Madhya Pradesh,Rabi,3.11,1109.7,27.5,65.9,5.37,102.0,75.6,110.2,89.0,4.34
Sugarcane,Andhra Pradesh,Zaid,5.14,785.8,22.2,62.9,5.87,171.7,74.5,150.8,151.7,89.9
Wheat,Tamil Nadu,Rabi,1.68,774.2,38.2,48.0,6.84,231.8,58.6,140.7,54.1,4.23
Sugarcane,Andhra Pradesh,Rabi,1.71,1315.7,30.1,55.1,6.99,116.2,72.3,98.0,162.7,90.9
Maize,Uttar Pradesh,Kharif,4.43,610.3,29.8,64.5,6.23,124.0,47.3,60.8,214.4,4.82
Wheat,Andhra Pradesh,Zaid,1.29,1240.7,28.7,80.3,7.43,85.9,30.4,103.2,192.4,3.78
Potato,Punjab,Zaid,0.59,817.7,27.5,71.0,7.36,93.0,31.3,83.9,170.9,25.71
Pulses,Gujarat,Kharif,3.94,788.1,28.5,47.7,6.66,168.2,52.5,114.0,126.6,1.92
Rice,Andhra Pradesh,Zaid,2.11,1134.6,24.8,79.3,7.09,130.6,116.5,160.6,103.1,4.52
Cotton,Andhra Pradesh,Rabi,5.43,919.7,27.6,83.3,6.04,141.4,17.6,88.6,146.0,2.77
Wheat,Madhya Pradesh,Rabi,4.52,611.6,26.3,77.2,7.96,125.8,40.9,168.6,226.7,4.72
Wheat,Uttar Pradesh,Zaid,4.22,307.7,26.7,71.2,6.74,85.5,72.5,145.1,192.1,3.71
Wheat,Punjab,Kharif,8.59,806.5,33.3,53.2,5.87,134.1,38.8,161.8,131.0,4.14
Cotton,Tamil Nadu,Zaid,5.95,762.2,20.6,55.3,5.98,69.1,54.6,75.2,44.1,1.98
Potato,Andhra Pradesh,Rabi,1.72,1157.4,21.1,61.9,6.19,121.4,54.3,74.7,141.7,26.96
Pulses,Maharashtra,Zaid,6.43,1110.7,32.4,52.5,7.54,105.8,61.0,52.2,137.3,1.53
Sugarcane,Gujarat,Rabi,4.77,922.3,34.0,72.2,6.28,71.5,52.2,135.2,180.6,98.58
Potato,Gujarat,Rabi,1.83,1317.2,32.4,63.3,7.53,115.2,64.7,144.6,163.3,25.87
Potato,Uttar Pradesh,Rabi,2.08,827.7,27.6,91.0,7.86,172.9,62.3,96.8,196.6,28.43
Sugarcane,Karnataka,Zaid,7.53,834.0,30.9,43.5,7.24,154.4,72.7,103.2,192.9,85.57
Wheat,Uttar Pradesh,Rabi,5.1,957.8,32.9,58.7,6.81,114.7,43.1,145.1,183.7,4.24
Pulses,West Bengal,Zaid,4.96,448.0,20.8,75.7,6.8,159.6,38.4,100.2,182.9,1.6
Rice,West Bengal,Rabi,6.77,874.2,19.3,68.0,6.87,108.9,79.5,78.3,150.7,4.71
Groundnut,Gujarat,Rabi,1.62,582.0,36.0,61.4,6.98,89.5,56.5,110.5,167.1,2.72
Potato,Maharashtra,Zaid,2.92,662.3,22.0,78.9,6.2,147.8,52.1,128.1,164.2,23.79
Groundnut,Andhra Pradesh,Zaid,5.86,930.4,21.3,61.2,6.95,133.0,52.3,67.5,132.9,2.5
Cotton,Gujarat,Rabi,2.0,712.6,24.3,91.5,7.18,68.2,50.3,60.5,129.8,2.44
Rice,Maharashtra,Rabi,6.45,250.0,29.4,66.4,6.56,40.0,54.4,141.0,133.9,4.4
Sugarcane,Punjab,Rabi,4.15,250.0,25.8,60.3,5.72,107.1,72.3,112.9,143.9,98.78
Pulses,Punjab,Zaid,5.37,628.0,29.4,69.9,6.69,118.1,41.8,,130.6,1.59
Pulses,Madhya Pradesh,Zaid,5.09,995.4,27.7,,5.53,145.7,57.6,140.7,85.3,1.55
Groundnut,Gujarat,Kharif,5.85,740.4,23.0,53.8,5.98,137.8,50.0,82.8,50.7,2.9
Rice,Maharashtra,Zaid,5.49,708.6,24.6,65.7,5.77,191.5,65.2,107.5,127.5,4.05
Maize,Haryana,Kharif,6.78,926.7,30.1,71.4,7.39,136.3,61.0,83.2,149.6,5.74
Maize,Andhra Pradesh,Kharif,2.39,1113.5,28.5,79.1,6.0,148.5,15.0,147.5,89.0,5.11
Cotton,Uttar Pradesh,Rabi,11.49,1028.2,29.6,83.1,6.58,144.3,27.7,84.9,129.7,2.69
Pulses,West Bengal,Zaid,5.91,800.1,32.4,72.7,6.56,73.4,59.2,82.3,210.0,1.78
Rice,Haryana,Kharif,4.58,1206.6,24.7,47.4,5.44,193.6,54.1,74.8,88.1,4.53
Groundnut,Punjab,Kharif,2.65,390.2,21.8,73.8,6.15,126.9,46.5,74.5,242.0,3.38
Rice,Uttar Pradesh,Rabi,5.48,882.7,24.9,56.7,6.62,50.8,37.4,79.0,133.3,4.6
Sugarcane,Gujarat,Rabi,8.93,774.0,26.4,53.3,6.77,155.7,29.8,120.6,142.4,94.93
Pulses,Punjab,Zaid,5.38,948.5,28.8,82.9,5.28,178.1,38.3,104.9,237.7,1.79
Rice,Madhya Pradesh,Rabi,4.07,985.9,28.3,57.9,6.94,101.3,74.9,123.3,139.5,4.6
Rice,Andhra Pradesh,Kharif,1.17,750.7,37.3,68.2,6.29,105.2,63.4,126.0,157.9,4.84
Rice,Haryana,Kharif,2.32,695.1,27.3,72.8,6.53,141.1,71.5,172.0,255.8,5.15
Groundnut,West Bengal,Rabi,3.94,,35.6,71.5,8.2,103.3,54.5,146.9,155.3,2.85
Potato,West Bengal,Rabi,2.36,1392.9,24.3,61.4,6.97,,75.3,101.5,68.9,26.74
Maize,West Bengal,Zaid,4.15,1144.6,24.1,70.6,6.99,106.5,83.5,107.3,162.3,4.5
Cotton,Andhra Pradesh,Rabi,9.19,1070.8,32.2,69.0,8.2,98.4,34.4,130.0,103.7,2.45
Potato,Andhra Pradesh,Rabi,0.71,1163.9,24.9,76.7,6.64,108.1,92.9,85.2,259.6,28.24
Pulses,Maharashtra,Rabi,5.84,635.0,30.8,72.3,7.28,101.9,54.6,92.8,203.0,1.69
Rice,Punjab,Zaid,6.36,759.1,19.2,71.3,6.77,115.2,47.9,124.9,197.6,4.5
Potato,Haryana,Rabi,2.92,1152.0,22.9,79.0,6.24,135.2,47.8,98.6,156.7,24.7
Wheat,Gujarat,Rabi,6.32,964.4,22.4,84.3,6.55,154.1,90.1,87.6,136.6,4.43
Rice,Andhra Pradesh,Kharif,3.15,634.6,30.5,68.9,8.2,64.6,47.8,140.4,180.9,4.82
Sugarcane,Gujarat,Zaid,7.54,934.0,31.7,70.2,6.57,92.4,70.9,45.5,56.2,83.33
Cotton,Karnataka,Zaid,2.63,1721.1,15.0,77.8,5.78,191.4,57.1,181.8,178.8,1.97
Groundnut,Gujarat,Rabi,2.51,964.2,16.4,80.7,6.73,106.0,52.8,157.2,157.8,2.68
Potato,Uttar Pradesh,Zaid,4.41,897.8,20.4,,6.24,84.8,41.1,43.2,207.5,24.22
Sugarcane,Karnataka,Kharif,7.61,808.2,25.8,50.8,7.94,138.3,66.3,66.6,119.6,88.68
Pulses,West Bengal,Rabi,3.91,806.5,23.2,,7.16,123.6,33.9,184.8,146.9,1.81
Cotton,Andhra Pradesh,Rabi,10.19,1040.4,15.1,66.4,6.72,142.3,26.4,124.2,229.0,2.78
Sugarcane,West Bengal,Rabi,3.84,514.6,32.7,75.0,6.14,121.0,37.9,141.9,143.9,101.46
Cotton,Punjab,Kharif,3.99,759.3,25.2,70.8,7.65,151.1,79.2,103.0,107.5,2.87
Wheat,Uttar Pradesh,Kharif,9.08,756.7,28.5,71.9,7.17,83.4,44.1,82.5,207.7,
Sugarcane,Gujarat,Kharif,7.07,812.0,29.4,76.0,5.75,217.6,28.7,94.2,98.6,93.46
Cotton,Gujarat,Kharif,4.54,684.8,30.6,62.6,7.14,155.6,85.7,76.1,106.6,2.47
Pulses,Punjab,Rabi,3.91,250.0,29.1,95.0,6.25,150.0,59.9,100.2,70.3,1.81
Maize,Tamil Nadu,Zaid,6.17,674.0,25.0,69.8,6.4,139.9,34.4,99.6,216.5,5.07
Cotton,Uttar Pradesh,Zaid,9.86,585.6,23.1,71.5,6.61,119.7,60.3,128.9,197.6,2.42
Sugarcane,West Bengal,Rabi,8.24,749.3,20.1,55.3,6.08,184.5,29.7,73.7,214.2,96.55
Maize,Gujarat,Kharif,3.42,601.0,24.2,89.2,5.91,129.9,42.1,130.3,158.2,5.55
Groundnut,Haryana,Kharif,3.18,659.4,22.0,81.7,6.69,101.4,58.3,65.1,147.5,3.3
Maize,Maharashtra,Kharif,2.05,1119.0,28.0,71.6,6.7,130.9,52.0,103.0,194.8,5.0
Pulses,Haryana,Rabi,5.21,1175.9,34.5,72.9,6.51,140.5,67.7,112.5,28.8,1.78
Groundnut,Punjab,Rabi,3.68,1085.2,30.1,60.5,5.93,123.8,80.3,120.5,145.6,3.13
Wheat,Maharashtra,Kharif,6.0,1198.4,22.7,81.8,7.9,136.5,66.6,157.2,106.7,4.41
Sugarcane,Punjab,Kharif,5.15,676.2,26.7,57.7,6.5,198.7,42.2,83.8,114.6,113.85
Pulses,Punjab,Kharif,2.69,848.6,30.1,61.2,7.03,108.2,49.6,86.5,229.8,1.94
Cotton,Punjab,Rabi,7.42,1432.9,24.7,46.4,6.43,71.2,43.3,107.6,218.5,2.53
Potato,Tamil Nadu,Zaid,0.73,642.4,17.9,94.4,6.4,93.4,53.2,113.9,209.1,25.8
Potato,Uttar Pradesh,Kharif,2.77,250.0,24.3,55.2,6.71,130.8,43.6,120.4,186.7,28.45
Wheat,Karnataka,Rabi,9.56,876.0,32.8,63.0,5.88,,56.2,84.6,91.2,3.87
Sugarcane,Tamil Nadu,Rabi,8.58,1099.3,28.5,64.2,6.11,148.3,34.2,156.7,71.9,98.85
Cotton,Madhya Pradesh,Kharif,2.77,553.9,31.4,59.3,6.21,95.4,26.5,142.6,156.0,2.52
Wheat,Tamil Nadu,Rabi,1.61,1141.5,28.2,69.7,6.18,143.2,59.7,91.6,56.0,4.35
Potato,West Bengal,Rabi,3.94,803.6,23.1,68.3,6.97,176.0,97.4,71.0,159.7,30.48
Rice,Andhra Pradesh,Zaid,4.34,338.5,34.4,80.1,7.14,205.9,45.1,66.8,170.8,4.04
Potato,Karnataka,Kharif,1.52,815.3,21.7,82.2,7.88,94.1,75.7,127.9,161.8,27.15
Wheat,West Bengal,Rabi,7.99,602.1,23.8,75.3,7.29,118.1,64.1,39.4,116.8,4.18
Rice,Uttar Pradesh,Zaid,2.31,527.1,20.5,52.6,6.73,55.1,104.4,114.5,156.9,4.23
Pulses,Andhra Pradesh,Zaid,1.43,554.3,17.8,60.0,7.46,93.6,65.5,55.1,199.1,1.49
Wheat,Gujarat,Rabi,9.2,838.8,31.3,57.5,7.13,116.4,53.2,91.7,168.3,4.22
Groundnut,Punjab,Kharif,1.69,338.4,31.9,69.1,6.17,98.3,60.7,71.3,146.1,2.72
Groundnut,Maharashtra,Rabi,3.72,987.2,26.3,75.7,6.5,139.0,72.2,108.6,139.7,2.51
Sugarcane,Uttar Pradesh,Kharif,8.1,839.9,24.5,71.5,7.23,54.8,45.6,76.1,140.5,104.73
Wheat,West Bengal,Rabi,3.48,497.9,15.5,65.4,6.44,40.0,56.8,71.0,133.3,4.19
Pulses,Tamil Nadu,Zaid,1.46,822.7,32.7,71.7,7.95,57.6,83.2,104.6,159.9,1.49
Groundnut,Karnataka,Zaid,1.72,979.9,38.9,57.4,7.09,150.0,53.4,73.0,117.9,2.26
Groundnut,Madhya Pradesh,Zaid,2.21,1143.9,32.2,77.2,6.08,149.8,44.4,122.3,145.3,2.57
Potato,Maharashtra,Rabi,1.59,1257.8,25.6,64.2,6.17,85.5,27.0,65.7,196.9,23.73
Wheat,Andhra Pradesh,Zaid,1.92,666.8,29.7,53.8,7.08,75.8,54.5,81.0,210.7,3.87
Potato,Karnataka,Kharif,4.17,940.6,26.7,64.6,8.12,46.8,60.7,109.6,157.3,26.03
Rice,Karnataka,Rabi,6.24,726.9,27.0,60.5,7.17,126.3,39.8,91.7,164.2,4.75
Rice,Uttar Pradesh,Zaid,7.62,819.1,30.4,57.0,7.05,129.2,47.9,172.2,136.8,4.64
Maize,Gujarat,Kharif,1.7,545.6,27.6,74.0,6.05,168.9,66.8,98.2,133.5,4.75
Maize,West Bengal,Kharif,2.34,1155.5,22.2,62.8,6.52,250.0,40.6,64.2,171.1,5.21
Sugarcane,Tamil Nadu,Zaid,1.35,1127.2,29.3,51.1,6.99,149.3,57.0,111.6,241.9,89.15
Sugarcane,West Bengal,Kharif,7.2,511.8,24.2,64.6,6.91,129.5,23.2,49.4,87.8,101.12
Potato,Uttar Pradesh,Rabi,1.73,259.9,30.7,62.6,5.68,113.8,63.8,90.6,121.8,25.46
Maize,Karnataka,Rabi,4.21,710.2,22.6,55.5,6.86,124.1,70.1,124.4,187.0,5.24
Cotton,Madhya Pradesh,Kharif,4.81,488.9,30.1,91.8,6.8,62.9,32.8,115.3,,2.53
Potato,West Bengal,Zaid,3.31,1135.5,21.8,66.4,5.86,153.0,36.3,78.9,151.8,24.71
Sugarcane,Uttar Pradesh,Zaid,3.51,721.0,25.5,54.0,7.84,88.1,64.0,139.7,154.1,88.27
Potato,Andhra Pradesh,Rabi,0.5,1340.0,29.5,62.1,6.54,98.3,89.9,126.4,76.8,25.86
Pulses,Tamil Nadu,Rabi,3.28,689.2,,54.2,6.2,218.1,48.0,125.2,100.4,1.8
Potato,Gujarat,Kharif,2.48,579.0,27.2,64.5,6.41,118.5,70.7,87.7,139.3,26.5
Wheat,West Bengal,Rabi,6.89,1100.8,34.8,74.1,6.3,61.9,83.0,30.0,109.8,4.3
Potato,Madhya Pradesh,Zaid,1.76,923.0,23.7,59.5,6.84,101.8,55.7,78.5,129.2,23.6
Cotton,Madhya Pradesh,Rabi,2.12,859.5,21.2,64.5,7.59,133.8,60.1,116.0,157.0,2.63
Pulses,Andhra Pradesh,Zaid,1.36,727.4,30.4,72.4,6.42,89.1,23.9,96.5,203.9,1.63
Pulses,Madhya Pradesh,Kharif,5.8,1048.5,21.0,95.0,7.75,182.6,32.4,134.5,199.1,1.84
Cotton,Haryana,Rabi,4.0,,32.1,68.7,6.93,91.1,86.4,96.7,20.0,2.76
Potato,Haryana,Zaid,0.59,781.5,17.8,77.6,6.15,159.6,60.7,86.5,141.8,24.86
Groundnut,Uttar Pradesh,Kharif,1.02,1171.9,30.7,,6.41,112.2,51.3,59.4,120.1,2.9
Cotton,Maharashtra,Kharif,4.67,1019.7,29.7,86.8,6.55,192.6,46.7,51.3,192.3,2.41
Sugarcane,Punjab,Rabi,8.38,626.3,36.7,82.6,7.3,118.4,15.0,157.7,191.5,105.58
Potato,West Bengal,Kharif,3.68,699.1,25.7,71.8,5.49,135.8,41.4,199.4,117.7,28.11
Sugarcane,Tamil Nadu,Rabi,7.53,688.5,19.6,61.8,6.06,83.8,61.3,92.2,169.0,95.8
Wheat,Tamil Nadu,Zaid,6.14,1052.8,19.2,71.8,7.83,217.0,71.0,89.6,153.4,4.0
Sugarcane,Haryana,Rabi,4.94,864.8,27.3,75.9,6.91,103.0,45.9,161.0,163.9,104.94
Cotton,Maharashtra,Rabi,3.96,741.1,25.0,67.1,6.88,103.8,79.1,110.6,215.1,2.69
Pulses,Madhya Pradesh,Zaid,5.35,811.3,,74.6,6.74,158.4,42.5,93.3,131.4,1.57
Maize,Karnataka,Kharif,2.61,830.4,32.3,49.7,7.17,167.4,31.8,75.1,237.1,4.96
Potato,Karnataka,Zaid,1.13,711.0,32.2,49.7,6.88,143.5,27.9,135.9,38.6,25.99
Pulses,Gujarat,Kharif,1.08,1070.7,15.8,72.0,6.58,76.2,46.2,113.6,90.8,1.74
Cotton,Andhra Pradesh,Zaid,2.69,978.8,25.5,63.2,5.98,115.1,66.9,89.7,250.6,2.55
Groundnut,Gujarat,Kharif,5.32,689.7,22.8,59.6,8.14,82.2,40.2,128.5,94.7,3.06
Maize,Tamil Nadu,Zaid,1.13,1074.2,20.9,63.0,6.91,124.1,49.1,150.9,300.0,4.82
Maize,Gujarat,Zaid,5.44,920.5,19.4,71.3,6.87,138.8,43.2,85.7,87.1,4.45
Cotton,Uttar Pradesh,Kharif,8.35,836.9,30.4,78.4,8.2,162.2,82.4,63.8,169.8,2.63
Sugarcane,Karnataka,Zaid,1.14,412.6,31.2,79.0,6.48,125.9,43.5,107.7,105.1,78.69
Wheat,Madhya Pradesh,Kharif,4.37,745.1,17.5,63.0,6.76,88.7,53.9,94.8,106.1,4.09
Wheat,Madhya Pradesh,Rabi,3.39,502.3,26.3,61.4,7.18,92.7,15.0,64.1,87.6,3.95
Sugarcane,Haryana,Rabi,5.74,573.3,15.0,66.9,6.53,189.4,27.7,91.9,89.3,106.47
Cotton,Haryana,Zaid,2.57,510.2,33.4,73.1,7.52,102.7,78.0,118.5,241.1,2.49
Groundnut,Haryana,Zaid,3.84,1039.5,27.7,67.6,6.81,121.7,53.3,93.5,89.6,2.92
Wheat,Tamil Nadu,Kharif,4.14,797.5,28.2,73.1,6.79,200.6,41.3,112.7,174.2,4.79
Wheat,Karnataka,Kharif,4.62,461.9,20.0,73.4,7.73,,47.4,107.9,94.3,4.07
Groundnut,Uttar Pradesh,Kharif,1.41,875.6,15.0,93.3,7.55,133.2,52.7,149.6,44.7,2.51
Potato,Haryana,Zaid,1.21,799.2,24.2,64.4,7.06,145.1,21.9,103.6,153.2,27.17
Groundnut,Andhra Pradesh,Rabi,3.91,1082.1,25.6,44.6,5.72,102.2,15.0,139.3,166.8,2.75
Potato,Madhya Pradesh,Rabi,2.34,826.7,32.3,75.1,6.16,133.7,15.0,155.7,25.3,25.95
Rice,Madhya Pradesh,Rabi,4.74,773.7,30.9,75.8,7.25,145.5,52.3,101.5,160.2,4.54
Cotton,Gujarat,Rabi,5.18,822.5,23.1,54.8,5.41,185.0,69.8,142.5,193.1,2.83
Rice,Uttar Pradesh,Rabi,1.15,579.1,26.0,71.5,7.74,146.3,31.3,81.4,83.6,4.22
Pulses,Karnataka,Zaid,2.55,600.4,34.6,52.3,6.23,155.1,84.8,143.1,81.5,1.39
Rice,West Bengal,Kharif,3.66,914.6,22.5,67.2,6.34,96.1,31.2,138.6,180.1,4.79
Rice,Maharashtra,Rabi,1.42,825.2,27.3,82.4,6.97,131.3,63.5,91.5,241.3,4.36
Wheat,West Bengal,Rabi,1.02,528.4,34.9,87.3,5.98,83.0,68.0,61.1,171.0,3.88
Pulses,Andhra Pradesh,Kharif,6.04,1210.5,23.0,94.6,7.15,160.9,23.4,143.8,139.2,2.04
Rice,Madhya Pradesh,Zaid,6.26,836.6,21.8,71.4,6.65,102.5,73.2,37.3,176.5,4.33
Sugarcane,Madhya Pradesh,Kharif,5.62,586.2,23.8,82.9,6.85,153.6,82.7,133.1,155.5,104.11
Pulses,Uttar Pradesh,Zaid,4.86,810.7,27.9,60.4,6.07,132.0,46.7,137.1,107.8,1.86
Groundnut,Maharashtra,Kharif,2.04,725.5,28.3,75.1,7.9,141.7,55.9,120.8,193.0,2.93
Maize,Gujarat,Rabi,1.61,928.4,25.9,81.1,6.02,117.0,50.9,79.6,68.1,5.26
Pulses,Madhya Pradesh,Zaid,3.33,516.7,25.2,74.4,8.17,157.8,61.5,149.6,126.3,1.56
Wheat,West Bengal,Kharif,1.96,1016.5,27.4,84.1,6.54,141.7,82.8,30.0,138.1,4.22
Maize,Gujarat,Zaid,1.92,490.7,38.7,78.3,,95.2,50.6,114.4,154.4,4.21
Potato,Maharashtra,Rabi,3.05,479.3,24.9,58.6,7.68,140.6,61.4,104.9,149.2,24.96
Potato,Andhra Pradesh,Zaid,1.75,835.9,32.1,73.2,6.36,125.1,40.0,136.5,97.6,24.6
Wheat,Haryana,Kharif,3.39,614.1,25.7,63.9,7.11,45.6,53.5,30.0,134.4,4.7
Maize,Uttar Pradesh,Rabi,2.01,626.6,25.2,53.4,6.33,109.5,66.0,117.3,203.6,6.2
Groundnut,Haryana,Rabi,5.85,816.8,27.6,73.9,7.28,88.6,70.7,133.9,54.3,3.13
Sugarcane,West Bengal,Kharif,4.28,603.2,27.9,81.6,6.68,100.4,45.3,44.4,159.8,97.71
Cotton,Haryana,Rabi,9.12,795.9,31.6,57.1,5.86,138.9,53.6,84.5,68.7,2.63
Potato,Madhya Pradesh,Rabi,3.56,851.2,25.1,78.4,7.1,115.1,32.5,110.9,130.0,28.4
Cotton,Haryana,Zaid,3.48,636.6,25.5,58.5,7.71,158.6,66.2,44.9,149.0,2.57
Potato,Madhya Pradesh,Rabi,0.74,666.0,30.6,76.9,6.77,123.1,50.7,85.9,61.5,25.9
Pulses,Uttar Pradesh,Rabi,4.44,833.1,22.9,70.0,6.27,184.8,20.4,93.7,222.4,1.96
Sugarcane,Gujarat,Kharif,1.78,859.5,30.0,53.2,6.58,75.0,42.7,134.1,55.2,89.01
Wheat,Tamil Nadu,Kharif,4.09,1054.7,19.9,77.2,6.65,109.2,15.0,132.7,213.0,4.4
Cotton,Haryana,Zaid,6.35,848.8,28.6,57.8,6.2,193.4,104.3,103.3,169.2,2.53
Potato,Tamil Nadu,Kharif,3.09,928.0,32.7,73.2,7.06,108.2,47.6,186.7,36.5,29.22
Rice,West Bengal,Rabi,4.49,1089.4,25.5,71.3,7.24,157.5,45.3,157.2,157.6,5.09
Maize,Haryana,Zaid,2.29,1204.9,30.7,54.0,6.65,90.3,40.6,98.1,130.8,4.53
Maize,Madhya Pradesh,Kharif,2.82,757.7,22.3,66.8,6.26,176.6,44.3,104.7,146.0,4.77
Groundnut,Maharashtra,Zaid,2.16,1382.4,25.0,78.5,6.63,189.1,82.9,171.3,201.2,2.79
Groundnut,Tamil Nadu,Zaid,4.81,1058.2,30.0,65.9,6.04,176.0,46.4,144.3,92.4,2.63
Wheat,Andhra Pradesh,Kharif,8.62,873.8,15.3,85.8,8.2,207.1,41.2,106.0,145.1,4.66
Rice,Maharashtra,Zaid,5.61,1288.1,28.3,71.2,6.76,74.3,61.4,53.3,117.0,3.94
Wheat,Madhya Pradesh,Zaid,4.67,903.5,32.9,70.6,7.67,135.7,88.8,129.5,,3.32
Sugarcane,Maharashtra,Kharif,6.64,1112.7,24.8,50.0,5.47,73.4,70.9,165.9,171.8,96.64
Potato,Madhya Pradesh,Zaid,1.31,790.4,31.4,65.6,6.51,132.4,66.6,140.1,166.3,26.51
Rice,Andhra Pradesh,Kharif,6.54,1409.1,29.5,57.6,6.68,118.3,40.3,163.6,160.7,4.59
Rice,Madhya Pradesh,Rabi,2.83,855.2,27.5,77.0,6.33,174.3,34.9,126.5,116.1,4.5
Sugarcane,Karnataka,Zaid,1.29,722.0,25.0,78.3,6.62,134.4,58.7,100.3,233.4,86.58
Groundnut,Uttar Pradesh,Zaid,5.14,794.2,25.3,70.2,7.43,101.9,23.7,30.0,172.2,
Rice,Karnataka,Zaid,7.52,856.8,25.5,70.8,6.98,95.9,73.8,72.6,117.6,4.01
Maize,Karnataka,Kharif,4.9,843.7,24.5,71.4,6.91,40.0,33.0,71.3,169.5,4.63
Sugarcane,Uttar Pradesh,Zaid,1.19,848.6,29.5,70.0,7.55,110.3,51.6,75.5,165.6,85.27
Sugarcane,Gujarat,Zaid,4.99,679.3,40.0,44.3,6.25,165.2,24.7,88.0,88.3,83.87
Groundnut,Andhra Pradesh,Kharif,1.48,776.5,31.1,56.5,6.77,176.2,65.0,111.6,99.8,2.67
Pulses,Haryana,Zaid,2.86,670.3,39.1,50.0,6.08,136.5,76.6,60.8,34.4,1.81
Sugarcane,Gujarat,Rabi,2.49,282.4,29.7,72.2,6.67,145.6,,200.3,145.0,94.04
Pulses,Karnataka,Zaid,6.24,1174.8,27.3,74.3,6.57,68.7,43.3,65.2,171.7,1.63
Potato,Punjab,Kharif,3.42,628.8,24.9,68.6,6.48,116.2,74.7,87.6,157.8,29.11
Potato,Karnataka,Kharif,4.71,1398.0,30.0,60.7,6.29,135.0,37.4,86.0,190.2,25.09
Sugarcane,Uttar Pradesh,Rabi,1.09,1077.1,25.9,68.7,4.8,154.4,50.6,95.8,161.9,100.2
Groundnut,Punjab,Zaid,2.11,250.0,37.3,44.0,7.02,119.5,60.7,97.1,128.9,2.66
Wheat,West Bengal,Rabi,2.52,750.9,36.5,66.8,8.04,122.5,43.6,122.3,102.0,3.78
Wheat,Gujarat,Kharif,4.54,580.5,24.8,56.0,7.29,140.4,46.2,75.6,145.7,4.19
Wheat,Haryana,Kharif,2.99,1090.9,18.9,73.8,5.88,158.9,109.0,121.1,260.0,4.89
Rice,Tamil Nadu,Kharif,7.64,250.0,18.9,62.6,5.72,112.1,44.9,86.7,159.1,5.3
Potato,Maharashtra,Rabi,3.1,716.6,26.7,57.7,5.63,89.6,49.8,151.0,176.0,27.44
Sugarcane,Punjab,Rabi,2.05,548.3,23.5,71.7,5.85,131.1,61.2,82.7,114.2,100.62
Rice,Haryana,Zaid,7.13,1670.8,20.8,64.8,7.45,127.4,81.2,100.2,228.1,4.54
Pulses,Haryana,Rabi,3.59,720.4,34.7,,7.44,112.8,70.6,50.2,190.8,2.03
Rice,West Bengal,Kharif,6.06,1025.2,37.4,95.0,7.18,161.1,68.2,87.9,92.6,4.58
Pulses,Karnataka,Zaid,3.95,760.6,37.8,72.0,7.3,76.2,53.8,151.9,60.9,1.38
Rice,Madhya Pradesh,Rabi,1.02,981.9,20.6,59.5,6.98,120.9,74.5,30.0,,4.53
Sugarcane,Andhra Pradesh,Kharif,7.02,1553.1,26.7,64.8,5.63,100.5,28.3,38.3,138.6,86.79
Sugarcane,Tamil Nadu,Kharif,2.92,868.0,33.6,57.3,6.68,173.8,29.4,93.1,112.5,108.43
Pulses,Tamil Nadu,Rabi,5.52,753.9,29.9,,6.44,159.0,50.4,89.9,50.7,1.66
Pulses,Andhra Pradesh,Kharif,3.41,732.6,29.0,66.1,6.68,126.4,15.0,93.3,138.0,1.73
Pulses,Uttar Pradesh,Rabi,6.57,1113.9,30.9,49.8,6.12,167.3,72.8,124.3,168.6,1.86
Wheat,Karnataka,Rabi,2.79,569.0,,66.4,7.22,179.2,25.3,102.4,83.9,3.78
Maize,Uttar Pradesh,Zaid,6.03,715.5,23.9,61.0,6.39,115.2,69.5,84.0,149.8,5.12
Maize,Andhra Pradesh,Zaid,4.39,697.7,28.7,72.6,8.2,45.5,74.7,105.5,20.0,3.76
Rice,West Bengal,Zaid,7.89,306.7,32.3,51.6,6.1,189.7,44.4,132.2,239.6,4.49
Wheat,Gujarat,Rabi,3.45,1100.8,30.8,60.6,7.02,86.0,,96.9,94.7,4.54
Sugarcane,Gujarat,Zaid,6.96,541.4,23.0,76.4,7.17,152.7,46.7,81.9,32.4,90.8
Wheat,Karnataka,Rabi,6.21,946.7,31.0,58.9,8.2,40.0,47.1,180.0,55.3,4.12
Sugarcane,Gujarat,Zaid,4.13,706.1,31.5,72.5,6.37,140.9,15.0,109.5,154.9,92.94
Potato,Madhya Pradesh,Rabi,1.52,414.4,34.0,81.1,5.53,100.5,47.5,109.0,81.9,26.09
Groundnut,Tamil Nadu,Rabi,5.77,1078.0,34.8,80.8,7.5,168.8,59.1,141.2,114.5,2.83
Wheat,Madhya Pradesh,Zaid,8.87,563.6,31.3,62.3,6.76,64.4,96.4,100.1,230.7,4.3
Rice,West Bengal,Kharif,1.05,427.9,23.4,87.7,5.97,95.2,77.9,96.3,140.9,4.18
Groundnut,Andhra Pradesh,Zaid,3.66,952.0,20.7,74.3,5.66,187.0,62.5,45.0,285.8,2.98
Rice,Maharashtra,Rabi,5.33,1047.6,32.5,79.2,6.0,115.1,57.1,54.1,173.2,4.2
Wheat,Karnataka,Kharif,1.46,1472.2,28.6,68.5,6.09,40.0,39.9,102.8,176.1,3.52
Pulses,Karnataka,Rabi,3.04,1167.2,31.0,86.0,5.88,152.0,46.9,142.9,221.8,1.75
Maize,Uttar Pradesh,Zaid,1.92,731.8,25.6,65.1,6.76,168.1,53.5,63.4,120.5,5.07
Cotton,Madhya Pradesh,Zaid,9.56,1376.1,30.8,74.4,7.89,115.3,77.8,101.7,165.5,2.17
Pulses,Maharashtra,Kharif,4.41,1494.2,16.5,74.1,6.13,73.4,46.1,61.5,95.7,1.52
Groundnut,West Bengal,Rabi,4.66,1049.4,20.2,62.6,8.02,107.0,21.2,119.4,151.6,2.82
Sugarcane,Haryana,Zaid,4.95,801.2,34.7,55.7,6.88,130.3,40.6,,155.3,93.48
Maize,Karnataka,Kharif,5.17,863.3,26.0,67.2,6.58,84.0,67.7,124.3,173.4,5.36
Wheat,Karnataka,Zaid,8.35,1017.9,29.6,48.4,5.87,150.8,65.8,86.3,148.0,4.11
Wheat,Gujarat,Zaid,5.01,582.5,28.7,46.2,7.75,206.2,59.3,107.4,124.5,4.15
Groundnut,Haryana,Rabi,3.11,1117.1,26.2,78.3,6.4,169.5,59.9,155.8,180.9,3.13
Cotton,Maharashtra,Rabi,2.11,1176.9,25.8,95.0,7.45,167.7,54.0,147.1,129.0,2.67
Rice,Uttar Pradesh,Rabi,1.14,,26.7,72.3,6.24,232.2,77.6,83.7,251.2,5.15
Cotton,Karnataka,Rabi,8.32,996.0,30.2,68.7,6.94,105.5,20.8,96.0,186.8,2.69
Wheat,West Bengal,Rabi,3.48,786.9,26.2,95.0,6.25,135.0,39.0,58.5,192.3,4.44
Wheat,West Bengal,Rabi,3.43,496.3,30.5,71.0,6.79,143.5,38.5,143.2,143.1,4.22
Wheat,Haryana,Kharif,3.87,889.0,25.4,81.6,6.73,76.1,35.5,65.0,263.2,5.1
Cotton,Karnataka,Zaid,3.98,760.0,25.5,80.8,6.4,116.5,61.0,127.7,215.1,2.42
Rice,Madhya Pradesh,Zaid,5.85,978.5,15.0,64.8,7.29,113.5,48.3,72.3,161.7,4.17
Pulses,Andhra Pradesh,Kharif,2.94,785.6,35.9,71.1,6.89,140.2,45.6,190.8,198.3,1.92
Potato,Tamil Nadu,Zaid,2.67,706.0,21.8,49.9,6.16,101.7,76.1,177.0,149.2,25.94
Rice,Haryana,Rabi,1.11,906.6,22.2,64.1,6.01,190.0,47.1,81.1,177.0,5.18
Maize,Haryana,Rabi,3.74,702.5,27.3,59.6,6.34,105.9,38.0,113.7,113.7,5.57
Potato,Andhra Pradesh,Rabi,3.03,776.6,15.5,40.8,5.12,182.6,49.9,52.1,94.4,27.08
Potato,Haryana,Kharif,1.26,992.0,22.0,43.5,6.22,123.3,59.2,31.0,137.3,29.31
Cotton,Maharashtra,Zaid,5.06,1448.3,21.2,63.2,6.68,68.2,55.7,171.6,106.4,1.85
Sugarcane,Punjab,Rabi,7.72,385.7,18.5,75.4,7.44,117.3,85.3,73.4,105.8,106.19
Groundnut,Punjab,Kharif,5.33,454.4,23.7,58.8,6.6,155.3,34.5,155.8,142.1,3.06
Pulses,Tamil Nadu,Rabi,6.77,890.7,26.5,87.5,6.55,95.3,61.2,76.8,133.3,1.86
Potato,Tamil Nadu,Kharif,4.12,736.6,32.7,81.1,6.99,123.8,61.3,116.8,200.2,28.49
Pulses,Punjab,Rabi,6.1,995.8,33.6,95.0,6.44,169.3,76.5,112.8,147.4,1.97
Cotton,Andhra Pradesh,Rabi,10.49,826.1,21.3,51.7,6.39,120.9,49.0,155.0,174.0,2.79
Wheat,Karnataka,Zaid,5.59,673.6,26.7,70.7,7.43,182.7,29.9,65.5,208.5,3.64
Wheat,Gujarat,Rabi,3.36,1098.5,31.6,66.0,7.25,145.7,83.0,123.8,121.9,4.39
Potato,West Bengal,Kharif,4.06,1132.2,35.6,72.9,6.78,71.7,44.8,121.1,86.8,28.15
Rice,Punjab,Kharif,6.24,1076.5,27.7,58.9,7.26,164.9,63.0,112.5,164.5,5.29
Rice,Gujarat,Zaid,4.84,778.7,20.4,68.9,7.22,93.4,56.6,108.1,20.0,4.18
Groundnut,Tamil Nadu,Kharif,5.24,1246.9,21.0,76.9,6.55,70.0,25.7,43.0,108.6,2.77
Potato,West Bengal,Zaid,2.24,976.7,34.2,45.7,7.61,106.9,39.6,134.8,171.2,23.82
Sugarcane,West Bengal,Zaid,6.35,530.7,30.6,72.7,7.27,95.2,50.1,125.5,230.3,79.43
Wheat,Tamil Nadu,Zaid,8.4,577.4,19.3,50.7,7.1,64.0,40.7,63.2,233.2,3.81
Potato,Karnataka,Rabi,4.58,297.6,23.8,65.2,6.13,105.1,46.2,149.8,116.7,24.36
Rice,Karnataka,Rabi,3.76,613.2,23.4,73.1,7.25,181.9,,31.0,153.7,4.13
Sugarcane,Maharashtra,Kharif,8.37,703.3,29.9,57.2,7.14,46.2,46.2,55.9,65.6,86.82
Pulses,Tamil Nadu,Kharif,6.89,1053.6,22.6,55.4,6.81,156.8,36.8,61.9,118.0,1.69
Groundnut,Maharashtra,Zaid,2.94,1691.6,28.7,57.8,6.77,101.7,34.0,107.5,75.6,2.1
Sugarcane,Haryana,Kharif,3.07,358.2,35.6,57.3,6.87,238.0,68.1,95.3,90.6,104.74
Rice,Punjab,Kharif,2.34,504.5,25.7,77.5,6.23,134.0,67.8,122.4,96.7,4.39
Sugarcane,Andhra Pradesh,Kharif,6.87,631.8,28.8,83.8,7.46,73.1,52.4,74.3,157.1,102.1
Cotton,Andhra Pradesh,Zaid,9.33,1077.3,22.6,72.1,6.92,160.3,49.9,152.4,119.9,2.43
Cotton,Punjab,Zaid,7.83,793.9,25.4,75.1,7.05,64.7,77.2,30.0,229.2,2.55
Wheat,West Bengal,Kharif,1.66,560.8,29.3,76.0,6.8,119.1,70.7,76.6,55.1,4.08
Potato,Uttar Pradesh,Zaid,3.32,1338.8,22.2,72.3,6.86,147.7,35.7,100.0,20.0,24.06
Wheat,Madhya Pradesh,Rabi,9.36,1150.7,27.3,58.6,6.65,93.1,65.7,114.8,141.9,4.24
Pulses,Tamil Nadu,Kharif,1.39,423.9,25.9,52.3,5.73,163.9,39.6,91.5,84.9,1.67
Groundnut,Punjab,Rabi,4.27,1188.9,29.1,64.3,6.33,119.4,37.3,128.7,183.3,2.99
Potato,Tamil Nadu,Zaid,2.66,889.0,27.7,57.5,6.1,141.6,64.6,51.3,200.9,24.73
Groundnut,Haryana,Zaid,2.38,1086.9,31.8,90.7,7.09,161.6,43.7,75.7,183.3,2.76
Rice,Andhra Pradesh,Kharif,1.22,956.1,23.9,74.1,6.82,120.1,40.8,73.5,92.4,4.46
Cotton,Madhya Pradesh,Zaid,3.63,312.1,27.3,62.1,7.23,135.5,78.9,116.7,148.2,2.17
Sugarcane,Uttar Pradesh,Kharif,3.26,1047.6,30.0,50.1,6.84,137.4,39.9,156.5,32.1,94.91
Pulses,Gujarat,Zaid,2.05,805.4,26.4,67.4,7.19,108.3,64.0,98.5,126.8,1.56
Cotton,Madhya Pradesh,Kharif,2.15,507.9,31.2,51.0,5.51,152.9,78.2,186.9,122.7,2.64
Potato,Maharashtra,Zaid,2.02,960.4,16.2,71.1,6.3,155.0,18.2,177.6,134.3,22.3
Sugarcane,West Bengal,Kharif,2.82,565.2,29.3,52.0,7.9,41.7,30.2,92.5,84.0,101.27
Cotton,Gujarat,Zaid,7.4,1082.5,25.9,76.0,6.31,159.3,71.6,155.1,41.5,2.6
Cotton,Maharashtra,Kharif,8.81,1327.9,26.0,65.6,7.28,111.4,65.0,77.4,139.6,2.79
Groundnut,Punjab,Kharif,5.94,845.6,33.8,59.2,7.43,168.3,34.1,103.6,156.2,3.16
Rice,Karnataka,Zaid,6.55,870.2,31.3,62.7,6.67,157.4,38.3,100.0,183.7,4.32
Sugarcane,Maharashtra,Kharif,2.22,766.9,29.5,73.9,6.4,118.1,73.1,102.4,155.7,102.21
Sugarcane,Maharashtra,Rabi,2.14,586.1,22.0,83.8,6.52,116.3,49.6,156.3,20.0,89.51
Groundnut,Maharashtra,Kharif,4.51,1089.4,20.4,70.4,6.8,165.9,44.3,114.9,148.8,2.98
Groundnut,Punjab,Kharif,1.89,471.0,27.9,64.4,6.02,172.2,91.4,64.8,200.4,2.86
Wheat,Andhra Pradesh,Rabi,5.28,847.1,32.5,79.8,7.65,98.9,50.4,139.2,51.9,4.19
Groundnut,Uttar Pradesh,Rabi,4.2,706.7,26.8,78.6,6.77,185.3,25.4,102.4,217.6,3.01
Cotton,Haryana,Kharif,3.45,549.5,33.4,68.3,6.61,136.8,50.4,74.7,143.5,2.61
Wheat,Punjab,Kharif,2.44,728.5,18.9,62.4,6.59,144.6,19.9,34.8,150.5,4.48
Potato,Punjab,Kharif,3.36,1436.9,29.7,53.6,6.46,148.6,,91.9,209.7,29.95
Sugarcane,Karnataka,Zaid,7.35,250.0,30.0,74.6,5.03,136.4,49.8,165.2,194.3,75.33
Potato,Uttar Pradesh,Rabi,4.66,1082.0,21.0,66.0,6.49,117.6,53.9,126.6,144.5,27.26
Potato,Andhra Pradesh,Kharif,2.19,1153.3,34.3,66.2,7.53,173.2,46.3,78.3,237.1,27.63
Potato,Punjab,Kharif,3.32,1082.9,24.5,64.6,6.44,118.8,63.8,171.2,122.1,29.29
Pulses,Maharashtra,Rabi,5.84,786.5,25.4,63.7,5.97,78.4,76.3,58.8,,1.64
Pulses,Madhya Pradesh,Rabi,4.7,877.2,27.7,59.9,6.87,40.7,46.7,68.7,192.9,1.73
Cotton,Karnataka,Kharif,2.99,273.3,31.7,58.4,7.1,82.8,81.0,114.4,199.0,2.47
Sugarcane,Gujarat,Rabi,7.3,637.6,22.2,55.3,5.48,119.9,40.0,113.3,198.1,105.88
Pulses,Punjab,Kharif,6.78,1038.9,33.2,65.0,6.7,137.3,67.5,111.4,184.6,2.04
Rice,Tamil Nadu,Kharif,5.53,989.0,26.8,47.5,6.28,102.0,30.8,132.4,154.6,4.5
Rice,Uttar Pradesh,Zaid,4.48,826.3,22.9,76.8,5.77,120.9,48.6,109.1,122.5,3.9
Potato,West Bengal,Zaid,1.92,1025.4,29.5,92.1,7.05,141.6,83.3,79.7,210.2,27.23
Maize,Punjab,Rabi,3.96,1573.0,28.9,65.6,6.57,48.9,76.1,71.4,69.2,5.07
Rice,Karnataka,Kharif,2.32,474.5,31.1,76.5,7.69,121.2,69.9,84.2,152.7,4.19
Sugarcane,Uttar Pradesh,Kharif,7.61,1254.2,33.1,62.9,7.33,165.3,78.6,130.6,129.2,114.83
Pulses,Andhra Pradesh,Rabi,6.1,1013.2,31.3,48.7,7.52,164.2,73.3,94.8,181.4,1.89
Rice,Punjab,Zaid,5.05,311.8,28.2,56.8,7.22,185.8,53.2,115.6,158.4,4.31
Wheat,Andhra Pradesh,Rabi,2.5,250.0,29.5,79.8,7.0,95.9,51.3,57.5,128.0,4.07
Cotton,Andhra Pradesh,Rabi,10.68,1004.0,31.1,89.3,6.9,85.0,45.2,107.0,119.7,2.48
Cotton,Punjab,Zaid,8.06,651.5,22.0,77.3,5.9,245.1,55.5,126.5,20.0,2.38
Cotton,Haryana,Rabi,6.09,1086.7,23.7,79.9,6.76,150.5,70.2,130.2,119.9,2.87
Cotton,Maharashtra,Rabi,5.18,1103.9,28.7,67.9,6.24,155.8,55.2,89.6,100.4,2.61
Sugarcane,Gujarat,Kharif,8.48,1157.8,15.0,75.5,7.18,41.1,86.8,93.5,127.3,100.17
Maize,Uttar Pradesh,Zaid,3.83,865.2,27.4,80.9,6.7,117.5,79.0,102.6,124.1,5.16
Sugarcane,West Bengal,Kharif,3.6,250.0,23.0,72.1,6.43,120.6,58.9,44.4,148.1,97.17
Wheat,Uttar Pradesh,Kharif,8.11,1451.6,23.4,50.2,7.07,185.2,61.6,79.9,201.4,4.64
Rice,Gujarat,Zaid,7.32,660.4,23.3,83.3,6.47,120.9,29.0,54.3,203.2,4.02
Pulses,Maharashtra,Kharif,3.31,857.9,19.2,58.1,7.01,143.8,83.9,134.5,120.1,1.74
Wheat,Gujarat,Kharif,8.04,568.0,26.7,66.8,7.61,126.4,72.8,106.1,152.3,4.67
Pulses,Uttar Pradesh,Rabi,4.02,805.8,21.1,75.3,6.63,114.2,86.2,98.4,162.8,1.85
Groundnut,Uttar Pradesh,Zaid,4.59,718.1,21.3,59.7,6.42,115.0,120.0,112.0,201.2,2.87
Sugarcane,Haryana,Rabi,1.53,1016.1,30.2,69.0,7.23,108.7,42.9,58.3,93.3,97.48
Rice,Andhra Pradesh,Rabi,7.18,1091.4,27.6,71.6,6.18,168.5,38.1,138.9,107.0,4.65
Groundnut,Haryana,Rabi,2.22,542.4,30.2,78.4,,105.5,36.7,188.8,207.5,3.16
Maize,West Bengal,Kharif,1.94,988.9,23.5,44.8,6.81,101.9,51.9,78.5,136.1,5.47
Sugarcane,Tamil Nadu,Zaid,4.3,757.5,18.7,46.0,6.2,133.4,60.1,81.7,278.1,82.17
Groundnut,Maharashtra,Kharif,1.89,1404.7,23.7,80.9,6.74,40.0,59.2,106.1,130.1,2.74
Pulses,Tamil Nadu,Rabi,6.07,897.8,29.2,66.4,6.66,140.8,70.9,101.9,87.2,1.8
Sugarcane,Andhra Pradesh,Rabi,3.65,932.6,18.9,43.8,7.0,217.3,42.6,108.7,215.0,99.26
Wheat,West Bengal,Zaid,7.91,788.5,26.0,66.1,7.14,148.3,22.5,117.6,132.9,4.01
Rice,West Bengal,Zaid,5.61,726.8,27.1,61.1,6.88,80.2,79.2,59.3,167.6,4.57
Groundnut,Uttar Pradesh,Zaid,5.84,855.6,19.6,75.4,6.99,143.5,50.1,,129.8,2.62
Rice,Maharashtra,Rabi,2.7,1073.6,25.6,69.4,6.95,193.0,38.8,133.7,113.5,5.05
Sugarcane,Gujarat,Zaid,5.28,1068.9,24.7,81.0,7.04,154.2,32.7,171.1,83.3,97.58
Maize,Punjab,Zaid,2.46,721.8,31.0,86.5,7.04,79.6,56.6,103.0,111.3,4.86
Wheat,Madhya Pradesh,Kharif,5.74,1469.3,20.2,61.5,6.32,154.4,74.4,120.0,37.6,4.15
Sugarcane,Andhra Pradesh,Zaid,7.58,1045.2,31.6,67.7,7.25,168.9,15.0,161.6,185.2,99.13
Wheat,West Bengal,Zaid,2.49,944.7,28.1,77.9,6.93,109.2,61.6,83.4,182.8,4.28
Cotton,Tamil Nadu,Zaid,3.9,698.5,28.3,84.2,6.97,149.6,64.6,75.4,108.0,2.27
Groundnut,Maharashtra,Rabi,3.11,1471.6,27.8,66.2,7.23,140.7,59.2,215.6,230.8,2.71
Rice,Haryana,Kharif,2.93,1054.0,,58.2,5.74,142.8,46.0,180.7,150.9,4.97
Maize,Andhra Pradesh,Kharif,1.99,1197.9,24.7,57.2,6.86,92.6,38.0,73.9,230.2,5.06
Sugarcane,Punjab,Rabi,3.65,976.0,29.0,63.2,7.52,113.1,50.9,114.9,249.4,118.75
Cotton,Maharashtra,Kharif,9.98,889.3,22.2,67.4,7.73,98.0,46.7,69.0,196.9,2.74
Maize,Uttar Pradesh,Zaid,3.82,1108.1,23.1,64.3,6.8,149.4,43.9,85.4,112.7,5.16
Cotton,Andhra Pradesh,Zaid,10.1,408.9,18.6,60.0,6.65,82.4,41.3,72.2,260.5,2.46
Maize,West Bengal,Rabi,4.98,,23.7,55.1,6.97,82.4,58.5,77.9,144.0,5.04
Cotton,Maharashtra,Rabi,5.62,1234.8,29.0,59.9,6.44,45.9,33.4,74.3,130.2,2.43
Maize,Punjab,Kharif,5.05,305.0,33.7,86.2,6.61,40.0,28.5,94.1,125.7,5.42
Pulses,Andhra Pradesh,Zaid,6.16,294.2,27.0,69.6,4.83,106.9,44.2,116.7,120.2,1.56
Groundnut,Tamil Nadu,Rabi,2.97,945.1,26.5,60.0,7.68,185.6,41.5,106.7,176.8,3.24
Rice,Gujarat,Zaid,1.87,742.9,23.1,67.6,5.94,176.3,67.1,85.5,63.8,4.21
Sugarcane,Uttar Pradesh,Kharif,5.06,531.6,23.7,57.1,6.51,99.7,45.2,93.5,125.1,100.49
Cotton,Madhya Pradesh,Kharif,4.13,685.4,26.4,79.5,7.91,191.7,67.7,84.5,273.7,2.73
Rice,Maharashtra,Kharif,6.7,1067.5,25.1,65.4,8.14,68.6,67.8,140.1,106.5,4.49
Pulses,Punjab,Zaid,5.94,1215.4,19.0,,7.63,133.5,62.4,188.4,108.7,1.82
Rice,West Bengal,Rabi,2.55,1222.0,32.5,79.7,5.85,150.8,71.7,108.3,154.8,4.45
Maize,Karnataka,Kharif,4.93,977.7,35.2,78.5,6.02,118.2,48.8,137.5,215.8,4.81
Potato,Gujarat,Rabi,2.43,857.8,33.8,,7.56,208.7,42.6,109.6,125.7,29.11
Sugarcane,Maharashtra,Rabi,1.73,878.8,15.0,54.0,7.05,104.4,81.1,98.2,213.4,101.97
Pulses,Punjab,Zaid,3.38,1631.0,23.7,56.1,6.91,99.3,38.9,140.7,144.4,1.75
Cotton,Andhra Pradesh,Rabi,6.58,,20.0,51.2,5.97,92.3,55.2,88.9,188.1,2.35
Cotton,West Bengal,Zaid,11.73,570.3,16.2,74.9,6.07,80.3,72.6,155.0,145.7,2.19
Groundnut,Karnataka,Kharif,5.07,546.3,22.9,86.9,6.58,73.5,43.0,71.2,53.6,2.69
Wheat,Tamil Nadu,Rabi,8.98,830.9,20.5,60.6,5.39,143.9,91.9,44.1,160.9,4.39
Cotton,Gujarat,Zaid,2.54,743.4,24.6,82.3,6.82,175.9,82.9,88.7,114.3,2.28
Groundnut,Karnataka,Zaid,4.02,969.7,28.2,74.0,6.61,87.5,34.2,69.9,146.2,2.31
Sugarcane,Tamil Nadu,Zaid,1.95,832.1,35.1,61.1,7.09,125.2,102.8,30.0,80.3,89.81
Cotton,Tamil Nadu,Rabi,7.29,706.2,25.8,68.9,7.74,144.8,37.5,80.5,48.2,2.41
Wheat,Madhya Pradesh,Rabi,6.99,1271.3,22.7,62.1,8.08,142.2,55.5,82.1,182.7,4.04
Rice,Maharashtra,Zaid,7.51,591.4,26.0,63.9,7.81,177.9,48.6,122.0,135.7,3.86
Potato,Punjab,Zaid,1.37,767.0,31.2,57.9,7.03,126.5,58.5,108.8,193.0,26.87
Maize,Haryana,Rabi,4.94,1087.2,30.7,60.6,7.04,112.1,15.0,130.4,169.5,5.2
Cotton,Maharashtra,Rabi,5.53,658.9,27.8,85.9,6.72,57.7,34.8,112.4,226.1,2.41
Pulses,Gujarat,Zaid,1.67,,27.2,89.8,6.33,153.5,29.6,92.2,120.5,1.63
Groundnut,Karnataka,Kharif,5.15,929.1,24.9,66.2,7.19,134.0,44.1,114.8,85.6,2.67
Potato,West Bengal,Kharif,1.99,1165.1,18.6,85.9,6.91,121.3,43.3,95.1,166.8,30.41
Groundnut,Madhya Pradesh,Kharif,5.12,603.9,22.8,51.4,6.55,110.9,41.7,83.8,177.1,2.79
Groundnut,Tamil Nadu,Zaid,5.77,936.2,30.7,56.3,7.79,80.1,30.9,96.3,229.5,2.38
Cotton,Haryana,Kharif,6.9,1102.2,23.7,56.5,6.79,137.6,62.9,141.3,183.4,2.99
Rice,Maharashtra,Kharif,7.0,530.3,23.2,69.3,8.2,86.7,67.9,80.7,133.0,4.51
Potato,Gujarat,Zaid,0.9,,25.0,56.1,7.07,114.1,52.6,130.7,71.3,22.0
Rice,Andhra Pradesh,Kharif,1.14,,21.8,68.2,7.18,85.2,49.5,73.5,195.7,4.31
Potato,Andhra Pradesh,Kharif,3.63,993.9,19.6,73.8,6.28,166.8,34.4,74.8,70.0,27.6
Groundnut,Andhra Pradesh,Rabi,3.49,1103.6,36.7,79.2,7.43,122.1,63.3,99.0,193.7,2.71
Groundnut,West Bengal,Kharif,5.68,962.6,31.1,42.4,6.82,147.0,42.6,70.7,150.5,2.8
Potato,Haryana,Kharif,1.44,851.8,19.7,69.5,6.39,136.6,34.1,122.1,133.1,30.31
Cotton,Gujarat,Rabi,6.93,967.0,36.4,71.9,7.37,134.0,29.9,130.9,152.4,2.5
Sugarcane,Karnataka,Rabi,4.78,797.4,24.8,74.5,7.64,200.7,68.7,66.6,132.8,87.13
Maize,Punjab,Zaid,4.28,792.4,34.4,95.0,7.4,118.4,61.1,89.4,184.5,4.81
Wheat,Tamil Nadu,Rabi,1.68,627.4,25.8,74.0,5.83,58.7,42.3,41.9,218.3,4.4
Maize,Karnataka,Kharif,4.19,842.9,22.2,53.7,6.63,77.4,51.5,87.1,114.5,5.15
Wheat,Gujarat,Rabi,8.39,856.4,24.2,58.1,6.44,76.2,32.3,126.1,156.1,4.22
Rice,Gujarat,Rabi,6.96,626.5,26.0,73.5,6.71,142.4,24.5,99.0,49.4,4.83
Cotton,Maharashtra,Zaid,10.39,1048.7,22.5,75.8,5.54,240.2,55.5,85.3,,2.16
Rice,Punjab,Rabi,5.49,1211.1,22.5,50.3,6.76,162.5,81.7,126.2,171.4,4.85
Wheat,Maharashtra,Kharif,3.21,1064.2,19.6,69.5,5.52,185.7,60.4,108.1,133.6,4.17
Groundnut,Andhra Pradesh,Rabi,4.66,835.7,31.8,62.9,6.84,106.4,28.3,159.9,127.7,3.14
Cotton,Punjab,Rabi,4.08,409.4,27.0,83.3,7.75,175.4,78.5,79.3,184.3,2.6
Rice,Tamil Nadu,Zaid,2.23,1044.6,25.1,72.4,5.72,165.6,50.2,125.9,185.2,4.55
Potato,Haryana,Rabi,4.02,652.6,37.0,41.3,7.37,158.7,59.2,74.1,163.7,28.13
Rice,Andhra Pradesh,Zaid,1.37,,29.0,81.6,5.47,145.2,41.0,145.6,259.8,4.14
Sugarcane,Uttar Pradesh,Kharif,4.18,1050.7,28.3,57.6,7.37,109.8,70.0,105.9,58.3,99.25
Groundnut,Karnataka,Kharif,1.3,741.8,30.0,67.6,8.01,173.8,66.2,126.1,56.5,2.91
Maize,Madhya Pradesh,Rabi,6.98,1083.3,19.7,74.1,7.62,65.0,46.7,139.0,111.2,4.76
Maize,Uttar Pradesh,Kharif,6.85,527.1,31.8,54.0,6.33,,74.9,59.8,192.0,
Pulses,Uttar Pradesh,Zaid,6.44,966.3,21.0,73.8,7.28,94.5,65.0,30.0,244.5,1.79
Groundnut,West Bengal,Zaid,5.69,484.6,30.7,62.2,6.98,126.9,63.2,132.3,20.0,2.6
Wheat,Punjab,Rabi,5.3,1120.7,21.8,49.0,6.16,137.5,65.6,58.8,136.1,4.69
Wheat,Karnataka,Zaid,8.46,1146.1,26.7,88.9,6.14,138.9,62.2,83.6,192.2,3.93
Rice,West Bengal,Rabi,6.05,925.4,26.0,63.8,6.99,212.8,39.6,113.2,55.6,4.94
Wheat,Uttar Pradesh,Zaid,2.23,364.4,32.0,86.0,7.69,194.4,45.0,69.6,129.8,3.38
Potato,Madhya Pradesh,Zaid,2.87,674.2,32.9,58.4,6.67,144.8,74.9,,133.7,23.63
Groundnut,Madhya Pradesh,Rabi,1.07,1090.1,29.9,,7.74,112.0,59.4,70.6,201.9,2.69
Rice,Tamil Nadu,Kharif,5.07,479.4,24.6,75.0,6.84,104.8,59.4,197.5,151.8,4.99
Maize,Andhra Pradesh,Zaid,2.32,936.8,20.3,58.9,6.65,95.8,62.6,129.3,182.1,4.56
Potato,Andhra Pradesh,Rabi,1.03,741.6,22.5,75.9,7.14,133.3,69.4,166.8,170.1,27.51
Rice,Maharashtra,Kharif,1.83,870.3,22.5,73.2,7.18,126.4,50.9,116.0,127.3,3.98
Maize,Gujarat,Rabi,5.45,752.1,32.8,77.0,6.75,105.1,88.2,168.6,50.9,4.75
Wheat,Tamil Nadu,Zaid,6.17,720.6,19.0,56.5,7.53,140.5,50.8,114.6,175.4,4.16
Wheat,Andhra Pradesh,Zaid,4.07,250.0,32.0,84.1,6.28,123.3,61.0,125.3,63.7,3.82
Groundnut,West Bengal,Zaid,5.06,583.4,37.3,70.3,6.29,171.4,34.8,95.8,163.3,2.23
Sugarcane,Madhya Pradesh,Rabi,2.86,818.7,23.9,78.4,8.05,184.3,41.8,68.3,109.7,91.52
Pulses,Maharashtra,Kharif,6.92,482.0,23.9,80.5,7.37,193.6,42.4,103.0,161.2,1.85
Cotton,Uttar Pradesh,Rabi,11.18,661.4,27.2,65.2,5.61,102.5,36.8,136.6,118.3,2.52
Groundnut,Haryana,Rabi,4.43,1315.0,27.0,60.7,8.2,65.1,42.3,43.7,163.1,2.83
Cotton,Karnataka,Zaid,3.59,266.5,26.0,57.2,7.25,40.8,70.4,59.8,146.7,2.08
Rice,Maharashtra,Kharif,1.32,735.3,20.1,81.7,7.49,96.2,51.3,103.7,66.9,4.33
Potato,Gujarat,Zaid,4.21,904.0,25.8,68.5,6.56,40.0,61.1,129.5,148.6,25.25
Cotton,Punjab,Kharif,10.24,698.7,33.6,60.7,7.1,146.1,51.9,132.0,152.5,2.9
Cotton,Karnataka,Zaid,7.52,603.7,29.7,63.1,5.99,126.8,48.8,155.3,154.9,2.29
Sugarcane,Uttar Pradesh,Zaid,7.54,937.1,28.1,58.5,6.59,40.0,40.7,170.2,156.1,98.52
Maize,Haryana,Rabi,4.0,1142.7,23.9,75.0,5.8,158.0,66.9,137.6,30.1,5.45
Sugarcane,Andhra Pradesh,Kharif,3.51,1266.2,26.9,88.1,7.45,141.3,85.1,147.9,193.7,107.2
Cotton,West Bengal,Zaid,9.83,601.8,18.3,49.9,6.93,172.3,80.7,53.0,199.7,2.2
Pulses,Gujarat,Rabi,6.31,420.1,30.2,64.6,7.73,197.4,76.9,145.3,71.2,1.73
Wheat,Punjab,Rabi,2.34,834.1,24.9,34.4,6.25,117.6,57.8,73.4,133.8,4.8
Maize,Tamil Nadu,Rabi,2.24,901.5,23.5,62.2,6.45,201.6,84.6,58.6,120.9,5.37
Cotton,Andhra Pradesh,Rabi,9.63,985.2,28.2,86.5,7.04,76.7,68.0,88.1,160.8,2.76
Wheat,Tamil Nadu,Kharif,2.59,868.9,33.9,63.5,5.58,160.4,87.1,114.9,122.2,4.31
Rice,West Bengal,Zaid,5.27,1148.2,29.2,59.7,6.39,172.1,52.0,93.7,66.4,4.2
Sugarcane,Maharashtra,Kharif,3.32,1179.4,24.5,87.3,6.25,154.4,61.2,75.3,219.1,100.97
Pulses,Haryana,Zaid,4.47,792.7,32.9,68.6,7.04,122.0,49.1,59.2,122.1,1.69
Sugarcane,Tamil Nadu,Kharif,4.65,250.0,26.1,73.9,5.94,88.3,49.6,72.4,139.1,107.87
Potato,Tamil Nadu,Zaid,2.27,1380.9,25.7,61.8,5.99,117.5,55.2,93.9,90.4,24.53
Cotton,Maharashtra,Kharif,4.84,637.2,25.0,72.1,5.88,157.7,40.4,125.5,84.2,2.28
Wheat,Andhra Pradesh,Zaid,7.06,828.3,26.8,69.4,7.31,63.3,38.1,60.2,300.0,4.31
Cotton,Punjab,Kharif,4.13,503.1,23.0,54.2,6.23,110.0,73.7,86.1,117.9,2.88
Rice,Karnataka,Kharif,5.44,1324.8,24.7,62.2,6.24,74.0,53.3,100.0,126.6,4.08
Cotton,Haryana,Kharif,7.93,579.4,26.6,72.2,6.89,139.7,30.5,90.1,122.6,3.01
Pulses,Tamil Nadu,Rabi,1.71,250.0,32.2,48.9,6.5,129.2,61.3,118.4,136.9,1.6
Potato,Karnataka,Rabi,3.25,773.0,26.2,65.2,5.88,135.4,20.8,153.4,66.5,25.51
Rice,Tamil Nadu,Rabi,4.05,671.3,29.2,71.6,6.87,79.5,64.5,118.4,98.1,4.66
Pulses,Tamil Nadu,Kharif,2.97,1156.2,24.5,42.5,8.2,89.1,63.3,125.7,151.4,1.62
Pulses,Tamil Nadu,Kharif,5.35,589.4,28.9,57.0,,189.9,15.0,134.5,192.0,1.72
Cotton,Uttar Pradesh,Kharif,7.41,1133.1,24.0,54.3,6.46,186.0,101.2,96.0,32.2,2.71
Sugarcane,Andhra Pradesh,Kharif,5.63,437.9,20.9,71.8,5.74,182.2,67.7,112.5,193.7,96.3
Sugarcane,Andhra Pradesh,Kharif,1.9,,27.0,90.0,7.94,125.7,54.7,135.4,227.7,106.81
Maize,Uttar Pradesh,Rabi,5.36,291.5,20.6,64.9,6.72,90.5,54.3,66.2,131.0,5.29
Sugarcane,Haryana,Kharif,4.47,1067.6,30.7,66.4,6.11,44.7,65.1,131.1,141.5,109.32
Cotton,Punjab,Zaid,7.99,643.4,34.7,72.2,7.17,162.0,68.2,131.0,76.3,2.63
Potato,West Bengal,Zaid,3.57,1295.9,28.3,49.9,6.88,132.5,29.3,57.6,176.8,23.02
Maize,Tamil Nadu,Zaid,3.76,250.0,30.9,78.9,7.23,127.1,26.9,120.3,,4.13
Potato,Maharashtra,Rabi,2.12,359.5,30.1,62.1,6.99,121.9,31.9,108.6,143.8,25.22
Rice,Karnataka,Rabi,6.43,882.2,35.5,78.5,6.34,196.0,42.2,156.3,165.7,4.62
Potato,Tamil Nadu,Rabi,3.76,431.7,22.0,74.2,6.43,146.4,15.0,111.2,239.7,27.8
Maize,Haryana,Zaid,5.35,807.0,28.0,71.8,6.51,165.6,56.9,59.6,93.6,5.32
Potato,Tamil Nadu,Rabi,4.67,964.9,28.8,66.3,6.45,88.0,69.2,161.9,155.6,29.58
Rice,Tamil Nadu,Zaid,5.64,738.0,27.1,59.1,6.02,144.1,39.9,155.9,161.5,4.52
Wheat,Madhya Pradesh,Rabi,4.87,864.7,25.9,67.1,6.4,151.1,54.8,104.6,116.4,4.21
Cotton,Uttar Pradesh,Rabi,11.67,433.9,31.9,88.8,6.31,137.7,70.1,105.2,209.7,2.66
Maize,Punjab,Rabi,3.14,250.0,21.6,74.0,6.73,190.2,48.8,99.4,136.3,5.32
Sugarcane,Andhra Pradesh,Zaid,2.53,1364.9,18.8,53.8,6.17,60.2,70.2,56.1,118.2,83.86
Sugarcane,West Bengal,Kharif,2.13,527.3,,67.0,5.92,117.6,58.9,88.0,175.1,96.86
Cotton,Tamil Nadu,Rabi,8.47,602.7,23.3,68.4,7.28,104.9,54.1,66.6,158.7,2.53
Pulses,Punjab,Kharif,2.19,683.5,35.6,66.8,5.6,126.4,25.4,113.1,160.0,1.81
Pulses,Haryana,Rabi,4.22,428.7,30.8,92.4,6.63,130.6,35.2,115.1,221.9,1.78
Maize,Uttar Pradesh,Kharif,3.31,403.7,30.9,83.6,6.95,,61.5,125.1,20.0,5.38
Groundnut,Gujarat,Rabi,3.27,731.0,25.9,83.3,7.12,154.6,42.3,74.8,158.0,2.76
Wheat,Uttar Pradesh,Zaid,5.23,512.5,25.9,69.6,5.75,123.0,38.0,113.0,243.0,3.7
Pulses,Punjab,Zaid,4.56,583.0,20.7,63.0,7.42,155.8,28.8,117.2,100.9,1.68
Sugarcane,Madhya Pradesh,Zaid,3.32,882.7,24.4,88.1,7.02,83.3,35.2,84.0,95.4,89.99
Wheat,Punjab,Rabi,6.19,1018.6,22.7,70.4,7.02,80.7,72.3,,131.9,4.7
Groundnut,Tamil Nadu,Kharif,3.0,835.1,25.7,67.9,6.67,123.4,93.1,80.9,49.8,3.04
Sugarcane,Madhya Pradesh,Kharif,4.22,946.1,32.3,55.4,5.31,194.1,46.2,88.3,98.9,101.91
Groundnut,Tamil Nadu,Rabi,3.97,751.9,23.6,70.7,6.74,125.7,26.6,69.0,151.5,2.73
Maize,Madhya Pradesh,Zaid,2.88,1400.4,26.9,70.1,6.65,105.3,27.7,83.2,105.7,3.88
Wheat,Tamil Nadu,Zaid,8.82,990.0,21.5,56.0,6.44,120.4,89.4,58.8,120.0,4.28
Potato,Haryana,Zaid,2.81,1072.7,20.9,85.5,6.99,133.3,82.8,125.5,178.5,25.74
Pulses,Andhra Pradesh,Rabi,3.85,1037.5,19.1,80.6,7.55,129.7,32.6,117.8,169.3,1.78
Cotton,Andhra Pradesh,Zaid,5.32,494.3,28.7,63.1,7.58,143.8,48.0,137.8,208.3,2.04
Maize,Punjab,Zaid,1.03,1695.7,32.8,79.2,6.65,,106.3,56.3,250.1,5.43
Rice,Andhra Pradesh,Rabi,4.76,296.5,36.1,74.6,7.1,137.5,40.7,117.7,149.0,4.52
Wheat,Maharashtra,Rabi,8.54,785.8,39.5,66.1,6.45,136.3,23.6,161.4,133.5,3.93
Groundnut,Haryana,Kharif,5.1,1064.8,30.5,71.2,6.61,163.6,67.4,75.6,236.0,2.78
Potato,West Bengal,Kharif,3.03,1005.2,39.1,56.1,6.97,113.6,55.5,134.3,248.2,27.47
Maize,Madhya Pradesh,Kharif,3.22,1333.8,34.7,75.7,6.52,174.2,57.0,81.1,138.6,4.74
Potato,Karnataka,Kharif,2.63,850.7,24.5,64.1,5.97,119.6,41.1,30.0,72.3,27.3
Rice,Punjab,Kharif,7.41,909.3,25.8,70.1,8.09,96.9,32.5,71.0,128.6,4.63
Potato,Punjab,Zaid,3.14,641.3,22.0,65.9,5.34,216.8,52.0,127.6,225.9,25.77
Sugarcane,Punjab,Zaid,2.26,848.3,34.5,68.6,6.43,93.5,58.3,,45.4,87.98
Potato,Tamil Nadu,Zaid,3.6,538.0,25.7,69.1,5.84,140.1,43.1,105.6,132.0,24.36
Cotton,Karnataka,Rabi,5.93,1341.2,24.4,66.2,6.45,100.9,51.4,96.5,163.7,2.27
Wheat,Uttar Pradesh,Zaid,3.22,648.5,20.7,62.1,6.07,129.5,63.2,87.1,189.3,4.2
Potato,Karnataka,Zaid,0.99,1350.7,26.3,45.8,6.67,100.0,65.8,99.3,104.1,23.86
Sugarcane,Andhra Pradesh,Kharif,4.58,1344.5,20.3,47.6,7.08,112.2,18.9,55.1,125.5,101.32
Groundnut,Karnataka,Kharif,2.13,399.0,25.7,56.7,6.78,141.5,57.5,104.3,87.2,2.77
Maize,Gujarat,Rabi,1.9,1342.1,23.6,61.3,,159.5,93.5,95.0,138.8,5.09
Potato,Andhra Pradesh,Rabi,2.28,1194.4,21.9,35.2,7.86,167.3,43.9,59.8,84.2,25.29
Pulses,Madhya Pradesh,Kharif,6.06,935.5,21.5,72.1,6.6,139.1,44.4,104.9,,1.84
Rice,West Bengal,Rabi,2.37,863.5,28.5,76.9,6.02,114.4,45.7,66.2,45.3,4.25
Pulses,Andhra Pradesh,Rabi,1.49,843.7,19.5,62.8,6.69,91.4,15.0,129.3,69.8,1.57
Sugarcane,Karnataka,Rabi,6.98,863.5,25.7,43.0,7.1,153.4,57.5,93.0,155.3,107.02
Wheat,Tamil Nadu,Kharif,6.78,1390.6,28.4,63.8,6.29,104.2,48.8,130.2,138.7,4.3
Pulses,Karnataka,Rabi,2.05,680.8,28.2,73.2,6.58,158.1,43.3,140.9,172.2,1.93
Cotton,Andhra Pradesh,Zaid,9.13,1193.1,22.7,64.5,5.32,104.2,58.5,138.1,239.9,2.44
Maize,Maharashtra,Rabi,3.73,454.2,27.0,53.7,,142.6,41.7,83.4,98.5,5.23
Rice,Uttar Pradesh,Zaid,3.43,1136.6,23.1,77.8,6.36,125.1,38.6,145.4,210.9,4.14
Maize,West Bengal,Zaid,5.92,927.3,22.6,68.7,6.48,88.6,53.9,93.5,140.3,4.88
Potato,Haryana,Zaid,1.34,766.1,18.7,69.9,7.18,128.2,74.5,50.6,225.9,27.74
Cotton,Uttar Pradesh,Rabi,7.37,772.8,25.9,79.4,7.31,111.2,64.5,136.9,145.6,2.84
Wheat,Tamil Nadu,Kharif,5.56,735.1,32.0,53.4,6.95,103.5,54.3,121.8,36.4,4.23
Cotton,Andhra Pradesh,Zaid,10.49,1171.1,,66.7,7.35,118.3,53.1,91.7,274.1,2.3
Rice,Maharashtra,Rabi,2.46,1276.2,27.1,72.6,7.38,127.5,35.8,99.3,132.9,4.33
Sugarcane,Punjab,Kharif,8.81,674.8,28.2,72.3,8.2,143.1,60.6,158.9,169.5,109.21
Rice,Uttar Pradesh,Rabi,5.06,1118.1,21.5,85.2,6.16,126.3,20.8,42.2,154.9,4.53
Groundnut,Andhra Pradesh,Rabi,5.57,1022.1,23.9,54.2,6.89,181.7,55.1,61.3,111.5,3.07
Pulses,Uttar Pradesh,Kharif,3.03,470.5,24.2,65.0,6.92,117.6,52.5,137.4,124.0,1.78
Maize,Haryana,Kharif,5.76,909.5,27.3,,6.13,127.3,33.3,83.3,20.0,5.35
Potato,Madhya Pradesh,Zaid,4.23,532.5,26.1,68.2,7.15,128.4,103.4,137.9,144.7,24.18
Groundnut,Tamil Nadu,Zaid,4.59,728.5,22.8,49.9,6.1,150.3,40.9,99.5,102.3,2.53
Wheat,Gujarat,Kharif,9.6,572.1,22.9,55.1,5.94,113.3,77.3,158.4,223.0,4.45
Groundnut,Uttar Pradesh,Kharif,5.65,450.7,26.7,67.1,6.81,167.3,39.5,139.2,143.0,2.86
Cotton,Andhra Pradesh,Rabi,8.92,1029.9,36.2,88.1,6.93,144.3,39.5,30.3,172.1,2.37
Potato,Uttar Pradesh,Rabi,2.41,377.7,,84.3,6.11,99.5,23.8,30.0,88.3,24.62
Wheat,Andhra Pradesh,Zaid,7.01,838.4,30.3,67.7,5.58,136.1,33.9,157.6,107.9,4.26
Wheat,Tamil Nadu,Rabi,6.19,910.1,26.9,63.1,6.0,137.4,64.1,82.7,118.9,4.31
Cotton,Gujarat,Zaid,6.39,531.4,27.1,85.1,6.32,88.2,55.2,30.0,20.0,1.91
Groundnut,Madhya Pradesh,Rabi,3.94,578.8,32.2,83.7,6.72,132.0,53.7,113.9,90.4,2.41
Wheat,Haryana,Zaid,7.24,450.2,26.5,77.2,5.62,97.4,31.1,147.9,186.9,4.14
Potato,Haryana,Rabi,2.41,891.4,25.8,74.0,6.82,113.6,72.9,77.1,189.5,28.81
Wheat,Gujarat,Rabi,3.72,506.6,36.3,87.8,6.59,131.2,56.8,113.6,61.3,3.66
Rice,Maharashtra,Zaid,5.27,1063.9,30.0,60.0,6.48,132.4,49.3,138.5,146.7,4.14
Maize,Gujarat,Rabi,2.98,966.3,27.9,82.3,6.67,219.3,47.0,132.3,197.6,5.56
Groundnut,Karnataka,Rabi,2.66,941.3,29.3,71.4,6.77,226.3,31.0,104.0,202.0,2.92
Wheat,Madhya Pradesh,Zaid,4.14,570.2,36.1,65.5,6.95,126.5,47.4,80.2,70.9,3.89
Pulses,West Bengal,Rabi,4.98,1127.1,21.9,63.2,7.87,85.3,89.6,125.6,77.7,1.83
Pulses,Punjab,Kharif,2.05,1232.2,23.6,50.8,7.66,158.1,71.1,103.2,102.5,1.8
Groundnut,Haryana,Kharif,3.04,800.5,16.2,51.2,7.34,110.2,58.1,74.9,184.3,3.29
Potato,Haryana,Zaid,4.46,1117.2,29.7,66.1,6.41,163.4,56.1,109.9,72.6,26.98
Rice,Tamil Nadu,Rabi,4.92,686.3,30.4,61.9,6.77,99.5,48.8,108.8,107.1,4.79
Maize,Karnataka,Kharif,6.26,1125.6,27.8,76.5,5.9,163.8,79.2,,180.5,5.38
Rice,Andhra Pradesh,Rabi,1.71,757.8,35.0,77.9,6.39,,71.4,133.9,86.9,4.28
Cotton,Gujarat,Zaid,3.32,1116.1,23.4,53.1,7.95,150.7,40.9,96.4,198.6,2.17
Rice,Tamil Nadu,Zaid,1.48,580.9,22.6,66.5,8.2,98.9,91.0,66.4,143.6,4.19
Sugarcane,Karnataka,Kharif,2.45,890.1,31.1,78.5,7.37,145.7,83.9,70.7,125.6,98.29
Pulses,Madhya Pradesh,Rabi,3.86,1437.5,23.8,67.2,6.5,87.6,60.1,117.6,90.5,1.72
Potato,Tamil Nadu,Rabi,2.44,598.0,37.0,61.8,7.79,157.7,51.4,93.1,160.9,28.1
Groundnut,Madhya Pradesh,Kharif,5.62,798.5,31.7,70.3,6.29,122.8,71.9,88.5,150.3,2.81
Maize,Tamil Nadu,Kharif,2.43,1232.1,23.4,49.7,8.2,128.4,56.9,132.7,114.4,4.61
Cotton,Haryana,Zaid,6.94,797.7,32.7,55.4,6.7,122.5,28.0,60.8,61.6,2.51
Potato,Uttar Pradesh,Rabi,3.37,1495.6,23.1,70.8,7.53,81.4,53.3,149.1,155.8,25.97
Groundnut,Andhra Pradesh,Zaid,1.55,752.9,20.1,70.3,6.51,132.4,51.9,79.1,126.8,2.55
Cotton,Tamil Nadu,Kharif,4.76,818.9,26.4,84.5,7.19,95.7,69.6,123.7,92.1,2.65
Sugarcane,West Bengal,Zaid,6.45,509.7,34.9,39.3,6.68,119.8,38.0,126.3,160.7,98.35
Groundnut,Punjab,Zaid,5.67,761.6,22.9,57.9,6.5,58.7,43.9,122.9,86.8,2.63
Pulses,Haryana,Zaid,3.0,887.4,34.2,73.7,5.99,77.2,40.3,96.4,171.9,1.69
Groundnut,Gujarat,Zaid,2.61,1061.6,26.4,95.0,5.9,107.9,40.5,102.7,118.8,2.57
Sugarcane,Uttar Pradesh,Rabi,7.52,566.4,24.5,76.3,6.57,158.3,75.1,160.4,94.6,101.48
Potato,Madhya Pradesh,Zaid,3.82,581.8,27.6,66.5,5.21,143.4,68.9,30.0,165.0,22.94
Wheat,Gujarat,Zaid,8.69,976.4,33.7,59.6,5.3,142.6,49.8,77.0,237.7,4.22
Maize,Haryana,Rabi,1.88,1461.9,32.9,72.0,7.37,66.3,48.3,105.0,213.9,5.45
Maize,Haryana,Kharif,2.82,250.0,28.1,71.0,6.51,77.7,40.3,102.6,170.3,5.92
Potato,Uttar Pradesh,Rabi,2.64,1012.3,20.4,58.9,5.74,81.6,64.3,157.8,113.6,27.17
Rice,Madhya Pradesh,Kharif,7.02,319.3,16.8,53.1,6.84,163.5,49.2,80.7,190.5,4.78
Potato,Karnataka,Kharif,1.14,250.0,32.6,71.4,6.73,156.8,17.7,48.1,98.3,23.75
Sugarcane,Maharashtra,Kharif,8.02,868.6,29.1,69.2,6.78,142.4,60.2,75.4,47.1,102.71
Pulses,Maharashtra,Zaid,2.29,870.5,23.7,72.2,6.84,169.2,61.7,134.1,148.7,1.56
Sugarcane,Uttar Pradesh,Rabi,3.0,543.2,31.8,81.2,6.32,140.3,48.7,51.5,113.3,95.62
Groundnut,West Bengal,Zaid,2.8,1021.1,35.8,54.9,7.42,158.8,63.7,125.2,102.5,2.71
Pulses,Karnataka,Kharif,2.35,521.8,30.4,71.7,7.28,185.9,35.6,174.3,96.5,1.83
Groundnut,Gujarat,Rabi,2.56,830.2,26.0,60.3,6.58,160.6,37.7,140.2,40.7,2.67
Rice,Tamil Nadu,Kharif,1.76,832.5,21.3,70.1,6.2,201.5,40.2,102.3,161.4,4.94
Maize,Uttar Pradesh,Rabi,1.94,932.2,33.4,48.9,6.23,143.8,56.4,83.6,182.9,5.23
Rice,West Bengal,Rabi,6.95,734.4,34.2,77.9,8.2,92.9,33.5,55.4,184.4,4.89
Groundnut,Andhra Pradesh,Rabi,4.75,489.0,33.8,64.1,6.93,134.8,55.8,141.1,131.2,2.62
Cotton,Karnataka,Kharif,7.86,723.7,24.6,63.2,4.91,172.1,38.6,99.4,209.3,2.74
Pulses,Gujarat,Rabi,1.76,1397.9,33.9,53.6,6.79,63.4,55.0,95.8,102.8,1.51
Pulses,Punjab,Kharif,1.76,992.5,18.8,60.5,5.82,105.0,60.0,69.1,167.7,1.93
Cotton,Madhya Pradesh,Kharif,5.5,997.3,22.8,72.0,7.63,130.0,71.2,169.9,165.4,2.75
Potato,Maharashtra,Rabi,4.1,507.7,29.0,71.9,6.28,156.2,60.2,113.0,146.4,28.51
Wheat,Tamil Nadu,Kharif,7.08,462.8,22.3,58.1,7.35,137.3,42.4,139.5,170.7,4.57
Pulses,Gujarat,Rabi,2.24,745.2,25.1,73.3,6.03,103.7,66.1,71.6,107.2,1.61
Maize,Uttar Pradesh,Zaid,1.58,251.0,28.4,61.0,6.57,78.6,80.5,92.2,206.7,4.93
Cotton,West Bengal,Kharif,6.96,715.0,27.5,74.0,6.42,95.4,51.9,122.1,144.2,2.59
Sugarcane,Maharashtra,Rabi,3.45,792.4,23.0,46.3,6.11,192.4,58.2,71.3,151.8,98.64
Wheat,West Bengal,Rabi,8.65,254.4,18.5,56.5,5.97,159.7,79.0,95.0,64.6,4.27
Wheat,Gujarat,Zaid,7.9,658.2,24.2,65.7,7.29,168.0,51.4,126.6,109.6,4.06
Rice,Uttar Pradesh,Rabi,6.05,1223.2,22.9,62.2,6.9,113.8,97.4,83.7,123.0,4.47
Wheat,West Bengal,Kharif,8.18,705.9,17.9,74.6,6.79,115.0,49.8,127.5,125.4,4.19
Cotton,Maharashtra,Kharif,8.97,710.1,19.1,63.8,5.94,145.5,54.2,67.5,197.3,2.46
Pulses,Punjab,Rabi,6.16,,28.9,60.5,5.62,212.1,66.7,177.1,71.8,1.93
Pulses,West Bengal,Rabi,6.13,562.1,19.3,76.2,6.76,106.5,68.0,96.5,112.1,1.74
Potato,Madhya Pradesh,Kharif,1.93,1262.9,29.1,71.5,6.95,109.3,40.0,95.6,140.8,26.3
Wheat,Maharashtra,Rabi,2.66,1317.8,35.7,61.7,7.22,120.0,40.5,89.3,144.8,3.97
Cotton,Gujarat,Kharif,11.29,451.7,30.4,67.4,7.41,136.4,39.7,96.5,240.9,2.61
Wheat,Uttar Pradesh,Zaid,6.36,1131.6,28.8,60.1,7.0,70.4,15.0,30.0,163.1,4.09
Potato,Madhya Pradesh,Zaid,2.83,342.7,24.8,44.8,7.27,57.3,62.1,119.2,288.7,22.38
Groundnut,Gujarat,Zaid,4.36,774.6,29.7,59.5,7.24,148.9,54.6,60.1,67.7,2.21
Cotton,Karnataka,Kharif,4.58,990.3,24.4,64.7,5.66,107.8,53.8,46.1,182.4,2.46
Rice,Uttar Pradesh,Kharif,7.02,672.5,32.5,61.0,6.93,107.4,43.6,124.4,152.7,4.84
Maize,Madhya Pradesh,Zaid,2.62,796.4,21.9,,6.55,122.3,45.1,95.3,91.6,4.54
Cotton,Madhya Pradesh,Zaid,4.06,1323.0,19.9,62.8,7.87,132.1,63.7,137.7,180.1,2.03
Groundnut,Tamil Nadu,Rabi,2.89,731.0,29.2,69.1,6.42,94.5,80.5,139.5,73.2,3.01
Sugarcane,Punjab,Rabi,8.31,1373.9,29.9,75.5,7.65,108.9,72.1,163.7,20.0,101.67
Potato,Haryana,Zaid,1.87,859.4,28.6,67.9,7.5,109.2,65.4,95.3,218.6,28.62
Wheat,Andhra Pradesh,Rabi,5.66,376.7,22.0,65.5,6.96,140.6,65.0,85.9,58.9,3.98
Pulses,Uttar Pradesh,Rabi,3.5,,30.5,42.6,6.4,143.1,88.0,80.5,68.7,1.78
Wheat,Karnataka,Kharif,3.02,386.8,21.5,42.1,5.64,183.2,28.9,141.5,77.0,3.98
Wheat,Karnataka,Rabi,4.13,720.6,24.9,57.3,7.13,102.6,64.9,109.2,198.0,4.3
Pulses,Tamil Nadu,Kharif,4.4,609.1,31.0,66.4,6.09,137.1,55.5,89.5,187.5,1.89
Rice,Punjab,Kharif,2.52,535.5,29.2,71.8,8.2,121.0,27.4,143.1,178.5,4.78
Potato,West Bengal,Zaid,3.23,1319.6,30.1,70.6,7.75,117.3,54.1,95.3,135.1,20.96
Pulses,Andhra Pradesh,Zaid,1.35,1501.2,25.6,36.5,7.01,117.1,41.4,130.2,147.5,1.64
Cotton,Gujarat,Rabi,9.79,658.4,17.2,93.5,7.71,106.2,48.2,153.7,160.6,2.77
Cotton,Andhra Pradesh,Kharif,10.43,605.9,28.9,58.3,6.75,161.2,63.9,138.3,167.1,2.59
Potato,Karnataka,Zaid,3.36,1108.1,20.6,52.7,6.78,40.0,32.5,108.3,135.2,22.18
Maize,Andhra Pradesh,Kharif,6.51,1012.6,20.1,78.1,6.9,116.7,93.3,86.2,169.6,5.09
Groundnut,Madhya Pradesh,Rabi,3.96,627.1,26.7,67.9,6.89,48.6,41.3,76.0,183.2,2.88
Pulses,Haryana,Kharif,5.52,1117.6,29.9,60.5,6.67,82.3,17.5,37.4,86.3,1.77
Rice,Madhya Pradesh,Zaid,3.98,1559.7,26.5,73.6,5.19,40.0,40.6,143.9,137.5,3.81
Rice,Punjab,Rabi,4.13,1168.8,32.4,73.8,,109.9,78.2,134.2,106.1,5.02
Wheat,Karnataka,Kharif,3.92,1058.0,27.6,66.0,7.2,115.9,43.9,106.3,100.9,4.06
Cotton,Karnataka,Kharif,5.86,443.2,23.4,64.3,7.17,153.0,72.5,114.2,150.3,2.51
Wheat,Madhya Pradesh,Rabi,1.88,725.2,27.8,73.7,6.68,45.3,15.0,46.9,213.7,4.03
Pulses,Uttar Pradesh,Rabi,4.59,768.8,26.9,66.7,6.17,111.9,62.1,164.4,66.9,1.82
Rice,Punjab,Rabi,3.23,725.1,29.3,63.8,8.2,87.0,77.6,81.9,27.3,
Maize,Karnataka,Zaid,6.47,1315.6,24.6,84.4,6.03,115.6,36.2,133.6,106.0,4.34
Wheat,Tamil Nadu,Kharif,9.34,1016.4,25.4,50.0,6.69,75.6,46.3,70.3,176.2,4.44
Wheat,Madhya Pradesh,Kharif,4.86,683.5,36.2,76.6,6.94,161.9,66.6,141.8,104.7,4.35
Maize,Maharashtra,Rabi,3.99,939.1,31.2,64.2,7.4,155.1,73.2,82.9,169.6,5.27
Sugarcane,Punjab,Rabi,1.92,941.8,28.2,62.1,6.32,154.2,85.8,55.3,122.6,115.41
Pulses,Tamil Nadu,Rabi,1.66,601.9,25.5,88.5,7.0,40.0,29.4,108.5,202.4,1.79
Wheat,Gujarat,Zaid,2.77,577.0,26.8,57.8,6.88,168.5,37.2,91.2,179.6,3.75
Wheat,Tamil Nadu,Zaid,8.37,781.2,18.7,68.0,4.81,160.7,75.9,83.9,171.3,3.59
Wheat,Haryana,Rabi,2.4,250.0,30.6,70.6,6.94,88.4,58.2,170.7,94.5,4.24
Groundnut,Tamil Nadu,Kharif,5.47,517.4,26.9,75.9,7.14,157.3,45.2,78.2,215.7,3.12
Groundnut,Maharashtra,Zaid,4.24,391.7,30.2,75.0,7.39,113.9,39.5,86.0,184.9,2.41
Pulses,Madhya Pradesh,Kharif,3.8,911.7,25.9,64.9,6.95,,56.1,122.1,183.3,1.81
Wheat,Gujarat,Zaid,2.61,1010.1,35.9,65.4,6.5,130.3,65.4,98.0,97.6,3.91
Groundnut,Madhya Pradesh,Zaid,3.3,1277.7,19.0,66.4,6.61,149.0,51.5,97.7,227.0,2.37
Potato,Karnataka,Rabi,4.32,733.7,30.5,65.9,5.78,65.3,68.0,122.6,160.3,25.67
Pulses,Gujarat,Zaid,5.15,566.4,29.8,,6.44,146.0,76.1,130.3,107.8,1.65
Sugarcane,Tamil Nadu,Rabi,3.15,728.0,26.7,75.2,7.02,87.1,74.7,88.2,114.7,94.55
Potato,Andhra Pradesh,Rabi,0.9,1232.1,29.8,69.8,5.91,158.2,48.6,30.0,128.1,24.45
Potato,Uttar Pradesh,Rabi,0.77,725.7,29.8,39.0,7.22,155.0,15.0,112.4,102.9,28.49
Wheat,Andhra Pradesh,Kharif,9.33,1007.3,28.8,64.3,6.23,151.7,44.0,98.7,171.9,4.42
Pulses,Andhra Pradesh,Kharif,6.79,937.5,29.5,68.1,7.66,150.5,36.6,96.4,137.3,1.59
Wheat,Tamil Nadu,Rabi,4.15,696.6,24.9,76.4,5.88,164.6,46.0,75.1,67.5,5.07
Sugarcane,Tamil Nadu,Kharif,4.48,,34.8,75.2,7.59,132.7,76.1,84.0,158.5,98.11
Sugarcane,Karnataka,Kharif,2.51,566.7,27.0,75.4,6.95,88.1,57.3,113.5,123.5,92.87
Potato,West Bengal,Rabi,3.84,1486.0,30.6,65.8,6.88,115.3,58.0,146.3,93.3,24.96
Cotton,Tamil Nadu,Kharif,3.94,903.3,33.5,60.9,7.4,126.3,44.5,117.2,129.4,2.87
Rice,Punjab,Rabi,3.8,1007.8,22.1,68.5,5.81,184.9,25.3,108.8,180.8,5.1
Groundnut,Tamil Nadu,Zaid,3.8,1118.3,22.8,58.4,7.84,165.0,52.9,60.5,214.7,2.51
Maize,West Bengal,Rabi,4.27,988.3,28.7,59.8,,78.9,47.8,94.1,166.8,5.19
Pulses,Tamil Nadu,Kharif,6.64,809.6,27.2,72.6,7.59,112.7,60.5,115.8,175.9,2.0
Potato,Maharashtra,Rabi,3.22,935.4,25.2,80.2,8.0,102.0,38.1,86.4,215.8,26.32
Potato,West Bengal,Rabi,2.16,858.9,32.5,57.8,6.22,74.0,79.3,59.9,20.0,26.12
Cotton,Punjab,Zaid,10.35,344.4,25.7,68.3,7.34,122.9,45.4,68.1,,2.44
Wheat,Punjab,Kharif,7.02,909.1,15.8,,5.88,130.9,33.6,130.4,226.4,5.56
Sugarcane,West Bengal,Kharif,4.11,1022.3,32.3,89.2,8.07,107.5,18.0,130.1,170.4,100.59
Wheat,Madhya Pradesh,Zaid,4.61,920.0,31.0,54.0,6.84,97.9,40.6,91.0,,3.54
Sugarcane,Punjab,Zaid,8.54,417.7,38.3,70.2,5.2,128.4,51.4,80.8,252.4,97.81
Sugarcane,Uttar Pradesh,Rabi,8.68,1097.7,26.8,61.7,6.13,92.5,15.0,151.7,183.6,103.33
Wheat,Maharashtra,Zaid,4.69,715.5,25.1,53.2,7.59,142.6,46.4,64.2,52.9,3.7
Cotton,Andhra Pradesh,Rabi,4.19,778.9,28.1,58.4,7.92,155.4,47.5,113.2,114.9,2.47
Cotton,West Bengal,Kharif,7.78,331.5,25.2,84.1,5.96,40.0,46.1,94.6,107.3,2.46
Cotton,Madhya Pradesh,Zaid,4.88,545.2,23.5,63.4,7.45,158.2,17.3,111.9,92.3,2.17
Wheat,Uttar Pradesh,Kharif,9.53,617.0,19.0,57.4,7.29,99.4,74.4,107.1,257.1,4.42
Pulses,Gujarat,Rabi,3.4,542.2,28.1,59.0,6.87,114.9,65.3,132.6,193.5,1.81
Sugarcane,Andhra Pradesh,Zaid,4.0,801.0,28.9,64.1,6.87,40.0,50.6,85.7,129.1,96.03
Pulses,Haryana,Kharif,2.66,1099.2,27.9,88.2,7.22,141.9,82.2,46.0,135.0,1.98
Groundnut,Tamil Nadu,Kharif,2.63,495.6,24.7,50.7,8.2,110.8,47.8,177.9,227.9,3.07
Wheat,Andhra Pradesh,Kharif,6.56,1309.8,30.3,64.4,5.71,84.3,28.8,142.4,105.3,4.48
Maize,Maharashtra,Zaid,4.55,,23.0,73.6,6.95,166.4,30.7,38.8,78.7,4.34
Potato,Gujarat,Kharif,2.46,1145.7,25.5,50.6,7.6,123.3,71.5,96.1,178.2,28.51
Maize,Andhra Pradesh,Rabi,4.29,746.6,31.8,61.6,5.74,160.4,77.2,59.0,20.0,4.91
Wheat,Uttar Pradesh,Kharif,8.73,851.1,15.3,60.3,5.91,147.8,35.1,168.4,48.6,4.28
Wheat,Gujarat,Rabi,3.41,750.7,27.4,57.7,,46.6,56.7,158.7,189.0,4.39
Rice,Maharashtra,Kharif,3.3,882.5,15.0,79.6,7.21,153.3,16.9,98.4,162.9,4.23
Cotton,Tamil Nadu,Rabi,9.73,1029.9,31.5,49.8,6.81,93.3,51.2,142.5,167.9,2.5
Groundnut,Tamil Nadu,Rabi,4.31,597.3,29.6,62.1,7.55,145.3,52.1,50.9,249.3,2.75
Pulses,Uttar Pradesh,Zaid,4.06,1377.7,31.4,80.0,6.89,116.0,67.0,117.8,228.5,1.75
Groundnut,West Bengal,Kharif,1.59,912.0,22.4,70.0,6.9,141.7,67.6,164.5,31.3,2.95
Potato,Karnataka,Kharif,3.83,1175.2,25.7,56.7,6.93,148.5,66.6,60.0,20.0,25.66
Potato,Haryana,Zaid,4.18,890.5,29.6,78.8,6.37,144.2,77.8,71.5,180.9,25.6
Rice,West Bengal,Rabi,5.71,1158.1,26.1,71.7,6.39,173.6,52.8,111.4,117.6,4.56
Rice,West Bengal,Kharif,5.78,700.9,23.4,81.9,6.75,140.2,63.1,210.7,205.0,4.67
Pulses,Andhra Pradesh,Zaid,2.38,902.4,28.5,59.3,6.64,104.8,59.8,117.7,20.0,1.44
Wheat,Gujarat,Zaid,7.21,895.8,25.0,83.1,6.64,78.8,66.7,134.8,111.2,4.29
Potato,West Bengal,Zaid,1.29,966.0,27.2,74.0,6.72,106.0,50.6,157.3,191.3,27.33
Maize,Uttar Pradesh,Rabi,3.7,609.9,31.6,63.3,7.26,103.8,32.1,74.2,157.7,5.3
Potato,Tamil Nadu,Zaid,4.16,890.5,26.2,53.4,6.69,86.2,49.1,155.5,222.9,22.3
Groundnut,Tamil Nadu,Kharif,3.64,827.5,22.2,71.6,6.97,115.9,89.7,51.6,88.2,2.74
Potato,Gujarat,Kharif,0.79,1515.5,17.4,66.2,5.5,75.6,39.7,86.3,140.3,24.64
Maize,Madhya Pradesh,Rabi,2.21,279.3,35.6,62.6,7.08,98.0,87.1,58.9,87.2,4.61
Sugarcane,Haryana,Zaid,7.79,363.7,36.0,90.5,6.39,145.2,51.9,106.5,199.1,82.55
Maize,Tamil Nadu,Kharif,5.29,485.8,24.0,57.2,6.46,107.6,54.1,102.9,123.5,4.75
Groundnut,Gujarat,Zaid,1.24,555.2,29.2,62.1,7.48,87.7,72.1,167.6,195.4,2.72
Sugarcane,Haryana,Zaid,5.77,828.6,21.8,72.4,7.88,83.4,65.1,83.1,159.4,97.46
Groundnut,Haryana,Rabi,2.59,951.3,20.7,65.1,6.45,166.1,65.0,118.8,116.8,2.91
Pulses,Madhya Pradesh,Zaid,6.91,1213.9,30.7,69.8,6.93,105.9,58.2,86.2,110.4,1.44
Rice,Tamil Nadu,Rabi,2.02,689.9,30.4,75.3,6.82,202.5,34.9,122.3,63.6,4.74
Pulses,Haryana,Kharif,1.03,1263.9,28.4,83.4,6.74,226.3,57.1,153.7,125.5,2.0
Rice,West Bengal,Kharif,5.91,613.7,32.5,93.9,6.82,170.7,36.6,117.8,157.9,4.58
Maize,Tamil Nadu,Rabi,1.48,1053.7,34.2,60.8,6.82,114.2,52.8,138.8,153.8,4.99
Wheat,Andhra Pradesh,Zaid,2.13,1285.5,23.6,49.7,8.13,146.7,33.8,73.9,144.9,3.78
Groundnut,Andhra Pradesh,Zaid,2.5,551.0,34.8,73.5,7.0,168.9,60.5,67.1,161.0,2.63
Maize,Madhya Pradesh,Kharif,2.98,787.6,20.2,53.8,6.85,95.1,34.7,105.3,132.8,4.93
Rice,Uttar Pradesh,Zaid,3.08,1215.9,38.8,84.1,6.3,143.7,83.3,100.5,125.5,4.4
Maize,Maharashtra,Kharif,3.34,416.0,27.9,71.4,6.46,112.5,82.3,158.6,141.6,5.32
Pulses,Uttar Pradesh,Rabi,5.33,441.5,26.8,55.7,8.2,119.9,39.4,53.7,207.6,1.55
Wheat,Maharashtra,Zaid,5.75,755.8,25.4,63.5,7.64,199.9,42.2,54.0,175.4,4.26
Potato,Punjab,Zaid,4.29,879.9,30.7,84.8,7.41,146.7,48.9,123.7,229.6,25.99
Maize,Madhya Pradesh,Zaid,3.51,868.0,21.9,66.4,6.23,116.7,36.0,97.1,185.7,5.09
Pulses,Madhya Pradesh,Kharif,2.77,982.4,24.5,46.7,6.14,137.0,35.5,92.4,114.9,1.61
Rice,Haryana,Kharif,3.55,1403.1,24.1,78.2,4.91,95.4,15.0,176.8,142.8,4.6
Maize,West Bengal,Kharif,4.07,1251.3,23.0,61.6,7.01,103.3,64.6,,84.2,5.12
Pulses,Andhra Pradesh,Kharif,6.23,532.9,22.7,47.5,6.47,116.3,57.5,102.3,121.8,1.63
Pulses,Madhya Pradesh,Kharif,5.98,1096.1,17.6,48.5,7.93,113.4,26.7,102.7,233.5,1.73
Potato,Maharashtra,Rabi,1.77,964.2,18.1,64.8,5.64,81.1,56.8,132.0,91.1,25.44
Pulses,Maharashtra,Kharif,5.86,982.6,24.0,70.3,7.0,182.7,105.6,120.9,,1.91
Maize,Haryana,Kharif,1.91,604.1,30.2,80.2,7.44,145.8,51.8,160.9,180.0,5.63
Cotton,Karnataka,Kharif,7.59,1307.5,31.9,66.4,6.28,171.2,59.1,82.6,140.1,2.53
Potato,Karnataka,Zaid,3.1,775.7,26.1,56.9,5.56,120.7,64.9,95.4,145.9,24.66
Pulses,Punjab,Rabi,5.45,1467.8,26.3,66.1,8.2,85.6,59.0,104.0,197.4,1.88
Sugarcane,Tamil Nadu,Rabi,6.31,1246.5,26.5,75.9,7.37,,49.3,106.1,118.9,113.21
Sugarcane,Maharashtra,Zaid,1.62,593.4,31.7,83.8,5.94,148.9,72.3,125.3,111.9,90.7
Maize,Madhya Pradesh,Rabi,2.59,581.2,18.2,68.5,7.14,153.4,41.7,122.8,96.9,4.67
Groundnut,Gujarat,Kharif,2.45,668.1,32.6,70.3,6.42,103.2,57.2,57.1,186.5,
Potato,Madhya Pradesh,Kharif,2.26,1278.3,36.8,60.2,6.88,71.6,37.8,59.6,196.5,27.27
Potato,Gujarat,Rabi,2.79,941.7,24.9,81.2,6.78,76.9,71.3,136.0,145.3,27.9
Wheat,Haryana,Kharif,5.68,990.7,23.1,72.9,5.53,165.3,31.4,90.6,142.8,4.3
Wheat,West Bengal,Zaid,5.26,838.5,24.0,,7.51,102.5,16.8,95.2,66.4,3.82
Potato,Maharashtra,Kharif,2.61,250.0,24.2,81.9,6.87,40.0,55.0,119.2,149.0,24.55
Pulses,Karnataka,Zaid,6.7,250.5,31.5,63.1,6.97,74.2,72.6,90.3,,1.55
Pulses,Tamil Nadu,Zaid,2.72,539.5,22.6,67.8,5.81,180.6,57.0,131.9,89.4,1.44
Rice,Tamil Nadu,Rabi,3.49,849.3,34.8,61.4,6.91,148.1,45.2,135.1,209.3,4.6
Rice,Punjab,Kharif,7.68,950.7,16.7,82.2,6.97,61.8,58.2,121.5,147.2,5.02
Pulses,Gujarat,Rabi,5.91,728.3,34.3,73.4,6.45,138.2,53.1,98.4,109.5,1.87
Cotton,Madhya Pradesh,Rabi,8.22,1146.8,28.7,,6.3,166.8,32.9,53.3,98.0,2.5
Pulses,Maharashtra,Kharif,5.36,705.5,22.7,62.6,6.82,87.0,15.0,109.6,136.3,1.58
Maize,Karnataka,Rabi,5.08,528.6,25.9,54.9,7.48,151.7,36.6,54.8,123.4,5.27
Maize,West Bengal,Rabi,6.08,848.1,23.4,51.5,7.27,198.0,73.3,69.1,113.8,5.35
Maize,Haryana,Kharif,6.81,645.4,26.2,70.1,6.0,63.6,54.8,53.1,291.9,5.18
Maize,Tamil Nadu,Rabi,3.27,250.0,25.1,71.7,7.76,168.9,18.4,135.0,191.5,4.97
Rice,Tamil Nadu,Rabi,6.86,1111.2,27.9,68.4,6.62,109.7,90.7,71.9,136.6,4.38
Groundnut,Tamil Nadu,Zaid,1.14,966.8,27.1,67.9,6.57,167.5,59.8,104.8,158.1,2.69
Pulses,Gujarat,Kharif,1.04,1477.0,24.0,64.4,5.84,120.2,39.7,,141.1,1.62
Wheat,Tamil Nadu,Kharif,6.67,486.0,33.3,75.6,6.64,154.4,17.7,75.3,143.9,4.45
Pulses,Andhra Pradesh,Zaid,1.34,898.6,22.9,62.3,6.3,175.8,49.3,97.7,144.3,1.71
Pulses,Karnataka,Kharif,3.43,618.4,26.8,66.0,6.21,151.7,37.1,178.7,118.4,1.73
Pulses,Tamil Nadu,Kharif,6.11,345.5,15.6,77.4,5.97,133.4,62.0,98.6,179.3,1.64
Sugarcane,Haryana,Kharif,4.67,1069.7,16.8,71.4,7.32,49.6,79.8,74.4,129.8,99.97
Maize,Punjab,Rabi,2.96,1220.0,23.4,40.8,6.92,131.8,22.9,110.6,124.7,5.69
Potato,Uttar Pradesh,Rabi,0.71,1056.1,26.0,83.6,5.87,94.3,60.6,66.0,132.0,27.64
Maize,Andhra Pradesh,Kharif,6.03,1391.9,24.8,68.5,7.47,157.4,51.2,50.3,137.3,4.64
Sugarcane,Gujarat,Kharif,8.98,1097.0,,74.6,6.99,134.0,69.2,153.2,201.5,110.7
Cotton,Gujarat,Rabi,11.32,717.9,28.6,61.9,8.08,125.1,24.6,,128.0,2.33
Wheat,Karnataka,Rabi,9.55,829.4,26.9,70.1,6.9,153.8,69.8,78.6,149.2,4.14
Pulses,Madhya Pradesh,Rabi,5.16,542.3,24.3,95.0,5.72,178.1,79.6,135.4,98.1,1.84
Groundnut,Tamil Nadu,Rabi,1.1,509.5,24.6,56.8,6.91,121.8,15.0,85.9,80.6,2.86
Rice,Haryana,Zaid,4.34,951.9,22.6,61.5,5.86,71.6,61.1,98.3,121.8,4.49
Groundnut,Tamil Nadu,Rabi,1.62,775.0,21.5,60.8,6.8,119.7,58.6,86.3,22.3,2.62
Groundnut,Maharashtra,Zaid,3.59,483.2,29.4,79.0,6.53,136.7,97.4,128.1,58.7,2.05
Groundnut,Madhya Pradesh,Kharif,3.53,324.2,23.8,,6.72,40.0,62.9,83.5,131.0,2.88
Maize,Karnataka,Zaid,2.79,277.6,22.2,85.0,6.48,172.0,55.3,98.8,89.2,4.29
Wheat,Andhra Pradesh,Kharif,8.18,722.4,18.6,78.4,7.21,120.9,60.1,126.2,20.8,4.21
Wheat,Gujarat,Rabi,8.92,648.1,29.0,66.4,7.71,122.0,43.5,86.6,217.8,4.87
Maize,Maharashtra,Zaid,4.21,250.0,21.8,58.3,5.86,112.7,54.0,99.4,119.1,3.92
Groundnut,Gujarat,Kharif,2.52,1184.2,18.4,58.0,6.77,86.9,44.5,83.1,218.5,2.71
Cotton,Gujarat,Kharif,3.77,584.3,27.5,46.2,7.14,211.8,53.1,113.3,115.9,2.43
Groundnut,Andhra Pradesh,Zaid,1.75,341.9,28.6,81.7,6.86,100.0,15.0,134.8,227.5,2.61
Cotton,Uttar Pradesh,Kharif,10.08,640.4,21.5,62.6,7.36,41.6,61.3,119.3,128.5,2.66
Sugarcane,Gujarat,Rabi,8.54,671.4,31.0,72.0,7.32,146.1,15.0,68.0,230.7,109.34
Wheat,Karnataka,Rabi,1.38,878.1,24.5,50.0,7.02,124.6,86.5,118.5,184.4,4.27
Maize,Uttar Pradesh,Rabi,5.36,1554.2,18.8,52.8,6.64,123.0,15.0,174.9,124.7,4.77
Groundnut,Tamil Nadu,Kharif,5.55,708.6,22.3,53.8,7.43,98.8,75.4,97.5,148.8,2.9
Maize,West Bengal,Zaid,6.09,974.3,30.9,76.8,6.69,121.0,52.5,124.3,,5.25
Wheat,Uttar Pradesh,Kharif,2.06,1336.2,20.7,59.2,6.24,99.5,31.9,106.0,255.4,4.32
Wheat,West Bengal,Kharif,5.5,307.3,31.4,73.9,7.32,203.3,68.2,88.9,150.7,4.68
Groundnut,Madhya Pradesh,Kharif,3.46,1182.6,35.2,56.4,7.6,191.4,64.2,168.0,77.2,2.62
Rice,Andhra Pradesh,Kharif,6.07,756.7,22.2,62.6,7.74,131.9,30.0,92.7,81.6,4.07
Sugarcane,Karnataka,Kharif,3.62,815.9,25.6,72.0,6.02,119.6,73.7,82.6,179.1,102.66
Wheat,Punjab,Rabi,1.42,1136.0,28.9,52.8,8.08,175.5,49.6,65.6,140.8,4.46
Maize,Maharashtra,Zaid,6.84,540.7,27.9,68.7,6.11,154.8,56.2,,133.9,4.16
Wheat,Uttar Pradesh,Zaid,4.19,1165.2,25.4,59.5,7.09,176.2,72.6,108.5,155.2,4.06
Cotton,West Bengal,Rabi,3.95,1200.1,23.2,95.0,6.85,165.1,,116.3,236.5,2.71
Pulses,Punjab,Zaid,1.38,874.8,21.4,51.4,7.05,52.5,53.5,69.9,182.6,1.73
Potato,Uttar Pradesh,Zaid,2.31,313.4,26.7,78.1,8.2,135.3,52.7,83.6,287.6,25.14
Groundnut,Maharashtra,Kharif,1.39,931.5,24.8,55.9,5.97,144.4,60.5,148.1,208.1,2.74
Maize,Tamil Nadu,Zaid,3.35,828.2,21.4,59.6,6.33,233.0,15.2,129.8,188.4,4.9
Maize,Madhya Pradesh,Kharif,3.42,866.2,30.4,70.5,6.15,114.8,50.2,131.1,166.4,5.06
Sugarcane,Maharashtra,Kharif,2.18,654.1,27.8,72.9,7.5,159.2,89.6,75.7,213.0,96.63
Pulses,Maharashtra,Kharif,4.76,1131.4,22.8,74.1,6.33,107.2,54.6,81.1,108.4,1.87
Sugarcane,Tamil Nadu,Rabi,1.68,715.5,26.4,66.7,7.34,85.0,16.9,108.2,278.9,100.78
Cotton,Andhra Pradesh,Zaid,9.61,899.4,32.7,63.6,6.31,138.7,73.4,62.8,205.7,2.67
Maize,Punjab,Zaid,3.54,1033.8,24.9,88.5,6.47,210.7,55.9,125.4,96.4,5.08
Maize,Madhya Pradesh,Rabi,5.6,366.9,35.5,73.9,6.89,153.9,55.5,134.2,147.2,4.81
Wheat,Karnataka,Kharif,9.34,1189.2,23.8,66.4,8.04,123.8,,138.3,104.8,4.39
Rice,Madhya Pradesh,Zaid,2.19,861.5,29.1,67.4,5.86,183.9,72.0,50.5,213.5,4.28
Wheat,Tamil Nadu,Rabi,1.36,1064.6,27.8,69.6,6.51,107.5,99.1,154.0,252.8,5.17
Sugarcane,West Bengal,Kharif,5.61,815.9,26.0,82.5,7.17,120.8,87.9,89.9,179.5,93.78
Sugarcane,Gujarat,Kharif,8.0,660.4,24.2,61.8,5.85,120.2,60.1,54.3,156.6,93.46
Sugarcane,Tamil Nadu,Rabi,1.23,333.5,29.3,66.8,6.15,98.7,66.1,153.5,114.7,101.97
Groundnut,Gujarat,Rabi,4.14,1135.6,17.5,78.4,5.7,103.6,75.7,66.1,172.9,2.7
Groundnut,Tamil Nadu,Rabi,5.76,1737.8,30.0,53.1,6.36,142.4,47.0,214.1,168.3,2.74
Groundnut,Karnataka,Kharif,3.54,1270.3,22.0,85.6,6.04,140.7,68.8,107.6,109.2,2.52
Pulses,Andhra Pradesh,Rabi,4.46,250.0,30.2,44.4,7.06,153.6,80.7,158.7,52.8,1.59
Sugarcane,Karnataka,Zaid,6.62,968.9,29.2,89.6,7.03,123.0,64.0,149.6,89.9,89.85
Groundnut,Tamil Nadu,Rabi,2.57,734.0,39.4,87.0,7.33,250.0,75.6,94.4,87.6,2.84
Pulses,Haryana,Kharif,3.17,1154.6,18.8,61.1,6.09,156.3,49.9,70.4,200.8,1.77
Groundnut,Uttar Pradesh,Rabi,5.27,1234.7,27.1,60.6,6.89,116.7,69.5,157.3,166.8,2.94
Wheat,Madhya Pradesh,Zaid,2.09,873.6,18.5,61.9,7.52,83.3,41.3,105.7,92.8,3.83
Rice,Karnataka,Zaid,7.36,1416.8,23.8,65.2,7.76,40.0,45.1,146.0,80.8,3.66
Rice,West Bengal,Zaid,6.1,1360.3,22.2,58.1,,49.9,83.4,65.6,55.0,3.37
Groundnut,Tamil Nadu,Rabi,4.88,605.2,26.8,58.3,6.08,175.6,47.8,73.6,90.0,3.13
Cotton,Haryana,Kharif,6.31,1585.1,29.3,71.5,6.53,161.4,99.5,150.9,110.0,2.74
Sugarcane,Madhya Pradesh,Rabi,8.18,1021.0,32.7,69.5,6.67,196.2,15.0,147.9,170.1,96.65
Wheat,Andhra Pradesh,Zaid,2.06,1570.1,29.0,62.3,6.85,160.4,36.3,92.1,30.3,3.91
Rice,Punjab,Rabi,7.64,809.7,31.7,79.8,6.9,160.7,66.0,112.0,174.6,5.14
Wheat,Haryana,Kharif,6.07,871.7,20.6,72.1,6.56,135.1,53.0,108.7,114.8,4.63
Groundnut,Punjab,Zaid,4.41,988.8,17.0,66.6,7.42,80.5,64.8,101.2,146.7,2.92
Wheat,Andhra Pradesh,Rabi,9.08,511.9,24.5,61.8,6.8,191.6,70.2,93.1,190.2,4.64
Wheat,Tamil Nadu,Zaid,9.5,1167.6,24.7,63.9,6.79,121.2,53.9,60.5,92.3,3.69
Wheat,Punjab,Zaid,3.41,681.6,24.9,73.3,6.23,122.8,47.5,84.9,125.2,4.15
Sugarcane,Andhra Pradesh,Zaid,8.8,717.8,22.7,64.6,5.34,91.3,57.2,94.0,138.4,90.7
Wheat,Tamil Nadu,Zaid,8.97,676.2,28.5,71.6,6.78,58.4,43.5,71.4,67.6,3.77
Sugarcane,Uttar Pradesh,Zaid,1.18,784.8,28.2,65.6,5.98,62.9,82.9,82.7,212.8,95.72
Groundnut,Andhra Pradesh,Kharif,1.55,1595.4,31.9,60.5,6.68,69.3,66.0,144.4,144.6,2.51
Potato,Maharashtra,Kharif,3.08,1036.8,21.0,75.4,7.02,144.7,58.6,94.9,122.8,28.94
Potato,Tamil Nadu,Rabi,4.28,1552.0,22.4,56.4,7.61,143.7,53.5,93.9,157.0,26.04
Wheat,Uttar Pradesh,Kharif,9.55,1010.1,29.0,72.3,6.96,81.1,15.7,154.3,172.0,4.47
Groundnut,West Bengal,Zaid,2.36,1092.8,24.6,72.6,7.48,96.7,66.6,112.8,121.2,2.68
Wheat,Maharashtra,Rabi,7.84,,31.8,67.8,7.24,113.4,100.5,120.1,68.6,4.18
Sugarcane,Gujarat,Zaid,5.64,927.3,17.7,76.7,5.52,94.6,56.6,124.6,207.1,83.66
Pulses,Gujarat,Zaid,1.82,511.1,26.3,66.7,5.59,90.4,40.1,92.1,232.1,1.63
Groundnut,Tamil Nadu,Zaid,2.89,850.3,22.4,58.7,7.49,49.0,64.8,120.4,165.9,2.88
Pulses,West Bengal,Rabi,4.53,1119.7,30.2,59.3,6.39,89.1,56.4,44.6,34.8,1.68
Potato,Andhra Pradesh,Zaid,0.52,726.1,25.3,71.9,6.54,188.6,61.3,110.0,121.3,26.28
Potato,Madhya Pradesh,Rabi,4.31,1482.4,26.3,85.3,,90.8,42.0,30.0,127.7,24.23
Sugarcane,Madhya Pradesh,Rabi,6.29,1039.3,29.3,71.2,7.32,116.5,53.6,99.1,124.9,
Cotton,West Bengal,Zaid,6.22,864.9,27.9,46.0,4.8,114.8,40.1,107.9,205.5,2.46
Cotton,Punjab,Kharif,3.24,900.5,29.5,60.8,5.59,132.3,47.8,108.0,20.0,2.92
Rice,Andhra Pradesh,Zaid,5.84,1003.1,27.8,73.3,5.47,183.5,70.1,68.7,158.5,4.36
Rice,Madhya Pradesh,Zaid,3.42,250.0,,83.5,8.13,64.6,53.5,87.9,97.6,3.4
Rice,Madhya Pradesh,Rabi,3.44,1270.8,24.5,62.4,7.73,122.6,46.5,151.4,203.5,4.59
Maize,Gujarat,Rabi,1.6,584.7,28.2,78.0,7.27,180.0,63.8,58.6,141.3,5.49
Rice,Gujarat,Kharif,7.47,483.5,25.8,78.6,5.44,154.4,97.3,101.5,135.2,4.65
Pulses,Madhya Pradesh,Kharif,5.9,275.8,27.7,84.1,8.2,164.3,34.3,46.1,63.9,1.73
Wheat,Punjab,Zaid,3.29,726.9,22.4,66.9,7.16,58.3,61.6,120.4,119.4,4.15
Maize,Uttar Pradesh,Kharif,3.39,838.9,28.8,92.4,8.2,105.5,43.8,144.7,222.7,5.45
Groundnut,Tamil Nadu,Zaid,5.33,1012.0,32.4,81.8,6.5,89.6,41.4,80.3,180.7,2.71
Sugarcane,Gujarat,Rabi,2.1,829.0,23.9,60.1,7.61,144.1,61.6,97.2,179.2,102.43
Pulses,Gujarat,Zaid,2.93,948.2,27.7,48.3,6.82,129.0,38.7,109.7,20.0,1.56
Potato,Tamil Nadu,Rabi,4.65,1103.9,21.5,63.4,7.33,135.1,28.3,91.2,20.0,24.54
Potato,Maharashtra,Kharif,0.65,985.0,21.8,61.5,,89.6,56.8,74.0,176.9,28.51
Potato,Haryana,Kharif,1.05,917.0,22.8,55.3,6.48,54.0,42.9,114.0,73.9,27.35
Wheat,Madhya Pradesh,Kharif,1.79,1020.7,28.6,56.3,5.61,106.0,42.9,117.1,167.4,4.35
Maize,Punjab,Zaid,5.5,1066.0,16.8,54.5,7.57,150.8,52.7,117.7,20.0,4.84
Wheat,Andhra Pradesh,Kharif,5.51,759.4,32.2,30.0,5.28,137.2,63.1,143.6,127.0,4.29
Maize,Uttar Pradesh,Zaid,6.33,1279.2,17.2,80.6,5.53,161.3,38.7,98.8,118.9,4.46
Maize,West Bengal,Rabi,2.38,520.8,32.5,66.4,7.54,163.4,26.4,49.4,151.5,5.13
Groundnut,Haryana,Rabi,5.42,714.5,26.3,60.5,6.88,120.4,22.7,149.8,83.5,3.1
Potato,West Bengal,Zaid,4.39,250.0,23.8,62.5,6.26,61.7,62.0,115.1,146.6,22.04
Wheat,Maharashtra,Kharif,5.42,590.5,33.2,76.1,8.03,162.2,25.1,123.6,58.7,3.94
Wheat,Karnataka,Zaid,3.5,250.0,28.6,78.7,6.87,86.6,72.1,127.3,23.4,3.34
Maize,Uttar Pradesh,Rabi,2.03,618.1,31.3,43.7,6.85,105.9,55.8,64.3,130.3,5.25
Wheat,Punjab,Rabi,3.83,629.2,24.8,66.5,5.97,148.2,72.5,71.8,223.1,4.89
Pulses,Haryana,Rabi,1.93,781.5,23.1,69.9,7.48,186.0,84.2,74.8,30.0,1.75
Sugarcane,Madhya Pradesh,Kharif,7.55,613.1,25.2,70.5,6.75,155.7,52.0,90.9,108.5,89.3
Groundnut,Punjab,Zaid,2.06,711.7,31.4,86.7,5.58,86.5,87.6,120.9,124.4,3.28
Sugarcane,West Bengal,Kharif,4.83,726.7,22.6,58.2,6.75,146.2,60.8,86.2,156.9,108.65
Potato,Tamil Nadu,Rabi,0.5,1221.3,17.7,82.3,7.81,64.9,55.9,36.9,209.7,24.02
Groundnut,Karnataka,Kharif,2.0,1361.0,27.6,84.1,6.41,143.5,64.1,70.8,82.9,2.82
Rice,Uttar Pradesh,Zaid,7.0,548.8,23.7,69.5,7.12,111.6,70.4,118.9,236.0,4.34
Potato,Gujarat,Kharif,2.02,1095.5,16.5,79.2,6.46,175.7,53.7,125.4,148.4,26.84
Cotton,Madhya Pradesh,Zaid,11.08,1346.3,18.4,66.1,6.69,71.1,,86.0,191.6,2.28
Maize,Gujarat,Zaid,2.9,910.3,29.9,81.0,6.02,124.8,46.6,115.0,174.9,4.87
Potato,Punjab,Zaid,3.55,1372.2,26.2,79.8,8.2,121.6,53.6,117.1,103.2,25.16
Rice,Karnataka,Zaid,5.7,643.1,21.1,62.1,6.56,147.8,93.2,160.5,157.2,4.12
Sugarcane,Madhya Pradesh,Zaid,4.4,888.0,15.0,71.1,7.87,113.2,66.5,106.6,141.8,90.8
Potato,Haryana,Kharif,1.61,848.8,33.3,82.2,6.04,141.9,53.6,108.7,184.0,29.7
Rice,Gujarat,Rabi,4.77,673.6,25.0,68.0,8.09,162.6,60.9,103.3,130.0,4.84
Groundnut,Uttar Pradesh,Rabi,4.46,582.3,33.6,77.9,6.92,40.0,52.8,96.8,172.3,2.86
Cotton,Uttar Pradesh,Zaid,3.24,1007.0,24.7,63.0,7.08,76.9,69.6,120.5,154.4,2.31
Pulses,Haryana,Zaid,1.49,583.3,21.6,56.2,7.02,157.1,49.9,76.6,215.5,1.75
Sugarcane,Haryana,Rabi,8.82,1132.9,30.2,71.9,6.3,119.3,79.2,100.8,128.3,103.95
Rice,West Bengal,Kharif,1.02,1044.9,26.2,79.2,6.82,121.4,45.3,137.6,24.6,4.23
Rice,Karnataka,Kharif,1.59,707.8,33.7,59.8,6.59,93.6,,93.4,52.6,4.36
Rice,Gujarat,Rabi,4.02,985.2,28.2,79.8,6.3,174.2,32.2,50.7,183.6,4.72
Maize,Maharashtra,Rabi,5.89,496.8,22.3,67.6,7.71,122.0,72.0,146.7,94.9,4.74
Cotton,Tamil Nadu,Kharif,10.22,1091.3,32.6,49.3,6.41,112.4,38.8,62.1,139.6,2.48
Maize,Andhra Pradesh,Kharif,5.33,1783.2,33.5,63.0,7.16,104.1,49.3,139.2,,4.84
Cotton,Gujarat,Rabi,4.74,853.1,21.4,63.3,7.26,109.0,18.6,102.6,112.0,2.78
Maize,Uttar Pradesh,Zaid,5.91,1200.2,28.9,64.1,6.32,66.5,74.0,90.3,166.5,4.86
Pulses,Tamil Nadu,Rabi,3.9,649.4,19.3,65.1,7.06,230.2,50.1,57.0,193.8,1.92
Pulses,Karnataka,Rabi,5.79,,27.8,58.7,6.13,143.6,64.9,67.0,220.6,1.71
Pulses,Gujarat,Rabi,6.68,1287.6,34.5,67.0,7.84,121.9,60.9,67.9,189.2,1.79
Maize,Gujarat,Zaid,3.85,733.0,24.4,70.6,5.58,148.4,70.2,147.6,98.8,4.43
Groundnut,Gujarat,Rabi,1.86,1263.6,25.1,63.1,6.59,91.1,15.0,138.8,34.5,2.55
Groundnut,West Bengal,Rabi,5.13,490.2,28.7,36.8,7.01,152.9,53.9,91.4,142.0,2.97
Groundnut,Gujarat,Zaid,4.18,623.3,26.8,67.4,6.14,88.2,39.4,72.5,48.0,2.73
Rice,Tamil Nadu,Kharif,5.8,1096.1,22.1,58.4,6.79,174.1,27.0,86.2,98.3,4.9
Cotton,Uttar Pradesh,Rabi,6.82,1037.5,22.4,53.7,7.15,88.8,33.7,96.1,117.7,2.49
Wheat,Karnataka,Kharif,3.47,746.8,38.4,42.6,5.76,126.0,65.8,82.4,183.5,4.1
Sugarcane,Uttar Pradesh,Rabi,5.1,391.8,19.2,60.1,6.94,109.4,,153.7,92.4,99.14
Sugarcane,Uttar Pradesh,Zaid,5.55,1231.1,29.8,69.5,8.01,86.1,34.4,155.2,150.5,103.82
Rice,Haryana,Kharif,5.72,1351.4,29.4,55.0,7.69,166.8,103.2,141.7,225.2,5.27
Maize,Gujarat,Zaid,6.74,493.4,26.8,53.0,6.31,157.6,48.5,87.5,261.6,5.1
Potato,Haryana,Zaid,2.89,757.4,29.3,58.0,5.35,40.0,54.1,136.7,180.1,26.31
Maize,Haryana,Rabi,2.92,705.5,31.9,86.0,6.02,141.0,48.4,98.1,162.7,5.39
Groundnut,West Bengal,Zaid,1.32,1275.0,20.9,68.3,6.74,166.0,58.4,51.2,55.2,2.28
Cotton,Maharashtra,Rabi,7.09,538.3,25.9,,6.82,167.6,65.7,60.5,127.3,2.32
Sugarcane,Haryana,Rabi,5.65,553.6,30.8,66.9,6.39,128.3,28.6,87.9,180.7,105.07
Maize,Maharashtra,Rabi,6.35,899.6,29.8,73.3,6.72,150.3,60.8,111.4,182.5,5.47
Sugarcane,Andhra Pradesh,Rabi,3.66,788.0,25.6,86.0,6.77,134.2,82.5,184.6,48.9,100.41
Wheat,West Bengal,Zaid,9.6,1141.4,33.7,95.0,6.17,149.4,66.4,108.4,179.5,4.18
Rice,Maharashtra,Kharif,2.1,750.6,24.6,87.6,6.57,102.0,50.0,78.3,77.7,4.11
Pulses,Tamil Nadu,Zaid,1.33,898.9,28.3,68.7,6.7,104.1,59.9,159.7,216.2,1.65
Rice,West Bengal,Kharif,2.07,745.8,32.1,72.9,6.76,,37.1,105.3,170.8,4.74
Sugarcane,Haryana,Kharif,1.21,999.4,28.0,61.0,6.44,125.4,103.8,127.2,288.3,116.61
Cotton,Haryana,Kharif,6.6,1110.6,30.0,80.8,6.92,72.6,61.4,51.3,134.4,2.72
Wheat,West Bengal,Kharif,7.19,1020.4,28.7,66.5,7.37,153.9,28.1,86.8,97.6,4.28
Pulses,Uttar Pradesh,Rabi,4.86,885.3,26.6,77.4,7.2,160.7,64.2,153.6,111.6,2.06
Cotton,Madhya Pradesh,Kharif,4.65,571.6,24.3,78.4,7.4,126.6,43.6,71.0,134.6,2.5
Groundnut,Andhra Pradesh,Kharif,5.66,804.5,32.6,68.7,6.71,172.0,31.5,67.8,128.5,3.03
Maize,Uttar Pradesh,Rabi,3.54,803.2,26.1,66.2,4.8,81.3,31.0,108.8,211.9,5.0
Cotton,Maharashtra,Zaid,4.34,250.0,25.9,54.2,6.21,90.6,20.6,68.3,43.3,1.97
Wheat,Punjab,Zaid,1.62,818.2,27.5,83.8,5.73,123.0,38.7,123.5,129.6,4.23
Sugarcane,Haryana,Rabi,8.71,668.8,33.5,71.3,7.55,152.0,51.5,128.6,107.5,108.37
Groundnut,Madhya Pradesh,Kharif,5.29,1010.8,34.6,78.4,7.02,111.6,57.8,121.9,156.1,2.98
Rice,Maharashtra,Zaid,3.05,1120.4,31.8,67.0,7.54,168.5,71.7,126.1,176.7,4.41
Groundnut,Karnataka,Zaid,5.78,753.5,27.4,85.4,5.58,124.1,90.4,86.5,112.4,2.45
Potato,Karnataka,Kharif,2.01,538.0,27.0,95.0,6.67,45.1,65.2,78.6,23.3,23.05
Wheat,West Bengal,Zaid,5.89,1003.6,22.5,62.3,5.87,165.6,37.6,117.4,196.3,4.23
Sugarcane,Madhya Pradesh,Zaid,1.87,1175.9,28.9,45.2,5.89,107.7,57.3,49.7,190.6,76.52
Rice,Karnataka,Rabi,7.63,308.5,24.6,66.1,5.07,76.0,50.3,121.1,115.1,4.38
Pulses,Tamil Nadu,Kharif,4.02,1012.8,23.7,,6.93,146.5,67.6,80.5,283.1,2.0
Potato,Uttar Pradesh,Zaid,1.53,1313.6,30.2,65.0,5.73,122.0,61.4,101.7,150.9,25.04
Groundnut,Maharashtra,Rabi,4.17,588.7,32.1,70.8,5.05,150.1,74.2,126.3,247.8,2.83
Sugarcane,Tamil Nadu,Rabi,4.65,571.2,33.7,80.5,7.34,127.4,38.5,125.6,163.6,108.71
Pulses,West Bengal,Rabi,6.98,1244.7,20.7,61.4,6.5,202.5,40.2,96.8,255.1,1.76
Pulses,Haryana,Kharif,2.89,804.8,20.6,60.6,7.88,145.9,39.9,,95.2,2.01
Wheat,Andhra Pradesh,Zaid,9.9,805.1,34.0,77.1,6.42,74.1,69.8,112.3,219.1,3.87
Potato,West Bengal,Rabi,0.85,740.3,30.4,54.7,6.26,50.0,,120.6,223.8,27.88
Sugarcane,Punjab,Zaid,4.72,902.8,24.7,57.0,5.47,142.3,91.1,158.0,93.8,100.69
Rice,Haryana,Zaid,3.29,674.8,29.2,62.9,6.09,83.5,79.0,76.6,129.6,4.35
Pulses,Karnataka,Rabi,6.1,736.9,18.8,66.5,8.2,148.9,38.3,116.3,127.7,1.65
Cotton,Uttar Pradesh,Zaid,9.96,454.9,29.9,76.4,5.41,110.4,52.0,117.7,185.7,2.4
Cotton,Karnataka,Zaid,5.63,,26.7,45.3,5.91,112.4,75.2,85.4,157.9,2.08
Sugarcane,Punjab,Zaid,8.42,1174.9,27.9,68.4,6.97,135.8,22.8,102.6,73.1,101.47
Rice,Andhra Pradesh,Kharif,7.7,1142.7,18.8,65.9,5.69,100.0,15.0,142.6,76.0,4.55
Pulses,Maharashtra,Zaid,3.54,1259.9,33.7,71.1,7.71,236.9,55.0,151.9,221.9,1.64
Potato,Tamil Nadu,Rabi,3.55,773.0,25.2,,6.58,114.6,41.6,107.0,114.8,26.41
Wheat,Gujarat,Kharif,5.32,1345.9,36.2,67.4,6.23,59.2,26.3,154.1,110.5,4.26
Cotton,Uttar Pradesh,Rabi,3.44,1003.5,20.2,48.0,6.94,,62.6,105.0,103.8,2.42
Pulses,Tamil Nadu,Kharif,2.46,658.9,27.0,87.0,6.75,193.9,59.2,145.1,222.2,1.88
Maize,Haryana,Rabi,4.71,280.6,30.7,64.8,7.16,135.7,47.5,82.4,164.3,4.76
Cotton,Andhra Pradesh,Zaid,9.17,675.0,26.1,95.0,5.88,112.9,47.7,98.9,84.8,2.49
Sugarcane,Tamil Nadu,Rabi,6.28,983.0,28.9,69.5,6.97,118.1,85.4,124.6,134.7,108.56
Maize,Andhra Pradesh,Kharif,3.46,549.3,23.8,66.0,6.17,163.9,41.1,69.7,71.6,5.21
Wheat,Tamil Nadu,Zaid,4.61,612.2,21.1,70.5,6.93,135.1,44.8,85.7,177.2,4.29
Wheat,Maharashtra,Kharif,3.27,270.7,27.3,76.6,6.19,139.9,62.5,191.0,128.4,3.85
Wheat,Madhya Pradesh,Zaid,3.71,1010.4,28.2,89.5,5.66,148.2,55.6,220.0,20.0,4.08
Rice,Karnataka,Kharif,3.55,925.2,22.6,83.6,7.8,119.6,70.1,156.6,79.1,4.63
Sugarcane,Tamil Nadu,Kharif,5.26,1189.5,23.6,71.1,7.56,97.6,52.6,114.3,141.8,105.06
Wheat,Andhra Pradesh,Rabi,5.39,681.4,26.0,69.3,6.45,113.5,52.4,86.2,113.1,4.29
Rice,Andhra Pradesh,Rabi,5.99,1012.9,32.1,78.2,7.24,112.1,60.1,119.4,204.0,4.02
Sugarcane,Punjab,Zaid,6.95,916.8,26.1,58.2,5.69,,22.4,128.5,201.7,98.75
Cotton,Uttar Pradesh,Zaid,9.16,349.7,22.1,65.9,6.5,132.3,48.9,165.1,215.8,2.67
Pulses,Haryana,Zaid,3.82,822.3,19.2,55.2,5.57,142.2,49.6,148.9,230.4,1.79
Maize,Andhra Pradesh,Rabi,6.0,491.2,20.8,66.8,5.88,120.8,65.0,162.2,178.6,5.36
Wheat,Punjab,Zaid,4.62,1142.3,28.4,70.8,6.88,77.6,27.4,119.1,89.4,3.93
Potato,Punjab,Zaid,0.76,514.8,21.4,63.0,8.2,103.6,21.7,70.2,149.3,26.22
Rice,Maharashtra,Rabi,6.17,1067.8,30.9,66.4,6.77,93.2,53.8,98.6,209.3,4.79
Wheat,Punjab,Rabi,6.43,559.6,26.5,49.4,6.58,118.9,39.5,170.6,159.1,5.11
Rice,Madhya Pradesh,Kharif,2.92,292.4,22.8,77.8,6.15,226.7,35.9,117.9,195.7,4.82
Rice,Maharashtra,Kharif,4.42,791.9,28.2,86.9,6.48,197.8,55.9,122.9,176.4,4.51
Cotton,Madhya Pradesh,Zaid,4.7,765.8,32.0,68.9,6.95,133.4,31.1,100.1,174.9,2.35
Rice,West Bengal,Kharif,4.09,1025.3,27.7,57.8,7.55,78.1,55.7,,107.2,4.37
Groundnut,Punjab,Zaid,4.33,581.7,28.0,93.8,7.15,130.9,83.7,119.0,166.9,2.79
Cotton,West Bengal,Rabi,9.9,836.7,22.1,63.6,7.58,194.6,28.5,110.2,72.0,2.62
Pulses,Andhra Pradesh,Zaid,6.66,1183.2,26.6,68.6,5.74,75.8,51.5,164.8,49.7,1.5
Rice,Karnataka,Rabi,6.69,478.8,27.6,71.3,5.87,123.8,83.8,40.4,99.5,4.15
Sugarcane,Punjab,Zaid,8.03,773.9,27.3,91.6,5.92,49.6,62.2,70.8,175.2,91.93
Groundnut,Punjab,Zaid,2.03,1147.6,23.4,68.4,6.88,162.0,80.7,136.9,107.2,2.95
Cotton,Madhya Pradesh,Zaid,11.4,405.9,22.3,64.8,6.64,147.1,38.9,148.9,218.7,2.37
Pulses,Haryana,Rabi,6.02,586.2,28.3,70.6,6.51,193.5,68.0,,149.3,1.96
Sugarcane,Karnataka,Zaid,6.41,849.3,31.1,56.4,6.64,192.3,67.1,136.0,130.3,102.31
Pulses,Uttar Pradesh,Zaid,1.36,435.9,26.2,69.1,7.31,51.9,33.7,74.1,181.7,1.59
Rice,Tamil Nadu,Rabi,3.31,874.6,27.9,58.4,6.44,136.0,35.4,134.3,191.2,4.77
Maize,Andhra Pradesh,Zaid,3.31,579.9,34.3,63.7,6.65,148.5,54.8,85.0,221.5,4.95
Groundnut,Madhya Pradesh,Kharif,1.05,254.3,27.1,66.1,6.6,180.2,84.4,90.3,238.4,2.93
Cotton,Karnataka,Kharif,3.02,803.5,33.4,51.7,6.05,137.2,34.8,85.1,81.6,2.45
Pulses,Madhya Pradesh,Kharif,3.47,690.8,29.8,59.6,7.47,113.6,55.5,104.7,160.1,1.78
Cotton,West Bengal,Zaid,7.25,902.3,18.8,92.0,7.53,95.1,36.5,134.7,137.8,2.48
Cotton,Andhra Pradesh,Kharif,8.46,1309.9,30.4,68.9,6.18,,19.7,103.8,159.5,2.52
Maize,Madhya Pradesh,Rabi,5.76,792.0,25.1,80.1,8.02,130.0,60.1,30.0,188.3,4.76
Groundnut,Gujarat,Rabi,4.91,593.2,35.4,73.4,7.14,82.0,54.4,122.9,157.3,2.83
Sugarcane,Karnataka,Rabi,6.25,895.3,26.1,69.0,6.59,70.4,15.0,190.6,146.1,100.48
Sugarcane,Karnataka,Rabi,4.23,690.6,26.5,75.2,6.46,136.8,79.4,87.8,265.8,95.45
Rice,Haryana,Zaid,2.58,1125.9,38.5,56.5,6.23,129.9,66.6,111.0,212.2,4.32
Rice,Andhra Pradesh,Zaid,5.31,1040.7,25.9,57.9,6.2,53.4,41.4,126.3,48.3,4.05
Groundnut,Madhya Pradesh,Zaid,1.77,1313.3,24.1,57.8,6.58,108.8,68.5,126.2,237.5,2.83
Cotton,Andhra Pradesh,Zaid,2.92,1233.6,25.8,94.7,6.52,119.5,41.2,75.8,93.7,2.41
Groundnut,Andhra Pradesh,Rabi,3.35,763.9,30.9,62.2,7.43,161.5,66.8,82.7,214.7,3.16
Wheat,Tamil Nadu,Rabi,2.0,1224.8,27.1,83.8,4.99,123.3,36.8,115.3,171.2,4.44
Groundnut,West Bengal,Rabi,2.05,482.5,27.8,60.7,6.04,150.3,50.6,95.9,147.4,2.91
Cotton,Uttar Pradesh,Rabi,8.37,482.6,24.0,82.9,5.86,145.6,61.5,80.5,97.8,2.47
Groundnut,Maharashtra,Kharif,4.47,721.3,15.0,83.5,5.56,105.7,35.6,102.2,60.0,2.47
Cotton,Karnataka,Kharif,4.02,969.0,29.8,77.7,6.92,154.3,82.3,83.2,152.4,2.71
Pulses,Haryana,Rabi,4.28,879.8,25.3,57.1,5.57,123.9,44.9,40.6,164.6,1.99
Rice,Uttar Pradesh,Zaid,6.41,1289.7,37.0,56.8,7.43,48.4,47.6,119.0,152.4,3.85
Cotton,Haryana,Kharif,11.23,695.2,27.8,59.8,6.16,157.6,82.9,132.8,137.0,2.99
Cotton,Maharashtra,Zaid,5.55,1043.0,27.6,72.3,6.73,149.8,71.0,115.0,114.7,2.33
Wheat,Punjab,Kharif,4.34,996.4,27.1,72.7,6.19,99.2,45.2,113.4,134.4,4.61
Pulses,West Bengal,Rabi,5.52,489.6,27.4,75.4,6.68,78.3,69.4,146.4,133.7,1.68
Maize,Tamil Nadu,Kharif,5.62,1679.2,26.6,46.3,7.79,157.0,49.1,155.3,87.2,5.07
Maize,Madhya Pradesh,Kharif,6.42,472.8,32.4,62.3,6.78,152.6,85.8,108.5,20.0,4.83
Cotton,Uttar Pradesh,Rabi,11.73,1263.0,26.1,67.8,7.0,99.3,60.8,100.8,166.6,2.89
Groundnut,Tamil Nadu,Kharif,5.46,945.7,27.5,70.4,6.19,155.0,75.1,137.2,133.5,3.04
Wheat,Andhra Pradesh,Kharif,4.11,602.3,25.5,83.8,5.9,196.8,94.2,126.5,188.2,4.77
Wheat,Tamil Nadu,Kharif,9.71,1186.7,38.0,64.1,5.57,147.1,48.5,132.0,144.8,4.51
Pulses,Gujarat,Kharif,2.52,471.5,25.7,67.1,6.03,98.4,50.5,100.6,155.8,1.61
Rice,Tamil Nadu,Zaid,1.47,524.4,34.6,75.6,6.49,135.8,32.0,113.6,221.1,4.69
Wheat,Gujarat,Zaid,8.69,838.7,32.6,55.2,6.06,148.0,33.2,65.1,173.0,3.86
Rice,Punjab,Rabi,3.8,1282.3,24.7,65.0,5.78,140.2,65.2,111.9,98.2,4.6
Groundnut,Punjab,Zaid,2.74,,18.8,70.3,6.61,96.8,48.4,34.4,92.2,2.53
Rice,Tamil Nadu,Rabi,1.63,344.8,21.8,62.4,6.12,144.8,36.4,100.8,87.8,3.94
Maize,Madhya Pradesh,Kharif,6.22,,27.5,68.7,7.16,150.2,52.6,126.9,143.8,4.93
Wheat,Tamil Nadu,Kharif,4.04,854.0,32.0,95.0,6.22,139.9,46.5,79.8,146.9,4.57
Potato,Uttar Pradesh,Kharif,2.14,382.1,,61.5,6.81,173.9,83.1,102.8,165.8,25.09
Rice,Punjab,Kharif,3.43,515.4,21.3,65.0,6.31,132.4,64.3,60.5,135.3,5.28
Groundnut,Tamil Nadu,Zaid,1.82,924.5,25.2,55.3,6.49,122.5,49.7,139.8,137.8,2.6
Cotton,Madhya Pradesh,Kharif,2.69,819.9,26.6,89.7,6.32,140.9,54.3,155.9,206.9,2.76
Rice,Uttar Pradesh,Kharif,5.58,833.2,28.2,73.5,5.11,108.1,55.2,114.2,214.6,5.06
Groundnut,West Bengal,Kharif,2.27,1100.1,28.4,63.6,6.67,91.9,48.7,98.5,51.0,2.82
Potato,Uttar Pradesh,Zaid,2.19,1558.5,20.9,61.6,6.94,154.3,51.1,105.4,171.4,25.41
Groundnut,Maharashtra,Zaid,1.24,250.0,28.4,60.7,6.7,151.4,57.1,146.5,114.7,2.42
Cotton,Maharashtra,Rabi,9.11,1158.8,23.4,60.1,7.22,173.2,26.9,40.4,247.7,2.41
Pulses,Maharashtra,Rabi,5.89,989.9,15.8,68.7,6.54,156.1,29.9,45.0,120.6,1.84
Groundnut,Punjab,Zaid,3.03,975.9,28.5,67.2,7.11,130.9,63.9,91.0,122.4,2.62
Pulses,Uttar Pradesh,Rabi,4.16,1321.5,26.0,88.5,6.47,126.6,28.2,156.3,57.0,1.69
Maize,West Bengal,Kharif,1.75,1041.7,27.5,66.7,6.94,147.8,33.2,152.5,132.0,4.84
Maize,Karnataka,Zaid,3.84,709.1,21.4,63.4,6.41,91.2,53.9,105.4,187.9,4.81
Wheat,Haryana,Rabi,6.37,648.3,24.7,56.2,7.06,40.0,68.3,101.6,122.2,4.92
Cotton,Gujarat,Rabi,9.89,485.3,30.3,73.4,6.48,144.1,59.1,115.4,204.3,2.39
Maize,Gujarat,Rabi,6.98,1016.7,26.7,78.3,7.62,99.2,61.9,97.8,205.9,5.09
Wheat,Uttar Pradesh,Zaid,1.66,459.3,27.7,78.1,6.72,143.7,36.1,77.7,103.6,3.66
Groundnut,Karnataka,Zaid,1.18,520.5,30.0,90.9,6.73,135.0,71.5,91.6,,2.5
Maize,Karnataka,Rabi,6.87,1247.4,24.7,74.7,7.5,101.8,79.0,169.6,100.5,4.97
Cotton,Maharashtra,Rabi,2.67,1118.8,29.7,53.8,7.28,167.2,51.7,143.8,89.4,2.52
Pulses,West Bengal,Zaid,2.16,1274.6,33.5,69.1,6.65,130.4,65.1,85.8,195.6,1.68
Groundnut,Uttar Pradesh,Zaid,1.7,1158.2,25.2,73.3,5.84,114.5,,100.4,87.7,2.44
Pulses,Uttar Pradesh,Kharif,4.82,1208.8,23.2,70.5,6.37,84.2,45.6,146.3,224.2,1.93
Pulses,West Bengal,Rabi,2.75,686.9,23.0,73.2,6.51,42.7,83.7,63.8,172.7,1.95
Wheat,Haryana,Rabi,3.84,978.8,36.7,70.3,6.56,142.2,54.3,94.1,85.9,4.62
Rice,Punjab,Rabi,5.38,1079.8,32.1,75.9,7.5,193.1,72.6,150.6,81.1,5.36
Cotton,Gujarat,Zaid,6.17,250.0,18.1,82.7,7.16,45.0,32.8,69.4,146.9,2.09
Rice,Gujarat,Kharif,2.07,1153.9,22.5,85.4,6.39,225.6,44.7,77.0,90.7,4.37
Rice,Punjab,Kharif,1.0,1382.1,15.3,66.3,7.19,107.5,32.0,106.2,150.1,5.01
Maize,West Bengal,Rabi,4.11,357.3,38.0,60.1,8.0,139.6,55.0,76.5,82.7,4.89
Wheat,Tamil Nadu,Kharif,5.64,628.7,26.4,78.1,6.25,128.7,55.4,89.1,202.6,4.53
Wheat,Punjab,Rabi,5.53,963.4,34.1,73.5,6.43,161.4,47.2,106.4,206.4,4.69
Maize,Tamil Nadu,Kharif,4.82,567.1,24.6,60.2,6.86,177.8,46.7,111.8,69.7,5.58
Pulses,West Bengal,Rabi,4.92,250.0,29.3,71.0,8.2,147.7,58.1,123.7,231.7,1.56
Wheat,Haryana,Kharif,5.88,357.7,24.4,63.9,7.42,168.2,57.6,67.6,131.0,4.6
Sugarcane,Gujarat,Rabi,7.73,1062.2,20.3,70.2,7.16,112.3,42.7,84.5,281.2,105.24
Pulses,Punjab,Rabi,6.02,485.7,31.3,74.8,,105.0,46.1,67.5,143.5,1.78
Groundnut,West Bengal,Kharif,1.27,1002.0,25.3,86.2,6.23,155.6,48.4,87.2,181.7,3.03
Wheat,Haryana,Zaid,4.62,881.8,31.8,45.3,7.68,,53.3,123.7,217.6,4.37
Maize,Karnataka,Kharif,4.09,1054.6,24.4,70.1,6.81,158.2,53.4,138.4,172.0,5.04
Sugarcane,Punjab,Zaid,1.22,981.5,22.8,64.9,6.63,123.0,62.7,36.3,88.5,92.54
Potato,Gujarat,Zaid,0.57,795.5,18.8,81.6,6.63,71.0,60.1,117.4,167.6,22.05
Rice,Haryana,Zaid,5.53,990.2,27.4,56.6,7.46,156.6,102.7,89.0,217.3,4.78
Maize,Gujarat,Rabi,4.31,1081.6,19.5,62.6,5.93,126.2,80.2,128.7,83.7,5.14
Pulses,Maharashtra,Rabi,5.63,1159.0,27.1,73.9,7.25,88.9,39.4,62.6,134.2,1.76
Potato,West Bengal,Rabi,1.54,973.1,20.9,51.9,6.96,166.4,28.8,96.6,34.7,27.79
Wheat,Tamil Nadu,Zaid,6.7,982.5,21.6,43.6,6.8,118.5,86.8,49.7,126.2,4.12
Pulses,Tamil Nadu,Zaid,1.41,816.6,25.8,75.5,6.5,182.9,64.9,169.6,41.4,1.69
Wheat,Gujarat,Rabi,8.08,450.2,23.7,70.2,6.21,120.9,88.9,114.3,142.8,4.38
Rice,Maharashtra,Kharif,7.12,772.5,20.1,87.1,6.97,129.8,54.6,194.3,218.6,4.75
Maize,Madhya Pradesh,Rabi,4.73,663.0,15.0,87.6,7.4,93.4,56.2,30.4,105.2,4.47
Maize,Andhra Pradesh,Kharif,3.01,724.6,26.0,64.6,5.91,138.2,55.2,91.5,190.4,5.41
Pulses,Uttar Pradesh,Rabi,3.06,479.2,26.4,71.6,6.97,100.4,74.8,101.2,283.6,1.95
Groundnut,Tamil Nadu,Rabi,3.41,461.1,31.3,76.0,5.6,118.1,57.4,97.7,197.5,2.93
Potato,Tamil Nadu,Rabi,1.45,1025.5,20.6,55.1,7.43,133.7,,106.0,85.6,26.53
Rice,Tamil Nadu,Rabi,3.11,512.1,28.2,71.9,7.01,162.2,81.4,160.9,132.5,4.8
Rice,Uttar Pradesh,Kharif,7.33,912.4,24.6,62.2,7.73,118.3,61.6,126.4,165.8,5.14
Potato,West Bengal,Zaid,3.63,976.6,31.2,58.7,7.54,148.9,38.9,148.0,192.1,25.15
Pulses,Karnataka,Kharif,3.78,328.4,15.0,44.2,7.36,119.9,70.8,129.3,70.1,1.63
Cotton,Maharashtra,Zaid,11.58,1184.6,35.9,70.2,7.8,165.1,15.8,102.5,130.6,2.21
Potato,Maharashtra,Rabi,3.59,760.9,29.4,63.5,5.26,117.4,46.6,95.0,143.3,24.97
Cotton,Haryana,Zaid,10.02,873.0,19.7,73.3,7.2,92.3,31.5,146.2,58.3,2.43
Sugarcane,Gujarat,Zaid,5.64,250.0,33.2,58.0,7.69,109.4,57.2,134.5,63.3,77.36
Groundnut,Karnataka,Kharif,4.34,453.9,23.1,56.9,6.96,92.4,65.6,128.6,139.6,2.7
Groundnut,Madhya Pradesh,Kharif,2.22,1800.0,33.6,67.7,7.75,104.5,85.8,133.7,132.2,2.54
Sugarcane,West Bengal,Rabi,7.99,972.2,25.0,60.8,6.35,92.0,55.1,69.1,54.9,99.79
Wheat,Andhra Pradesh,Rabi,6.91,753.8,26.6,47.8,7.21,119.6,106.8,174.7,175.3,4.8
Cotton,Andhra Pradesh,Zaid,8.33,1069.9,26.5,73.5,8.2,103.5,64.6,103.9,88.1,2.32
Pulses,Punjab,Kharif,6.11,649.2,25.7,66.5,6.95,150.0,48.5,93.7,51.5,1.91
Rice,Haryana,Zaid,5.05,815.8,24.7,74.2,6.4,90.8,87.7,59.6,62.0,
Rice,West Bengal,Kharif,5.13,1381.1,26.9,57.5,7.14,108.0,54.7,118.1,206.0,4.64
Potato,Andhra Pradesh,Zaid,1.46,250.0,26.2,60.0,6.67,116.2,68.4,138.0,155.2,22.98
Potato,Madhya Pradesh,Kharif,3.49,1309.3,28.0,76.4,5.73,135.9,79.0,106.9,36.6,25.46
Potato,Punjab,Zaid,4.4,1276.4,27.9,62.0,6.14,171.8,32.4,119.1,139.3,26.67
Wheat,West Bengal,Zaid,9.4,1174.4,23.3,85.0,6.62,,44.8,131.2,102.8,4.06
Rice,West Bengal,Kharif,7.84,1275.4,36.2,67.0,7.37,157.4,70.8,132.3,,4.71
Groundnut,West Bengal,Zaid,3.72,345.3,30.4,79.8,6.75,134.9,28.5,92.3,173.9,2.64
Pulses,Gujarat,Kharif,5.29,915.3,24.1,77.5,5.45,117.6,58.3,52.5,176.6,1.75
Sugarcane,Maharashtra,Rabi,1.21,532.1,30.7,76.5,6.95,56.4,68.3,146.9,155.7,
Wheat,West Bengal,Rabi,8.81,840.7,27.3,72.2,6.1,96.3,64.6,54.4,199.2,4.3
Groundnut,Tamil Nadu,Rabi,4.71,725.7,28.5,75.2,7.69,143.9,19.2,130.6,42.5,2.7
Pulses,Maharashtra,Zaid,1.69,611.6,26.5,68.7,6.18,111.8,64.6,99.7,226.8,1.46
Cotton,West Bengal,Rabi,6.76,1009.4,24.5,77.6,6.7,141.9,40.7,115.2,174.2,2.71
Sugarcane,Karnataka,Kharif,1.22,969.6,37.5,70.6,6.49,162.4,71.1,99.6,236.8,97.17
Sugarcane,Uttar Pradesh,Zaid,8.7,1096.9,33.2,58.7,7.88,180.5,82.3,137.0,20.0,94.19
Cotton,West Bengal,Rabi,11.01,1086.8,25.5,69.9,6.59,147.2,92.5,53.5,114.6,2.81
Groundnut,Andhra Pradesh,Rabi,4.7,867.9,30.6,65.0,6.16,99.9,20.4,44.6,178.6,2.95
Sugarcane,Uttar Pradesh,Rabi,2.5,715.5,19.0,65.5,7.01,125.6,94.4,58.3,129.2,100.35
Cotton,Maharashtra,Zaid,4.63,1461.8,27.6,73.4,6.54,169.2,56.0,114.6,184.2,2.33
Groundnut,Andhra Pradesh,Zaid,2.44,455.2,25.6,61.4,7.35,80.1,47.9,123.5,233.7,2.83
Pulses,Haryana,Zaid,6.73,1239.2,23.2,90.7,6.66,114.5,81.0,128.3,144.0,1.66
Wheat,Karnataka,Zaid,7.56,1236.6,30.1,86.2,5.11,120.3,44.9,85.9,190.0,3.77
Maize,Haryana,Kharif,4.37,521.7,27.9,75.7,5.68,114.5,35.7,196.9,135.2,5.49
Wheat,West Bengal,Zaid,1.68,896.4,26.4,72.7,6.02,115.6,35.7,116.4,81.2,4.39
Cotton,West Bengal,Kharif,11.78,943.2,19.9,52.4,5.73,79.0,76.1,96.2,79.4,2.62
Sugarcane,Gujarat,Rabi,5.33,250.0,33.9,75.8,6.99,171.9,36.2,117.8,119.6,84.96
Pulses,Uttar Pradesh,Rabi,3.14,513.9,26.8,64.7,7.84,85.8,50.2,146.1,160.0,1.82
Sugarcane,Uttar Pradesh,Rabi,3.16,419.7,32.3,50.3,6.16,97.4,39.2,148.9,132.6,99.46
Maize,Tamil Nadu,Zaid,4.91,375.0,24.5,62.1,6.67,142.3,78.2,107.3,176.2,4.57
Groundnut,West Bengal,Zaid,3.91,653.4,30.4,57.9,7.37,86.3,40.7,115.3,148.2,2.5
Cotton,Uttar Pradesh,Kharif,6.6,805.2,28.3,84.0,7.42,112.4,38.2,119.3,43.9,2.49
Pulses,Karnataka,Rabi,2.7,826.5,30.1,85.8,6.08,109.1,38.3,119.0,179.2,1.69
Groundnut,Maharashtra,Rabi,2.85,671.3,31.6,71.6,5.45,65.9,15.0,182.6,203.0,2.74
Cotton,West Bengal,Rabi,3.96,940.8,26.8,73.1,5.98,90.0,51.6,43.5,150.6,2.85
Cotton,Tamil Nadu,Zaid,4.66,1059.3,21.0,59.8,7.31,103.7,63.7,37.5,175.2,2.07
Rice,Uttar Pradesh,Kharif,2.57,1085.9,23.8,82.8,7.53,176.1,63.5,74.5,124.0,4.63
Cotton,Uttar Pradesh,Rabi,9.9,522.1,20.3,54.2,7.69,201.5,53.6,125.9,117.6,2.59
Potato,West Bengal,Rabi,2.83,752.8,30.9,58.8,5.46,143.4,56.2,132.7,173.0,28.68
Potato,Karnataka,Rabi,4.07,447.9,21.5,70.4,6.83,158.3,51.0,96.6,78.6,24.96
Pulses,Andhra Pradesh,Zaid,5.71,863.4,26.5,73.0,,101.9,67.4,30.0,193.9,1.68
Cotton,Punjab,Kharif,3.89,386.5,23.8,60.0,6.81,,30.7,141.6,160.3,3.09
Cotton,Andhra Pradesh,Rabi,3.22,279.2,22.6,51.1,5.63,140.5,58.8,103.8,222.2,2.45
Groundnut,Maharashtra,Zaid,3.5,1255.7,25.1,74.4,6.91,192.7,73.6,,123.6,2.73
Pulses,Madhya Pradesh,Zaid,5.69,657.5,25.3,75.8,6.88,160.3,35.8,85.0,46.7,1.47
Maize,West Bengal,Zaid,4.13,580.9,22.1,74.0,5.43,67.0,97.4,102.3,208.9,5.16
Sugarcane,Andhra Pradesh,Zaid,6.45,1138.0,25.4,95.0,6.76,178.7,50.4,120.2,230.3,88.79
Potato,Maharashtra,Kharif,3.28,873.6,17.5,64.5,7.1,143.1,35.3,148.0,109.6,26.94
Groundnut,Uttar Pradesh,Rabi,5.32,1315.4,32.6,66.0,6.87,142.4,66.3,126.1,165.7,2.86
Sugarcane,Tamil Nadu,Rabi,7.21,512.3,27.4,58.6,6.59,126.7,53.0,102.7,140.0,99.48
Maize,Gujarat,Kharif,5.35,726.0,29.0,85.9,7.31,113.9,37.0,53.0,198.7,5.16
Maize,Punjab,Rabi,4.85,518.1,16.7,74.1,7.22,126.3,40.7,93.1,256.8,5.3
Pulses,Tamil Nadu,Rabi,5.32,1458.3,25.6,70.5,7.19,128.9,54.9,126.5,170.5,1.87
Maize,Punjab,Zaid,2.71,,24.9,59.0,7.62,115.5,70.2,136.7,178.3,5.24
Pulses,Punjab,Rabi,5.42,845.7,23.0,78.2,6.22,46.4,83.4,94.0,155.1,1.92
Wheat,Haryana,Kharif,2.5,1571.3,26.8,76.9,6.25,40.0,51.3,60.6,173.9,4.45
Cotton,Karnataka,Zaid,3.84,974.5,27.9,65.7,7.47,121.1,40.2,105.3,171.0,2.41
Cotton,West Bengal,Zaid,10.91,1172.4,34.0,85.3,6.97,125.2,16.4,100.4,118.2,2.32
Pulses,Uttar Pradesh,Rabi,1.54,1660.2,19.5,71.1,5.33,155.4,38.2,123.8,125.7,1.7
Groundnut,Maharashtra,Zaid,4.06,849.6,16.5,66.9,6.98,109.2,67.1,135.1,110.5,2.21
Sugarcane,Haryana,Zaid,6.86,986.5,27.1,82.3,6.87,95.9,68.7,78.2,184.7,92.58
Rice,Haryana,Zaid,3.26,250.0,25.3,61.9,7.41,141.7,31.1,99.3,147.5,3.79
Wheat,Andhra Pradesh,Rabi,5.82,986.7,33.6,56.2,5.99,,68.9,102.6,89.6,4.43
Rice,Punjab,Kharif,5.32,275.1,25.8,50.9,7.84,139.7,19.2,53.4,134.9,4.92
Sugarcane,Madhya Pradesh,Rabi,7.58,1393.2,18.6,73.9,6.79,127.6,65.5,115.3,183.1,94.69
Potato,Tamil Nadu,Kharif,2.33,685.6,26.2,86.2,7.43,163.0,37.7,93.7,159.0,25.35
Pulses,Andhra Pradesh,Zaid,6.36,1456.8,23.5,64.4,6.46,112.7,76.7,111.9,120.4,1.56
Cotton,Maharashtra,Zaid,6.5,360.3,18.8,64.3,6.17,140.0,30.3,183.2,221.1,2.04
Rice,Tamil Nadu,Kharif,1.81,637.3,23.4,83.3,6.26,123.0,36.5,56.7,175.8,4.47
Groundnut,Gujarat,Rabi,3.1,1145.6,22.7,54.9,7.01,,83.1,95.2,158.5,2.71
Cotton,Andhra Pradesh,Zaid,4.46,1437.0,27.0,60.8,7.03,129.3,55.5,137.1,145.6,2.44
Cotton,Haryana,Rabi,8.03,930.8,23.2,65.0,6.88,163.4,66.1,130.7,224.5,2.88
Maize,Gujarat,Rabi,1.22,925.6,27.4,79.4,5.16,84.5,76.8,148.4,205.0,5.26
Pulses,Maharashtra,Zaid,2.86,643.0,28.6,58.9,7.43,75.3,41.5,136.9,235.9,1.4
Wheat,Haryana,Rabi,3.96,554.8,29.4,63.5,5.96,102.2,50.1,89.8,73.6,4.32
Wheat,Haryana,Zaid,1.7,443.4,27.7,53.3,6.67,98.3,39.8,102.5,146.2,4.0
Wheat,Andhra Pradesh,Zaid,7.03,1206.9,29.4,63.5,4.86,127.6,36.0,109.0,137.3,3.54
Sugarcane,Haryana,Zaid,5.49,691.9,20.5,78.9,6.54,73.1,47.6,124.6,169.6,95.83
Wheat,Gujarat,Zaid,6.45,945.0,20.7,88.1,6.97,151.7,37.6,68.6,211.4,4.15
Potato,Tamil Nadu,Zaid,4.28,677.1,31.6,65.8,6.72,95.9,37.4,92.2,154.5,22.48
Groundnut,Andhra Pradesh,Kharif,3.34,580.4,26.9,62.6,6.45,146.1,43.0,98.5,130.7,3.0
Wheat,Karnataka,Zaid,5.71,1056.7,29.6,64.4,4.81,64.3,66.6,126.7,188.5,3.78
Wheat,Andhra Pradesh,Kharif,2.39,297.5,30.0,41.7,6.69,91.3,36.8,79.5,275.7,4.44
Groundnut,Karnataka,Kharif,4.96,1276.9,27.0,62.4,6.11,164.8,75.9,147.9,163.0,2.85
Sugarcane,Punjab,Zaid,7.71,803.6,28.7,88.3,6.13,135.3,78.7,116.4,216.1,96.2
Wheat,Maharashtra,Zaid,3.02,1650.8,24.4,71.3,7.26,155.4,87.2,100.5,72.1,3.92
Potato,Tamil Nadu,Zaid,1.5,924.8,21.5,60.8,6.36,169.4,19.7,,115.0,26.73
Groundnut,Punjab,Rabi,5.08,716.8,30.4,68.4,6.84,148.3,69.2,152.7,77.9,3.14
Rice,Gujarat,Kharif,1.39,1109.2,34.9,86.3,8.16,95.8,99.1,96.5,31.6,4.07
Maize,Maharashtra,Rabi,4.29,892.5,28.2,,7.33,48.9,62.0,100.6,149.2,4.69
Potato,Punjab,Rabi,4.52,817.9,29.1,54.8,6.59,116.9,22.7,82.9,216.8,31.43
Maize,Haryana,Kharif,6.53,1210.1,31.2,,6.24,97.5,79.9,143.7,86.6,5.42
Potato,Madhya Pradesh,Kharif,4.36,790.1,31.2,66.1,6.62,158.4,61.8,143.3,127.5,28.27
Groundnut,Maharashtra,Zaid,4.5,917.3,36.2,47.1,6.09,125.8,15.0,85.5,225.5,2.65
Wheat,West Bengal,Rabi,8.52,1263.4,26.4,49.6,7.61,73.5,86.8,130.3,132.6,4.74
Potato,Karnataka,Zaid,1.93,684.3,23.0,54.4,5.28,155.5,65.0,68.8,51.9,22.5
Pulses,Andhra Pradesh,Rabi,2.29,1313.7,32.2,77.9,6.92,111.6,30.7,106.5,192.0,1.77
Sugarcane,Madhya Pradesh,Zaid,6.1,923.0,22.7,55.0,5.92,112.2,83.0,84.5,145.7,86.27
Groundnut,Andhra Pradesh,Zaid,1.55,623.7,37.7,58.7,6.83,95.1,84.8,137.4,122.8,2.44
Wheat,Uttar Pradesh,Zaid,4.96,999.5,29.4,78.6,6.73,40.0,54.8,57.5,98.3,4.18
Sugarcane,Maharashtra,Kharif,3.35,860.4,20.3,72.7,6.32,139.9,56.2,139.7,102.0,90.89
Groundnut,West Bengal,Zaid,3.48,1102.7,19.1,69.8,6.15,147.9,99.1,74.2,137.8,2.55
Groundnut,Tamil Nadu,Rabi,2.11,1237.7,27.0,75.4,5.8,75.7,59.8,81.2,100.6,2.92
Pulses,Punjab,Zaid,1.96,1606.1,32.2,51.0,6.86,175.6,58.1,95.3,183.8,1.79
Wheat,Gujarat,Zaid,10.0,1019.6,24.7,62.4,6.58,95.4,38.1,142.9,78.4,4.16
Sugarcane,Madhya Pradesh,Zaid,6.03,542.9,24.9,66.4,5.03,169.9,86.5,112.0,273.2,89.36
Rice,Madhya Pradesh,Kharif,1.77,1297.6,22.8,56.2,6.03,119.8,46.9,86.6,114.7,4.13
Rice,Haryana,Rabi,7.37,1016.1,31.4,80.5,5.97,125.7,19.0,104.4,127.4,
Rice,Karnataka,Zaid,3.53,1172.6,17.6,30.0,6.65,121.0,38.9,95.9,20.0,3.92
Cotton,Punjab,Rabi,5.96,516.3,30.3,82.5,,141.4,59.2,137.8,143.8,2.88
Rice,Tamil Nadu,Zaid,5.08,347.0,31.2,76.9,6.79,53.4,70.4,171.3,48.9,4.07
Sugarcane,Tamil Nadu,Kharif,8.97,782.2,29.3,49.5,6.52,113.9,43.6,,300.0,104.86
Maize,Punjab,Kharif,3.67,1025.8,20.9,58.7,6.47,156.2,77.9,153.8,206.3,5.66
Potato,Madhya Pradesh,Zaid,2.09,463.9,31.0,57.2,7.23,59.3,15.0,89.8,117.5,23.75
Rice,Haryana,Zaid,3.17,518.6,30.3,71.8,7.21,150.1,16.6,111.1,186.2,4.51
Sugarcane,West Bengal,Kharif,7.05,1030.1,32.9,78.8,6.98,52.7,34.5,96.8,160.0,96.94
Sugarcane,Maharashtra,Kharif,2.34,755.4,32.3,60.3,,118.2,87.5,72.1,85.9,93.97
Sugarcane,Punjab,Rabi,7.38,1014.1,30.5,53.5,6.03,125.7,79.3,111.2,134.5,107.19
Cotton,Tamil Nadu,Zaid,4.12,1606.5,25.8,69.4,5.72,108.4,44.1,80.0,145.8,2.59
Pulses,Uttar Pradesh,Kharif,2.24,1048.7,34.4,71.1,5.61,225.7,71.0,58.5,255.8,1.95
Rice,Gujarat,Rabi,4.49,1007.8,30.9,46.9,5.61,93.6,43.1,56.9,88.4,
Groundnut,Gujarat,Zaid,2.72,1012.4,21.5,58.1,7.43,40.0,56.0,90.2,191.0,2.46
Wheat,Tamil Nadu,Rabi,1.13,507.7,25.3,61.5,5.9,195.4,55.4,85.9,201.9,4.47
Sugarcane,Haryana,Rabi,3.37,621.0,26.4,69.4,6.62,128.4,15.0,85.4,66.0,101.15
Maize,Karnataka,Rabi,3.2,575.7,17.8,76.6,5.72,139.9,92.4,61.9,147.9,4.85
Sugarcane,Haryana,Rabi,7.22,1102.6,26.6,46.1,6.01,135.9,59.8,125.6,180.9,104.21
Groundnut,Uttar Pradesh,Kharif,4.61,1165.9,27.2,88.0,7.46,114.5,51.9,86.7,116.0,2.93
Wheat,Karnataka,Kharif,2.31,701.9,36.0,72.4,7.84,147.9,65.4,116.0,125.6,4.19
Potato,West Bengal,Zaid,1.82,768.7,25.9,81.7,5.98,97.5,21.5,93.4,123.7,25.04
Wheat,Uttar Pradesh,Rabi,4.67,865.7,27.3,65.6,6.17,145.6,26.4,128.7,148.7,4.4
Potato,Maharashtra,Kharif,1.09,318.4,22.0,72.8,7.53,185.9,53.2,107.1,121.7,24.39
Rice,West Bengal,Kharif,5.31,1130.4,30.8,57.9,6.1,182.6,53.6,93.1,32.7,4.55
Maize,Andhra Pradesh,Zaid,6.54,384.3,26.9,95.0,6.53,49.3,35.2,138.9,105.0,4.48
Potato,Haryana,Kharif,4.38,858.8,26.4,47.9,7.28,69.4,53.3,121.7,20.0,27.7
Cotton,Karnataka,Rabi,4.38,1014.6,17.5,82.1,6.67,119.8,70.2,116.2,167.9,2.48
Pulses,Haryana,Rabi,1.59,839.9,24.9,72.8,7.38,78.0,91.8,96.1,27.2,1.75
Wheat,Madhya Pradesh,Kharif,6.04,920.8,31.8,92.0,6.68,122.9,97.1,124.5,117.5,4.54
Cotton,Punjab,Zaid,8.38,1028.5,21.1,65.0,6.33,165.4,53.2,73.6,232.8,2.53
Pulses,Punjab,Kharif,1.84,867.1,39.7,80.6,7.78,77.8,20.8,114.8,112.4,2.05
Maize,Gujarat,Kharif,6.77,250.0,19.0,53.8,7.4,67.8,58.2,94.5,198.3,5.2
Pulses,Maharashtra,Rabi,5.18,660.5,27.3,54.7,7.47,98.3,76.1,160.3,194.2,1.88
Sugarcane,Madhya Pradesh,Kharif,8.07,646.2,27.0,74.3,7.86,102.7,37.6,70.6,111.9,97.09
Potato,Madhya Pradesh,Zaid,4.0,982.4,27.2,65.4,6.81,124.5,44.5,171.6,88.6,26.02
Maize,Karnataka,Rabi,4.38,318.3,30.8,69.7,5.97,120.9,60.5,148.1,275.3,5.15
Pulses,West Bengal,Kharif,5.88,805.6,36.4,53.8,6.07,101.3,72.4,129.6,124.3,1.82
Potato,Tamil Nadu,Zaid,4.11,818.5,31.0,50.2,6.33,106.9,50.1,107.4,223.9,27.58
Pulses,Haryana,Kharif,3.6,1200.9,38.0,46.3,7.71,120.8,83.2,120.2,176.3,1.93
Pulses,Punjab,Zaid,2.46,752.8,20.0,51.8,4.88,175.0,48.0,137.0,105.1,1.79
Rice,Uttar Pradesh,Rabi,3.42,870.7,16.6,82.6,7.19,130.4,92.1,64.9,74.4,4.49
Cotton,Haryana,Zaid,6.49,631.7,27.2,48.6,6.4,87.0,58.8,131.9,117.9,2.26
Cotton,West Bengal,Kharif,8.41,869.3,27.4,85.3,7.72,102.8,46.6,156.1,250.6,2.89
Groundnut,Uttar Pradesh,Zaid,3.66,1184.7,27.7,84.1,6.73,98.0,54.6,79.3,182.0,2.62
Groundnut,Andhra Pradesh,Zaid,4.94,723.4,20.5,56.0,5.35,138.5,47.5,117.9,81.7,2.62
Rice,Andhra Pradesh,Rabi,1.13,250.0,25.6,69.7,6.17,117.9,53.6,108.5,73.4,5.01
Cotton,Haryana,Rabi,8.26,250.0,29.1,72.2,6.71,101.7,53.2,106.6,196.0,2.7
Maize,Maharashtra,Zaid,2.66,814.3,34.6,60.6,6.22,102.5,82.5,100.2,121.1,4.52
Sugarcane,Tamil Nadu,Kharif,7.43,411.4,19.4,86.6,5.54,197.1,32.0,159.7,219.6,101.33
Rice,Tamil Nadu,Kharif,6.54,1583.9,27.7,73.7,5.77,134.3,76.5,144.8,33.2,4.49
Wheat,Madhya Pradesh,Zaid,2.21,691.6,21.5,69.4,6.29,142.8,46.4,115.5,210.6,4.02
Groundnut,Maharashtra,Kharif,2.82,1317.2,19.7,67.6,7.43,155.4,52.6,44.4,271.3,2.76
Sugarcane,Madhya Pradesh,Zaid,6.73,643.2,28.3,64.2,7.25,175.3,,163.7,252.2,94.7
Rice,Madhya Pradesh,Zaid,1.12,804.9,23.4,44.1,7.54,168.2,47.2,90.8,79.6,4.21
Wheat,Punjab,Zaid,6.69,462.7,30.4,78.7,5.89,148.6,53.4,108.3,142.1,4.11
Sugarcane,Madhya Pradesh,Zaid,8.76,1297.9,32.0,30.0,5.97,40.0,74.3,30.0,115.8,75.55
Wheat,Andhra Pradesh,Kharif,6.43,985.6,29.9,74.7,5.6,159.2,33.8,73.6,130.4,4.88
Rice,Maharashtra,Zaid,2.51,789.7,28.4,61.9,5.93,75.2,39.0,182.5,138.6,3.99
Pulses,Madhya Pradesh,Zaid,2.07,343.7,26.3,62.4,6.95,119.8,25.5,121.3,161.6,1.39
Sugarcane,Karnataka,Zaid,8.02,1019.1,26.2,65.5,6.39,110.3,72.3,79.8,147.1,91.32
Potato,Karnataka,Rabi,1.08,763.3,23.9,74.1,6.89,130.7,75.4,133.1,74.7,25.86
Maize,Maharashtra,Kharif,5.69,797.0,25.9,58.2,7.98,226.2,57.8,61.2,67.5,5.22
Potato,Haryana,Kharif,3.27,846.7,35.5,67.7,6.29,112.6,27.6,136.5,72.2,26.64
Maize,West Bengal,Rabi,5.18,1316.6,25.4,65.0,4.99,117.4,16.5,98.4,207.1,4.32
Wheat,Punjab,Rabi,8.48,719.8,20.0,62.7,5.99,72.8,74.2,128.8,154.7,4.52
Cotton,West Bengal,Kharif,6.39,859.8,25.7,79.5,6.8,147.8,22.1,86.3,110.0,2.71
Pulses,Punjab,Rabi,5.46,1314.0,20.7,50.8,6.7,104.3,29.3,104.1,167.3,1.83
Potato,Punjab,Zaid,0.84,494.7,29.6,69.9,7.25,114.1,51.6,91.6,55.3,22.48
Wheat,Haryana,Zaid,1.48,642.1,24.4,91.4,5.92,68.7,62.8,85.7,151.7,4.28
Wheat,Madhya Pradesh,Kharif,4.07,868.2,38.3,79.0,7.05,192.4,59.3,46.2,90.2,4.34
Maize,Gujarat,Zaid,5.64,854.8,25.9,61.8,6.79,76.2,47.6,147.9,105.4,4.39
Cotton,Madhya Pradesh,Zaid,7.32,1201.3,23.8,83.4,7.22,49.3,60.4,118.8,104.9,2.19
Cotton,Uttar Pradesh,Kharif,11.07,720.6,25.7,77.6,6.63,130.2,46.3,111.0,164.5,2.68
Rice,West Bengal,Zaid,6.96,1019.4,,92.4,6.92,112.0,74.2,36.5,118.8,3.76
Rice,Punjab,Zaid,4.2,684.1,25.5,65.5,5.74,121.5,54.0,78.6,214.9,4.66
Pulses,Karnataka,Kharif,6.52,343.3,29.0,56.7,5.46,132.7,71.4,63.2,175.4,1.76
Sugarcane,Karnataka,Rabi,6.86,551.5,19.3,50.9,6.45,181.4,60.5,107.2,101.7,90.58
Wheat,Tamil Nadu,Rabi,8.7,889.8,28.1,72.8,6.47,151.0,61.2,122.0,120.3,4.25
Wheat,Punjab,Rabi,3.07,477.4,26.6,80.1,5.15,78.2,51.2,96.3,108.1,4.53
Pulses,West Bengal,Zaid,1.86,753.5,34.6,74.8,5.12,147.6,34.7,136.4,123.8,1.6
Cotton,Uttar Pradesh,Rabi,6.38,705.6,23.4,67.6,6.9,150.1,26.4,123.8,240.5,2.79
Groundnut,Madhya Pradesh,Rabi,3.42,517.5,20.5,61.6,7.98,232.5,52.4,71.8,138.7,2.65
Pulses,Haryana,Rabi,2.94,770.5,30.8,80.7,7.35,135.4,52.2,95.0,213.9,1.87
Sugarcane,Uttar Pradesh,Zaid,7.69,680.8,34.3,79.3,5.96,86.1,97.3,127.2,221.9,102.94
Groundnut,Maharashtra,Zaid,4.54,455.0,29.5,69.3,4.87,123.3,43.6,105.6,194.8,2.61
Pulses,Punjab,Zaid,5.23,603.4,22.7,47.6,6.93,73.3,63.5,75.2,161.9,1.81
Pulses,Gujarat,Zaid,3.95,448.9,30.6,57.9,6.75,145.7,25.6,156.2,206.8,1.62
Pulses,Andhra Pradesh,Rabi,4.46,779.4,18.0,68.7,6.2,151.4,39.3,84.3,186.5,1.6
Rice,Karnataka,Kharif,7.38,1014.7,30.1,65.4,7.11,106.5,54.3,,274.8,4.27
Potato,Tamil Nadu,Rabi,4.41,1143.1,23.6,70.4,7.04,99.2,63.7,82.6,122.2,27.64
Cotton,Haryana,Kharif,4.21,612.5,27.7,63.1,,162.5,50.4,66.8,105.9,2.82
Maize,Maharashtra,Rabi,5.47,433.9,29.3,56.1,6.56,91.2,42.7,98.8,210.8,4.9
Groundnut,West Bengal,Zaid,4.44,993.6,22.6,53.8,6.48,91.0,37.8,172.7,42.9,2.27
Sugarcane,Karnataka,Rabi,8.9,1128.7,35.7,67.4,6.59,78.4,67.9,164.6,196.3,90.41
Potato,Andhra Pradesh,Zaid,2.39,455.1,18.3,53.7,5.89,,67.6,143.9,222.1,26.44
Groundnut,Haryana,Zaid,5.39,1282.9,23.0,60.8,4.8,128.6,88.0,,241.4,2.76
Sugarcane,Haryana,Kharif,8.46,772.4,36.0,83.4,6.52,,83.4,82.7,77.5,101.2
Sugarcane,Madhya Pradesh,Rabi,6.57,1235.3,29.2,51.0,7.29,138.8,44.6,152.5,173.1,92.3
Pulses,Andhra Pradesh,Kharif,2.47,310.5,28.2,70.8,7.5,105.3,52.8,96.0,104.2,1.52
Cotton,Tamil Nadu,Rabi,3.61,390.7,32.5,63.3,6.76,145.3,66.6,75.2,116.1,2.46
Pulses,West Bengal,Kharif,1.34,861.3,24.3,81.4,7.13,,65.2,133.2,100.3,1.86
Rice,Haryana,Zaid,1.31,972.7,23.7,74.9,6.9,169.4,51.7,107.9,102.9,4.36
Sugarcane,Tamil Nadu,Rabi,6.78,1467.6,33.2,79.5,6.62,,70.7,130.3,150.5,92.65
Rice,Haryana,Kharif,2.64,1205.4,34.4,71.8,6.69,103.5,33.8,86.1,216.0,4.93
Cotton,Punjab,Kharif,9.2,391.6,23.9,62.9,5.42,85.9,88.3,142.8,154.2,2.69
Maize,Andhra Pradesh,Kharif,1.46,864.9,35.4,70.0,7.22,133.2,85.5,163.8,143.5,5.77
Cotton,Haryana,Kharif,2.55,529.0,20.4,61.8,6.65,76.0,71.7,82.7,103.2,2.55
Wheat,Andhra Pradesh,Zaid,5.25,1143.4,32.2,81.9,5.94,144.9,51.9,63.7,125.5,3.73
Maize,Andhra Pradesh,Rabi,5.7,1320.1,23.8,75.8,6.04,235.9,35.3,148.7,48.4,5.06
Maize,West Bengal,Kharif,4.91,478.5,28.8,83.7,8.2,116.7,68.3,91.5,116.0,5.1
Sugarcane,Maharashtra,Rabi,1.25,669.8,34.0,55.5,7.27,110.7,43.6,118.5,263.1,99.93
Wheat,Andhra Pradesh,Zaid,4.71,492.1,32.2,73.1,7.51,107.3,64.1,150.1,190.1,3.98
Groundnut,Punjab,Kharif,4.85,950.5,27.2,72.7,7.03,124.7,46.0,118.3,115.6,3.16
Wheat,Haryana,Zaid,3.0,280.0,18.3,76.4,5.64,73.8,35.8,144.1,110.5,4.06
Groundnut,Karnataka,Zaid,5.96,719.2,27.5,44.6,6.25,99.7,64.5,106.5,140.6,2.77
Maize,West Bengal,Zaid,1.58,1152.1,32.9,41.3,5.72,117.9,58.5,86.0,170.8,5.31
Potato,Uttar Pradesh,Zaid,2.46,1036.3,28.1,58.4,6.73,145.7,77.0,96.7,141.1,26.07
Pulses,Madhya Pradesh,Rabi,3.24,536.6,21.4,59.5,5.84,,21.9,99.2,101.0,1.71
Potato,Madhya Pradesh,Rabi,4.94,395.3,22.2,67.0,6.67,109.4,57.7,158.2,180.6,24.7
Rice,West Bengal,Kharif,1.63,718.1,19.6,56.7,6.14,222.4,34.1,161.9,113.4,5.18
Maize,Karnataka,Kharif,3.44,802.5,36.3,66.5,6.18,145.3,44.9,124.3,125.4,5.01
Groundnut,Maharashtra,Kharif,1.97,894.9,26.3,92.3,7.72,73.8,15.0,60.1,68.6,2.67
Cotton,Haryana,Kharif,3.64,797.0,23.4,79.5,6.33,40.0,53.1,89.5,127.6,2.65
Sugarcane,Gujarat,Kharif,2.25,399.7,32.4,46.0,6.46,109.9,78.6,119.3,172.9,107.75
Cotton,Tamil Nadu,Kharif,2.18,761.4,20.9,57.4,6.17,78.2,15.0,115.3,142.7,2.34
Wheat,Madhya Pradesh,Zaid,9.24,804.7,24.2,78.1,6.31,116.3,75.3,104.2,183.1,3.48
Wheat,Andhra Pradesh,Zaid,3.55,802.8,22.1,49.5,7.16,101.0,80.7,81.3,119.1,3.74
Sugarcane,West Bengal,Zaid,7.32,1219.2,32.6,79.6,7.47,95.9,80.1,102.1,161.2,95.07
Potato,Uttar Pradesh,Kharif,2.11,455.5,30.7,49.1,7.55,120.9,68.1,58.6,132.0,27.16
Pulses,Tamil Nadu,Rabi,2.25,1376.4,27.9,78.7,7.03,179.5,67.6,82.5,243.2,1.8
Rice,Maharashtra,Zaid,2.05,948.5,30.6,71.7,6.56,124.8,53.6,134.2,64.4,4.53
Maize,Karnataka,Kharif,6.07,1152.5,27.5,65.5,6.82,86.7,28.5,137.6,245.3,5.4
Cotton,Gujarat,Zaid,10.87,525.8,25.3,77.9,6.62,,22.1,108.4,104.6,2.38
Maize,Haryana,Rabi,6.8,865.9,15.4,89.0,5.81,58.8,55.1,132.0,110.8,4.96
Rice,Tamil Nadu,Rabi,5.68,598.1,17.3,53.2,5.74,120.2,15.0,144.6,231.1,4.58
Rice,Madhya Pradesh,Zaid,5.69,815.7,20.3,56.8,7.05,93.6,64.9,106.2,133.2,3.88
Pulses,West Bengal,Rabi,4.26,1124.6,32.0,53.9,6.45,74.8,43.3,80.6,151.9,1.74
Maize,Punjab,Kharif,2.44,888.7,29.8,48.4,6.08,89.3,53.4,105.7,129.6,5.73
Groundnut,Karnataka,Rabi,4.9,1006.9,26.9,,7.54,96.8,63.2,111.5,120.8,2.7
Maize,Andhra Pradesh,Rabi,1.77,850.6,20.3,65.3,6.87,141.3,36.8,138.0,140.9,5.5
Sugarcane,Madhya Pradesh,Rabi,4.06,441.4,20.7,76.6,5.27,165.1,64.9,92.8,160.2,91.6
Cotton,Andhra Pradesh,Rabi,5.64,1478.2,31.3,74.8,5.17,91.2,15.0,108.1,116.8,2.24
Maize,Madhya Pradesh,Zaid,5.05,732.1,18.7,44.9,6.63,41.8,43.6,152.6,110.5,4.36
Maize,Madhya Pradesh,Kharif,5.06,890.7,23.4,58.1,6.55,85.8,,45.4,173.9,6.05
Groundnut,Haryana,Rabi,2.83,1516.9,28.4,93.7,7.1,88.2,65.2,60.5,102.5,2.73
Potato,Madhya Pradesh,Rabi,3.83,1145.2,27.2,71.8,5.43,85.4,49.2,177.1,184.0,28.66
Maize,Haryana,Zaid,1.28,1361.8,20.4,70.3,,153.4,54.5,30.0,300.0,4.78
Cotton,Madhya Pradesh,Rabi,8.42,997.0,31.8,55.3,6.59,93.4,29.4,154.9,82.7,2.67
Cotton,Gujarat,Kharif,8.59,250.0,21.2,70.1,7.32,116.7,42.2,66.4,111.3,2.31
Maize,Tamil Nadu,Zaid,6.39,650.7,21.2,74.2,5.36,111.3,87.4,110.4,97.9,4.78
Cotton,Punjab,Zaid,7.68,498.1,27.7,69.0,6.49,115.0,60.5,71.7,118.5,2.49
Maize,Madhya Pradesh,Kharif,5.68,864.2,23.9,63.6,6.99,126.6,41.5,138.1,275.5,5.27
Pulses,Karnataka,Zaid,4.52,863.8,36.0,58.7,7.26,62.5,54.6,96.2,91.0,1.59
Wheat,Uttar Pradesh,Zaid,9.06,1076.4,28.7,57.7,6.37,194.5,54.2,78.6,88.8,4.05
Rice,Uttar Pradesh,Rabi,7.05,412.2,18.4,65.8,7.52,112.5,64.3,66.9,133.6,4.69
Groundnut,Madhya Pradesh,Zaid,4.0,942.9,27.6,55.6,6.33,211.2,85.2,127.3,44.2,2.82
Potato,West Bengal,Kharif,3.93,975.2,22.7,74.8,6.62,96.1,30.9,43.5,84.9,27.54
Cotton,Uttar Pradesh,Rabi,2.64,346.4,31.1,71.1,6.74,120.8,52.8,84.9,152.1,2.49
Groundnut,Madhya Pradesh,Rabi,5.5,291.4,33.3,70.3,6.12,166.1,75.9,42.6,153.9,2.89
Maize,Andhra Pradesh,Rabi,4.63,860.1,26.6,63.1,6.76,180.0,65.5,33.8,162.6,5.52
Sugarcane,Gujarat,Zaid,6.14,412.1,22.5,71.6,7.01,111.5,60.8,136.3,,
Rice,Madhya Pradesh,Kharif,5.28,1122.8,22.3,72.9,6.91,104.9,48.9,,171.7,4.77
Rice,Haryana,Rabi,1.15,669.9,39.6,66.7,6.67,119.1,40.8,155.3,137.7,4.96
Cotton,Gujarat,Zaid,4.8,1146.1,22.1,65.0,6.28,69.0,62.3,79.1,,1.71
Rice,Uttar Pradesh,Zaid,4.38,884.5,25.3,66.0,5.61,98.1,73.3,127.9,48.2,4.39
Sugarcane,West Bengal,Rabi,2.32,807.6,22.9,73.3,7.52,136.2,84.6,189.1,133.8,96.42
Potato,Tamil Nadu,Kharif,2.35,719.7,18.2,56.7,4.99,110.0,82.7,145.8,273.9,29.67
Rice,Uttar Pradesh,Kharif,3.8,1312.1,25.7,63.1,5.82,96.7,57.2,126.6,188.0,5.0
Maize,Maharashtra,Kharif,4.8,854.8,26.7,86.4,5.35,121.7,39.4,119.7,174.7,4.88
Rice,Uttar Pradesh,Kharif,1.79,534.2,31.1,69.4,7.85,121.7,15.0,130.9,139.5,4.88
Groundnut,Karnataka,Kharif,3.46,344.2,23.9,54.9,7.69,153.9,76.0,105.2,161.0,2.75
Sugarcane,Uttar Pradesh,Zaid,3.56,517.0,21.9,63.7,7.43,124.5,63.0,103.9,90.8,99.66
Maize,Gujarat,Kharif,1.76,1117.4,25.5,95.0,6.9,109.4,49.7,90.3,77.9,4.74
Maize,Madhya Pradesh,Rabi,5.27,565.5,28.3,83.6,6.49,103.2,57.5,110.1,167.8,5.43
Pulses,West Bengal,Zaid,6.07,510.5,31.2,67.9,6.81,162.0,61.3,142.3,157.0,1.46
Maize,Maharashtra,Zaid,6.52,885.0,22.7,77.9,7.34,100.3,73.3,100.8,144.4,4.62
Rice,Punjab,Kharif,5.95,1282.1,21.6,88.7,5.63,161.5,43.3,125.1,156.7,4.91
Maize,Madhya Pradesh,Kharif,1.96,473.6,31.2,80.5,,127.0,61.5,49.0,193.8,5.22
Rice,Madhya Pradesh,Rabi,2.16,893.0,31.0,53.0,5.86,126.7,46.8,121.6,85.2,4.63
Maize,Haryana,Kharif,1.84,641.8,29.8,84.2,8.2,123.4,58.3,118.4,,5.16
Wheat,Karnataka,Zaid,2.76,541.1,28.3,53.3,6.06,123.5,63.7,133.3,218.5,3.39
Wheat,Maharashtra,Rabi,3.44,577.5,27.6,61.6,7.18,170.7,40.0,101.1,54.8,4.15
Groundnut,Haryana,Zaid,3.85,721.0,25.8,61.6,5.92,77.0,50.3,124.7,106.2,2.89
Potato,Tamil Nadu,Kharif,0.88,1319.1,29.8,60.2,5.94,177.2,34.7,127.5,80.1,27.17
Maize,Haryana,Kharif,6.48,1313.6,21.0,81.1,5.99,127.9,59.0,97.4,44.1,5.28
Cotton,Punjab,Kharif,3.05,1135.1,21.7,65.6,7.34,125.2,35.1,68.7,85.2,2.79
Sugarcane,Andhra Pradesh,Kharif,3.69,953.0,31.2,87.2,6.31,177.1,35.8,103.3,93.7,93.66
Potato,Maharashtra,Kharif,1.77,818.6,26.4,66.6,6.57,102.9,63.9,64.6,140.9,25.69
Cotton,Madhya Pradesh,Kharif,5.82,933.1,29.1,71.4,7.31,101.4,41.0,80.3,118.3,2.7
Pulses,Madhya Pradesh,Kharif,6.68,711.9,17.9,78.3,6.2,249.3,38.6,149.6,93.2,1.69
Wheat,Uttar Pradesh,Rabi,9.26,829.9,27.2,43.4,6.84,75.0,72.3,117.6,124.0,4.37
Sugarcane,Karnataka,Rabi,7.08,619.7,33.1,59.2,6.34,121.3,15.0,119.7,132.1,95.16
Pulses,West Bengal,Kharif,1.17,932.0,27.5,87.5,7.06,140.0,77.7,55.1,152.0,1.67
Cotton,Gujarat,Rabi,2.01,800.3,29.6,51.5,7.28,81.0,55.7,101.3,227.9,2.49
Potato,West Bengal,Zaid,3.15,931.4,21.7,75.0,6.88,125.3,70.6,136.4,120.0,26.32
Potato,Uttar Pradesh,Kharif,1.61,1221.3,26.3,65.6,6.12,137.1,66.4,98.3,42.7,29.42
Rice,Karnataka,Rabi,6.9,1208.3,20.8,58.5,6.95,158.3,68.1,155.1,186.6,4.68
Rice,Punjab,Rabi,4.07,260.6,30.4,57.4,,83.9,28.5,68.8,83.0,5.11
Rice,Haryana,Zaid,6.98,572.3,26.0,74.6,6.44,109.8,55.5,70.0,162.8,4.76
Potato,Gujarat,Rabi,2.37,623.4,25.5,79.7,6.65,166.0,69.9,105.2,140.3,28.6
Wheat,Tamil Nadu,Kharif,7.17,888.4,22.2,58.5,5.73,208.1,38.4,96.7,195.8,4.56
Rice,Haryana,Zaid,5.9,250.0,25.8,62.4,6.36,150.3,74.3,84.9,101.6,4.75
Pulses,Karnataka,Rabi,1.71,320.2,24.2,51.6,7.67,112.5,63.2,98.9,72.4,1.56
Potato,West Bengal,Kharif,4.18,746.9,26.2,66.6,6.24,144.5,44.5,43.4,168.5,27.64
Cotton,Gujarat,Kharif,11.56,1310.6,21.0,85.0,6.71,77.6,44.7,77.6,127.3,2.58
Wheat,Haryana,Rabi,1.64,936.5,32.1,61.5,6.38,84.0,29.1,174.1,101.6,4.29
Sugarcane,Maharashtra,Kharif,1.22,909.5,30.8,79.8,5.42,148.3,47.5,153.5,137.7,94.08
Potato,Maharashtra,Rabi,1.51,1034.5,29.6,63.6,6.57,104.4,70.9,52.0,171.6,24.58
Sugarcane,Karnataka,Kharif,1.55,954.6,24.1,86.6,6.29,166.3,53.9,67.4,215.5,84.61
Groundnut,Gujarat,Kharif,1.55,1216.1,27.1,65.6,6.64,119.0,59.2,90.4,165.1,2.9
Rice,Punjab,Kharif,6.33,888.2,28.2,62.1,5.35,106.9,57.4,111.1,134.9,5.17
Potato,Madhya Pradesh,Rabi,2.29,676.1,32.6,65.6,7.16,108.3,68.2,115.1,87.5,21.65
Pulses,Punjab,Kharif,2.18,,24.8,82.8,6.02,250.0,47.9,119.6,189.6,2.04
Potato,Andhra Pradesh,Zaid,4.85,495.7,31.9,94.2,6.3,177.0,103.5,62.7,160.8,23.96
Pulses,Madhya Pradesh,Kharif,5.79,1033.7,26.5,46.0,7.14,229.3,67.7,113.3,86.3,1.78
Groundnut,Gujarat,Rabi,5.51,592.0,26.6,64.5,6.94,40.0,66.3,99.0,164.1,2.84
Maize,Tamil Nadu,Zaid,1.05,761.4,26.0,87.2,5.8,116.2,51.5,106.4,196.5,4.22
Potato,Haryana,Kharif,4.87,964.7,21.3,67.5,4.94,119.1,65.8,116.9,114.2,29.43
Pulses,Tamil Nadu,Rabi,1.38,1057.4,23.8,84.8,5.87,118.0,15.0,76.4,146.2,1.9
Groundnut,Andhra Pradesh,Zaid,2.01,649.2,31.4,43.9,6.42,95.7,52.8,172.4,105.7,2.46
Maize,Uttar Pradesh,Kharif,2.29,1214.8,24.7,84.4,6.07,126.7,81.0,109.0,93.2,5.15
Cotton,Tamil Nadu,Zaid,5.9,1111.3,32.8,70.5,7.19,180.4,49.3,125.9,177.9,2.39
Sugarcane,Tamil Nadu,Zaid,5.66,702.4,20.7,56.7,7.56,83.2,70.0,88.2,97.3,89.76
Groundnut,Andhra Pradesh,Rabi,1.94,384.3,18.7,69.2,7.73,113.9,60.5,106.5,154.5,2.74
Rice,West Bengal,Kharif,1.11,1309.5,24.7,70.2,6.68,165.7,63.7,146.1,117.7,4.58
Rice,Punjab,Zaid,7.35,922.2,18.1,55.6,7.69,193.5,84.6,106.0,180.0,5.05
Potato,Haryana,Kharif,1.32,871.5,25.8,,6.43,80.5,78.4,84.2,74.8,30.02
Rice,Gujarat,Kharif,3.1,444.3,27.8,76.9,6.7,103.7,55.6,89.0,92.3,4.56
Sugarcane,Andhra Pradesh,Zaid,5.99,902.7,29.0,70.1,8.02,40.0,45.3,111.4,163.9,80.92
Rice,Karnataka,Kharif,6.05,1293.4,33.3,68.8,6.82,116.4,36.8,153.1,162.4,4.23
Pulses,Gujarat,Rabi,1.42,1088.5,24.6,80.7,6.51,135.6,76.3,112.6,87.3,1.76
Wheat,Andhra Pradesh,Rabi,2.61,1105.7,32.2,67.1,7.33,179.1,,188.3,166.6,4.28
Maize,Maharashtra,Kharif,6.66,1036.9,31.9,39.3,6.97,132.0,16.2,106.9,145.1,5.46
Maize,West Bengal,Rabi,5.62,1154.6,25.3,55.4,6.95,93.3,57.2,50.4,174.4,5.26
Sugarcane,Andhra Pradesh,Zaid,5.84,395.0,33.2,50.3,6.69,91.4,38.6,38.4,170.1,85.22
Cotton,Madhya Pradesh,Rabi,9.59,912.3,18.6,76.9,5.33,74.8,64.4,79.7,146.3,2.59
Sugarcane,Madhya Pradesh,Kharif,2.43,950.6,34.2,68.1,6.79,129.5,74.1,149.3,175.5,105.03
Wheat,Madhya Pradesh,Rabi,4.09,1262.6,27.7,48.8,6.11,152.8,81.1,141.2,73.7,3.99
Wheat,Maharashtra,Rabi,6.4,928.9,25.3,71.7,6.75,143.2,69.5,,165.2,4.19
Cotton,Punjab,Kharif,7.49,1195.4,36.9,72.6,5.92,95.9,46.1,127.0,154.6,2.59
Sugarcane,Haryana,Zaid,6.13,434.1,33.3,72.2,6.8,99.6,56.7,96.8,206.6,89.05
Rice,West Bengal,Kharif,6.7,632.0,30.9,75.7,7.13,129.4,59.3,113.0,193.9,4.76
Sugarcane,Karnataka,Rabi,7.07,424.7,32.2,66.3,6.48,92.6,29.2,83.9,111.7,93.94
Maize,West Bengal,Zaid,6.0,722.5,27.3,76.4,6.86,123.0,43.7,30.0,143.2,5.08
Rice,Punjab,Zaid,5.82,1228.3,27.3,48.2,6.79,84.4,63.7,128.0,54.1,4.06
Pulses,Gujarat,Rabi,1.94,813.6,39.8,95.0,,43.7,80.2,150.1,146.3,1.69
Wheat,Maharashtra,Rabi,9.16,583.7,,58.4,7.82,131.5,76.7,51.4,47.1,4.03
Rice,Karnataka,Zaid,3.43,408.4,25.1,78.8,6.26,138.6,49.7,132.1,132.4,4.17
Cotton,Punjab,Kharif,3.41,645.3,29.1,61.5,6.25,126.6,45.5,109.5,106.0,2.91
Wheat,Uttar Pradesh,Zaid,5.4,1412.2,33.0,67.4,6.73,46.5,57.5,104.5,126.4,3.86
Rice,Haryana,Zaid,7.66,637.4,26.3,92.2,6.73,160.9,22.3,138.2,162.2,4.72
Wheat,Punjab,Kharif,1.45,1155.5,26.6,84.6,7.38,158.2,61.1,86.6,94.5,5.05
Rice,Punjab,Zaid,6.32,997.8,,85.8,6.03,139.8,27.9,77.3,168.2,4.68
Cotton,Karnataka,Rabi,8.41,1165.2,27.9,87.7,4.8,165.9,60.6,68.2,80.1,2.43
Cotton,West Bengal,Zaid,9.62,250.0,25.0,65.2,7.28,112.2,57.1,99.4,141.0,2.19
Cotton,Tamil Nadu,Rabi,10.01,575.3,24.4,69.5,6.95,150.1,47.3,70.3,84.2,2.44
Wheat,Uttar Pradesh,Kharif,2.47,921.3,24.8,52.1,7.55,74.5,40.7,70.5,142.3,4.57
Groundnut,Uttar Pradesh,Zaid,4.0,304.4,25.0,63.2,6.53,140.6,104.1,104.3,163.3,2.58
Maize,Uttar Pradesh,Rabi,1.48,853.5,20.9,69.4,6.06,154.7,75.7,102.2,139.3,4.94
Potato,Madhya Pradesh,Rabi,2.92,1704.9,31.5,41.7,7.73,148.3,43.6,70.9,148.7,23.78
Groundnut,Maharashtra,Kharif,3.99,749.4,26.0,72.7,7.37,155.3,35.3,104.5,83.2,2.8
Potato,Maharashtra,Kharif,3.21,877.2,30.0,47.1,6.16,98.0,64.6,155.2,136.4,27.75
Maize,Karnataka,Kharif,5.17,980.1,38.0,55.5,7.26,71.3,34.8,156.2,88.0,5.21
Groundnut,Punjab,Kharif,2.07,398.8,18.1,44.2,6.34,175.5,64.3,72.8,99.4,3.04
Pulses,Madhya Pradesh,Kharif,5.79,333.8,28.9,71.0,5.96,132.1,78.2,108.4,184.2,1.64
Groundnut,Tamil Nadu,Kharif,4.66,1069.3,20.8,,7.29,108.7,66.4,129.9,103.8,2.95
Rice,Maharashtra,Kharif,3.8,1087.6,17.1,80.6,7.52,58.1,44.9,105.4,101.1,4.06
Pulses,Maharashtra,Kharif,1.33,537.5,28.7,73.3,8.2,77.7,23.3,116.2,94.9,1.67
Groundnut,Maharashtra,Zaid,3.65,1028.7,30.0,77.5,6.02,106.2,33.5,102.0,227.3,2.65
Sugarcane,Punjab,Zaid,7.61,1703.0,26.6,65.0,6.59,70.2,73.7,78.7,163.8,95.14
Maize,Andhra Pradesh,Zaid,4.29,671.4,35.1,72.7,6.94,114.7,74.1,156.4,128.6,4.27
Cotton,Uttar Pradesh,Rabi,7.87,314.9,31.0,75.0,6.31,148.1,97.8,44.0,156.4,2.66
Pulses,Haryana,Rabi,6.58,993.0,18.9,95.0,6.09,140.1,15.0,57.0,129.7,1.98
Sugarcane,Haryana,Zaid,7.65,917.6,30.4,62.1,6.27,115.4,45.5,149.6,129.7,92.04
Rice,Haryana,Rabi,7.66,707.8,26.9,71.7,7.1,154.1,54.0,75.8,258.5,5.12
Groundnut,Madhya Pradesh,Zaid,5.1,1201.7,31.4,87.3,6.71,121.7,83.4,149.8,153.8,2.6
Wheat,Tamil Nadu,Rabi,8.59,1053.5,22.1,82.3,7.1,110.1,38.1,106.0,132.0,4.41
Sugarcane,Karnataka,Kharif,1.97,571.7,19.2,94.5,6.83,94.0,112.4,190.1,187.8,
Wheat,Maharashtra,Kharif,2.38,818.0,31.7,62.2,7.27,126.6,58.2,99.0,123.6,4.41
Cotton,Haryana,Zaid,5.21,730.6,31.3,72.7,6.56,164.2,67.1,58.3,153.9,2.33
Potato,Andhra Pradesh,Zaid,4.95,779.7,20.4,66.9,6.77,170.3,54.0,140.8,117.9,22.06
Potato,Uttar Pradesh,Zaid,2.33,1090.5,31.3,68.4,7.44,137.9,70.3,102.5,118.3,23.48
Sugarcane,Haryana,Kharif,1.27,1017.8,30.3,65.4,5.8,76.1,48.4,91.4,122.7,95.0
Maize,Punjab,Zaid,3.49,945.4,24.5,64.4,4.8,70.8,51.6,66.5,180.7,4.96
Sugarcane,West Bengal,Zaid,1.34,638.2,34.6,79.6,6.03,125.4,28.0,145.5,174.3,81.92
Groundnut,Gujarat,Zaid,4.23,678.0,16.4,,7.07,68.6,40.0,196.6,223.4,2.71
Cotton,Punjab,Zaid,7.51,1077.3,36.4,,6.59,162.9,46.5,85.7,52.7,2.54
Groundnut,Andhra Pradesh,Rabi,1.42,264.9,22.8,51.5,7.33,93.9,56.0,54.9,165.4,2.41
Wheat,Uttar Pradesh,Zaid,5.61,1147.4,33.0,70.1,7.7,61.0,72.4,91.5,86.0,3.59
Groundnut,Maharashtra,Kharif,3.53,711.7,27.3,46.0,6.07,131.4,84.3,72.0,76.1,3.0
Wheat,Madhya Pradesh,Rabi,4.74,522.6,28.2,57.8,5.98,100.3,74.2,89.8,134.7,4.24
Pulses,Tamil Nadu,Kharif,3.7,726.8,27.8,70.2,6.66,73.5,68.8,153.0,245.9,1.9
Sugarcane,Haryana,Kharif,8.11,1268.9,27.1,42.0,7.83,163.1,49.9,105.3,174.0,110.47
Groundnut,Gujarat,Kharif,4.01,848.3,25.3,,7.95,59.2,59.4,131.8,145.5,2.77
Maize,Tamil Nadu,Zaid,3.62,907.2,26.4,79.8,7.31,116.0,72.7,162.8,61.9,4.53
Pulses,Punjab,Zaid,3.75,778.4,27.3,78.2,6.34,45.8,64.0,115.4,181.2,1.78
Cotton,Andhra Pradesh,Rabi,4.43,540.9,27.6,69.2,5.63,158.4,55.6,110.9,151.3,2.8
Maize,Andhra Pradesh,Zaid,4.75,1057.1,26.2,88.8,6.58,55.1,58.7,31.5,215.5,4.34
Maize,Andhra Pradesh,Kharif,5.12,669.8,30.2,85.6,7.9,192.5,64.3,53.9,195.9,5.14
Groundnut,Haryana,Zaid,5.74,479.4,27.1,43.1,7.11,221.5,45.1,96.5,130.5,2.59
Wheat,Gujarat,Zaid,9.06,662.6,26.7,91.0,6.56,131.4,42.4,110.6,111.7,
Groundnut,Maharashtra,Zaid,3.38,1501.8,25.1,60.5,6.36,101.3,41.1,127.2,121.4,2.49
Cotton,Haryana,Rabi,9.97,250.0,25.8,72.2,6.83,180.0,83.5,83.3,182.3,2.55
Rice,Haryana,Rabi,6.89,1164.9,33.6,78.7,6.71,143.7,53.1,74.8,87.7,4.69
Sugarcane,Uttar Pradesh,Kharif,2.4,642.7,27.4,61.6,7.61,84.7,96.2,100.3,196.5,97.7
Cotton,Punjab,Zaid,5.45,542.0,34.7,95.0,6.3,173.4,57.7,123.0,125.1,2.4
Cotton,West Bengal,Kharif,6.91,582.0,31.8,78.7,5.41,113.1,49.4,30.5,101.3,2.28
Pulses,West Bengal,Zaid,6.14,250.0,33.1,86.0,5.67,76.6,63.6,176.1,196.8,1.56
Rice,Andhra Pradesh,Zaid,1.24,1165.1,21.6,61.6,7.08,138.2,54.7,65.5,161.0,3.93
Cotton,Andhra Pradesh,Zaid,8.61,1107.9,24.8,38.9,6.58,181.0,29.1,103.0,184.6,2.5
Maize,Gujarat,Kharif,5.81,971.2,27.4,88.4,7.59,115.8,62.7,75.9,204.5,4.62
Sugarcane,Uttar Pradesh,Zaid,4.08,,24.3,40.9,6.01,135.8,66.0,92.6,181.8,86.5
Sugarcane,Gujarat,Kharif,3.22,1267.7,29.4,91.7,6.81,129.7,78.7,89.0,185.6,93.12
Cotton,Tamil Nadu,Zaid,9.13,710.9,31.3,79.2,7.3,133.1,69.2,125.7,133.6,2.41
Wheat,Tamil Nadu,Zaid,6.36,1270.8,25.0,70.9,,142.3,44.4,48.8,139.1,4.13
Sugarcane,Tamil Nadu,Rabi,3.09,323.1,28.5,77.5,6.84,40.0,56.3,81.7,157.5,91.7
Wheat,Andhra Pradesh,Kharif,8.42,437.6,26.4,62.2,7.08,170.1,95.8,72.1,115.1,4.55
Sugarcane,Uttar Pradesh,Kharif,8.08,975.6,24.8,71.3,5.77,207.3,40.7,112.1,136.5,96.59
Maize,Gujarat,Kharif,5.49,1062.0,24.9,92.4,5.67,82.5,39.6,109.8,168.6,5.68
Potato,Tamil Nadu,Kharif,4.11,637.2,31.2,59.3,4.8,165.7,52.3,96.3,183.0,26.74
Wheat,West Bengal,Zaid,5.77,642.3,25.9,72.2,6.36,131.7,59.9,90.0,108.5,4.01
Groundnut,Tamil Nadu,Zaid,1.74,981.7,22.4,82.3,6.13,114.4,63.7,176.3,226.0,2.52
Cotton,Andhra Pradesh,Kharif,2.59,1469.7,24.4,82.4,5.92,50.6,78.8,132.4,153.8,2.44
Groundnut,Tamil Nadu,Zaid,4.8,996.6,31.0,68.1,7.64,87.5,50.3,110.8,148.9,2.58
Wheat,Uttar Pradesh,Rabi,7.24,711.4,23.5,76.9,5.92,120.7,55.3,137.2,144.3,4.78
Groundnut,Maharashtra,Zaid,3.55,790.7,24.6,50.6,7.5,98.0,45.7,137.4,187.3,2.47
Sugarcane,West Bengal,Rabi,3.69,844.2,30.3,69.8,6.7,155.9,59.2,103.4,70.0,91.72
Groundnut,Uttar Pradesh,Zaid,4.29,994.9,23.1,78.9,7.37,90.4,15.0,126.3,214.9,2.91
Groundnut,West Bengal,Zaid,3.93,250.7,17.4,84.6,5.86,174.9,20.5,153.9,141.0,2.46
Pulses,Punjab,Rabi,6.64,1043.0,31.3,68.9,7.7,62.7,55.7,108.3,97.0,1.79
Rice,Tamil Nadu,Kharif,4.82,927.1,30.9,54.5,5.47,184.7,69.6,189.2,126.2,5.12
Wheat,Haryana,Zaid,2.05,742.4,23.7,45.2,6.42,119.6,64.9,143.0,152.6,4.31
Groundnut,Madhya Pradesh,Kharif,4.0,1183.6,23.1,70.4,6.0,120.1,31.6,136.6,102.0,2.76
Wheat,Andhra Pradesh,Zaid,7.79,932.8,33.8,65.5,6.22,147.3,51.8,129.8,186.4,3.62
Rice,Uttar Pradesh,Zaid,4.8,490.4,30.5,71.2,6.51,177.8,80.1,94.6,240.7,4.32
Rice,Madhya Pradesh,Zaid,4.25,871.1,26.3,67.7,5.35,101.2,57.9,118.5,154.4,3.96
Cotton,Andhra Pradesh,Rabi,7.73,1109.2,24.7,57.4,6.59,110.2,72.6,110.2,84.6,2.63
Sugarcane,Tamil Nadu,Kharif,4.46,1007.9,23.4,53.1,6.85,148.1,76.1,118.4,211.1,111.32
Sugarcane,West Bengal,Rabi,2.11,389.2,40.0,75.0,5.55,172.3,28.1,105.6,185.3,104.68
Groundnut,Haryana,Kharif,1.86,444.6,28.9,47.3,6.23,99.5,82.3,94.8,180.6,3.2
Wheat,Madhya Pradesh,Zaid,3.81,1793.5,32.2,60.8,5.84,99.9,36.5,103.7,61.8,3.14
Rice,Uttar Pradesh,Rabi,5.14,1209.0,24.4,60.1,7.6,119.3,78.7,121.9,149.3,4.61
Sugarcane,Karnataka,Rabi,5.04,917.9,24.8,84.2,7.3,156.6,86.6,71.9,168.1,99.19
Potato,Gujarat,Kharif,1.24,751.8,28.4,59.0,6.34,157.4,75.7,98.5,106.6,24.07
Potato,Tamil Nadu,Rabi,3.58,781.4,32.1,54.7,6.35,118.6,61.8,177.6,62.2,27.12
Rice,West Bengal,Zaid,2.31,1071.1,26.0,64.3,6.39,96.2,71.6,86.9,121.7,3.71
Wheat,Haryana,Kharif,4.91,499.0,30.1,57.3,6.44,144.1,60.6,131.2,127.3,5.22
Groundnut,West Bengal,Zaid,2.91,846.5,29.6,71.5,7.0,123.8,,138.2,83.7,2.9
Cotton,Andhra Pradesh,Zaid,9.01,744.3,22.0,64.0,6.19,160.1,75.2,71.1,146.2,2.21
Sugarcane,West Bengal,Zaid,1.31,1129.1,35.1,66.9,5.98,40.0,46.7,120.2,143.3,87.57
Maize,Haryana,Kharif,5.5,1170.4,27.5,61.0,7.39,115.5,35.3,137.0,92.0,5.38
Potato,Gujarat,Zaid,2.77,1283.6,32.9,78.5,5.74,131.8,37.3,136.5,122.0,23.15
Pulses,Maharashtra,Zaid,1.24,1229.0,35.0,56.7,5.8,136.3,46.5,58.6,219.8,1.45
Wheat,Maharashtra,Zaid,1.36,338.7,19.7,69.5,6.88,160.2,37.6,56.3,155.9,3.73
Wheat,Andhra Pradesh,Rabi,8.78,410.4,23.5,68.4,7.29,106.3,22.5,132.6,123.9,3.8
Wheat,Uttar Pradesh,Zaid,8.03,1017.4,36.1,75.3,6.91,147.0,63.3,116.8,132.0,3.75
Potato,Tamil Nadu,Rabi,3.19,620.5,33.4,67.0,7.16,122.9,29.9,121.5,149.8,27.01
Wheat,Tamil Nadu,Kharif,1.81,869.7,26.5,81.8,7.24,122.1,39.9,81.6,127.3,4.37
Rice,Punjab,Kharif,6.9,672.9,23.5,50.7,6.61,102.5,48.8,96.0,138.7,4.65
Maize,Karnataka,Zaid,4.72,563.4,,55.1,6.34,175.7,51.1,143.3,85.7,4.64
Maize,Gujarat,Rabi,3.68,1036.1,33.2,69.6,6.3,114.3,65.6,62.9,216.6,5.48
Rice,Haryana,Kharif,4.58,549.0,38.9,66.8,5.46,107.8,37.1,68.9,180.9,4.44
Maize,Tamil Nadu,Zaid,1.79,860.7,20.0,63.6,6.61,145.0,49.8,105.2,140.8,4.57
Groundnut,Karnataka,Zaid,3.56,796.1,30.1,54.7,5.96,94.4,50.5,65.2,178.6,2.47
Wheat,Tamil Nadu,Kharif,1.6,751.7,20.4,55.5,7.44,150.4,64.6,99.8,192.8,4.79
Groundnut,Tamil Nadu,Rabi,1.71,1260.6,30.9,,6.26,63.7,75.5,30.0,141.7,3.04
Wheat,Maharashtra,Rabi,8.72,999.7,26.5,69.6,5.91,77.4,34.6,101.3,153.6,3.81
Pulses,Gujarat,Rabi,5.7,898.5,27.9,71.8,8.2,176.4,15.0,120.9,135.5,1.7
Sugarcane,Punjab,Kharif,5.95,1033.2,30.2,59.4,6.63,51.8,37.1,80.8,41.9,107.38
Potato,Andhra Pradesh,Zaid,2.67,833.1,30.8,71.7,6.39,166.7,63.5,96.8,189.8,22.13
Pulses,Karnataka,Zaid,2.88,1571.6,34.9,66.9,7.05,123.0,55.4,82.4,143.7,1.34
Rice,Madhya Pradesh,Kharif,4.07,1011.4,27.4,67.9,7.23,81.5,15.0,82.3,121.4,4.31
Maize,Maharashtra,Rabi,2.08,705.7,26.5,64.1,7.38,113.7,55.2,128.8,95.6,4.77
Maize,Haryana,Rabi,2.41,702.5,35.1,79.8,7.16,129.2,42.9,142.4,142.6,5.99
Potato,Karnataka,Kharif,0.9,611.0,26.4,71.4,,133.7,27.5,96.4,20.0,26.07
Cotton,Maharashtra,Kharif,7.81,895.2,36.5,55.0,6.56,102.8,67.6,116.6,100.2,2.36
Cotton,Madhya Pradesh,Zaid,11.81,422.7,17.8,60.8,7.94,96.8,61.5,82.8,183.5,2.34
Rice,Madhya Pradesh,Zaid,4.96,947.1,17.0,65.6,7.22,152.1,31.0,68.5,171.3,3.97
Potato,Haryana,Rabi,2.36,642.7,26.5,61.3,6.83,103.4,35.0,68.8,20.0,27.68
Sugarcane,Karnataka,Rabi,8.72,250.0,18.1,69.1,6.34,110.1,58.0,69.9,264.5,92.86
Cotton,West Bengal,Rabi,2.63,911.1,30.6,,6.32,98.8,65.8,121.4,213.5,2.8
Potato,Haryana,Zaid,4.17,1209.7,21.0,81.9,7.15,135.8,42.9,144.8,67.4,24.75
Cotton,Karnataka,Kharif,10.37,345.4,27.5,55.0,7.05,112.3,88.3,158.8,114.7,2.4
Potato,West Bengal,Kharif,2.1,377.2,26.7,78.1,6.97,54.7,57.2,62.5,217.5,26.61
Rice,Madhya Pradesh,Rabi,1.46,659.2,26.4,74.4,6.19,154.7,15.0,78.5,76.0,4.64
Wheat,Maharashtra,Rabi,8.23,1280.1,28.2,79.7,6.93,159.5,53.5,144.1,178.6,4.63
Cotton,Maharashtra,Kharif,9.2,495.7,27.3,80.5,8.2,56.5,36.2,61.2,159.1,2.57
Groundnut,Gujarat,Kharif,4.88,976.5,27.5,58.8,6.2,106.9,45.7,100.6,159.3,3.17
Groundnut,Madhya Pradesh,Kharif,1.95,1018.0,17.8,64.5,6.07,183.3,41.4,,165.7,2.84
Pulses,Punjab,Rabi,4.88,881.0,29.3,65.6,6.25,113.1,71.8,173.6,212.3,2.06
Potato,Uttar Pradesh,Zaid,1.27,1210.6,26.2,73.5,7.72,86.4,69.1,192.7,261.2,24.83
Wheat,Uttar Pradesh,Kharif,4.6,910.0,24.0,62.5,6.29,129.5,35.3,140.2,188.8,4.61
Sugarcane,Maharashtra,Zaid,7.23,516.7,24.1,80.1,6.99,167.2,80.8,153.9,165.9,84.43
Maize,Uttar Pradesh,Kharif,2.38,1226.0,35.7,66.8,5.66,84.6,59.4,95.1,122.2,5.28
Wheat,Punjab,Zaid,2.22,768.4,26.3,59.6,5.76,190.0,31.6,104.4,249.2,4.36
Potato,Maharashtra,Kharif,3.88,880.1,33.4,58.8,6.29,157.0,50.2,142.4,160.2,25.06
Wheat,Haryana,Rabi,8.5,970.7,18.4,74.9,6.79,121.1,47.5,,185.0,4.74
Potato,West Bengal,Kharif,2.07,1190.7,34.6,69.9,7.77,103.3,44.2,94.3,228.3,26.64
Maize,Gujarat,Rabi,4.0,1783.3,23.9,87.9,5.63,89.1,93.5,85.0,55.5,4.65
Wheat,Andhra Pradesh,Zaid,6.59,600.5,32.9,56.5,7.07,155.0,24.3,102.3,157.3,4.1
Pulses,Haryana,Rabi,1.95,1139.2,33.8,81.1,5.57,116.8,56.7,59.4,159.3,1.91
Cotton,Punjab,Zaid,11.57,1020.2,23.2,65.6,7.27,80.3,58.4,135.1,152.0,2.52
Cotton,Punjab,Kharif,7.22,1178.1,24.4,80.9,6.7,75.3,73.0,153.7,160.3,2.7
Rice,Uttar Pradesh,Zaid,3.91,940.3,34.9,79.8,6.16,121.2,51.0,96.4,157.2,4.3
Sugarcane,Uttar Pradesh,Zaid,4.57,903.9,31.1,87.8,7.22,105.1,79.2,46.5,150.9,85.72
Rice,Madhya Pradesh,Rabi,5.37,859.2,22.8,85.4,6.62,161.3,63.8,128.5,98.9,4.91
Rice,Haryana,Kharif,5.1,323.6,23.3,63.9,7.2,138.5,27.9,95.5,143.1,4.74
Maize,Punjab,Kharif,3.43,674.8,24.6,59.9,7.17,147.2,44.9,67.5,77.0,5.3
Wheat,Haryana,Kharif,9.29,1062.4,34.6,44.0,7.84,,88.8,77.2,149.2,4.25
Maize,Tamil Nadu,Zaid,1.74,666.1,23.9,60.9,7.33,149.5,22.4,114.7,174.7,4.77
Wheat,Punjab,Zaid,5.15,670.7,22.2,71.8,6.46,149.4,67.0,113.0,165.8,4.33
Sugarcane,West Bengal,Zaid,6.5,1119.8,18.4,51.2,6.83,113.0,50.3,128.3,150.3,92.82
Sugarcane,Andhra Pradesh,Zaid,2.55,250.0,27.6,72.8,6.4,147.9,73.8,136.5,120.4,89.52
Potato,Tamil Nadu,Zaid,3.99,704.9,23.9,69.6,6.68,108.0,75.5,193.2,80.4,24.81
Sugarcane,Maharashtra,Zaid,2.28,886.6,26.2,73.2,5.84,174.8,61.2,81.0,219.9,86.42
Rice,Maharashtra,Zaid,3.94,1136.5,23.5,58.7,6.74,97.8,65.6,165.2,186.1,4.39
Sugarcane,Haryana,Kharif,2.35,760.2,19.6,83.6,5.79,139.9,47.8,167.2,89.6,110.42
Pulses,Tamil Nadu,Rabi,3.64,520.7,23.8,63.7,6.81,101.5,57.7,101.4,187.0,1.85
Potato,Madhya Pradesh,Kharif,2.54,1015.8,32.0,59.4,5.56,88.1,63.5,118.7,196.0,28.62
Cotton,West Bengal,Kharif,8.98,920.0,22.9,85.0,5.92,131.1,79.3,161.3,110.0,2.76
Maize,Karnataka,Rabi,1.28,906.3,22.5,79.4,6.34,127.0,67.1,123.4,104.9,4.69
Potato,West Bengal,Zaid,2.99,433.2,31.8,75.8,6.46,52.2,60.1,83.7,172.9,23.9
Maize,Gujarat,Zaid,6.26,311.6,25.0,59.2,6.27,114.0,43.2,77.1,110.3,4.64
Pulses,Gujarat,Zaid,5.15,331.8,27.0,56.8,5.34,74.4,35.5,81.1,222.6,1.6
Cotton,Karnataka,Kharif,8.23,522.3,17.5,57.2,6.82,143.0,69.3,63.8,275.3,2.43
Sugarcane,Andhra Pradesh,Zaid,8.97,599.9,24.7,59.5,6.54,142.4,31.0,41.1,126.9,89.15
Maize,Punjab,Kharif,2.52,581.2,26.3,64.2,6.48,166.1,39.1,105.9,105.8,5.37
Maize,Haryana,Kharif,2.82,850.9,27.1,71.5,5.62,88.8,76.5,67.5,74.6,5.15
Sugarcane,West Bengal,Rabi,7.48,300.2,,62.1,6.43,133.5,65.0,131.7,170.9,102.4
Cotton,Uttar Pradesh,Rabi,4.32,1077.7,30.4,70.7,7.28,94.6,69.6,139.2,167.6,2.6
Potato,Punjab,Rabi,1.58,381.5,31.6,55.5,5.3,136.9,65.1,97.0,189.8,32.1
Cotton,Haryana,Zaid,4.68,871.5,28.7,89.3,6.69,104.4,31.5,84.2,120.1,2.59
Potato,Andhra Pradesh,Zaid,0.58,872.3,21.3,73.3,5.16,112.4,47.7,104.3,150.9,25.87
Potato,Punjab,Kharif,5.0,1007.2,26.4,75.3,6.32,148.3,53.1,42.1,225.2,32.49
Rice,Punjab,Zaid,1.03,429.1,29.3,77.2,6.98,71.7,83.2,78.9,117.4,4.37
Rice,Punjab,Kharif,7.52,704.1,27.5,62.1,6.22,71.8,47.9,70.2,115.5,4.85
Potato,West Bengal,Zaid,3.05,556.6,27.3,73.6,5.93,145.0,27.0,140.0,219.2,24.47
Cotton,Punjab,Kharif,2.73,1311.4,33.5,70.4,6.12,181.4,46.8,101.6,150.4,2.91
Cotton,Karnataka,Zaid,3.54,882.3,26.5,84.8,6.87,111.5,48.1,165.2,101.5,2.32
Pulses,Andhra Pradesh,Rabi,6.11,1556.0,38.7,53.6,6.42,174.3,52.4,102.5,131.9,1.51
Groundnut,Andhra Pradesh,Rabi,3.95,1186.2,28.8,82.7,6.28,197.1,44.4,116.7,168.7,2.9
Wheat,Maharashtra,Kharif,9.3,926.7,18.7,75.1,6.42,79.7,62.3,110.5,118.0,4.06
Potato,Madhya Pradesh,Kharif,1.22,1091.8,20.9,60.0,6.44,119.0,77.1,93.2,218.0,26.42
Potato,Uttar Pradesh,Kharif,4.5,998.8,30.4,56.1,7.79,98.4,37.9,158.4,151.0,26.3
Wheat,Tamil Nadu,Kharif,4.74,710.7,30.9,71.1,6.56,,63.8,58.3,173.3,4.31
Sugarcane,Punjab,Kharif,4.93,941.9,29.4,62.9,5.85,128.1,64.6,112.7,69.0,104.14
Rice,Karnataka,Rabi,1.71,1176.5,29.3,61.4,8.05,168.3,22.2,87.5,250.3,4.55
Groundnut,Andhra Pradesh,Zaid,4.11,812.9,36.1,62.5,6.57,98.7,55.8,131.9,156.2,2.46
Maize,West Bengal,Zaid,3.33,933.0,22.7,95.0,7.11,102.2,44.5,94.8,136.2,5.05
Pulses,Karnataka,Kharif,4.22,650.0,24.3,61.4,6.15,123.1,46.2,146.6,163.8,1.73
Groundnut,Haryana,Rabi,4.29,,29.1,61.3,5.61,107.0,42.4,,103.0,2.96
Wheat,West Bengal,Rabi,8.42,981.4,32.5,81.2,6.16,114.3,69.8,59.1,214.7,4.51
Sugarcane,Gujarat,Rabi,5.23,499.0,33.1,57.9,5.88,188.4,41.8,172.6,134.4,95.73
Cotton,Punjab,Kharif,3.48,529.9,28.2,75.3,7.2,84.3,77.8,55.1,74.8,2.75
Sugarcane,Haryana,Zaid,5.11,445.7,29.1,,8.2,170.9,42.2,156.8,151.4,96.2
Maize,Punjab,Kharif,1.52,1146.9,32.5,88.2,6.72,170.1,31.8,152.1,192.2,5.56
Potato,Uttar Pradesh,Zaid,3.29,985.8,32.5,61.6,7.33,158.6,48.7,96.7,183.2,27.4
Wheat,Maharashtra,Rabi,2.22,719.2,28.8,50.4,,148.5,91.0,192.7,53.1,4.44
Sugarcane,Punjab,Zaid,6.71,1175.1,26.7,78.3,6.12,112.4,60.2,102.3,152.7,100.09
Cotton,Punjab,Zaid,10.82,979.1,23.4,48.9,6.67,114.7,18.4,151.2,53.6,2.41
Groundnut,West Bengal,Kharif,2.63,1111.6,38.3,62.5,7.16,62.8,49.8,90.2,209.9,3.03
Potato,Karnataka,Rabi,4.14,1374.7,21.8,61.5,8.2,142.1,80.9,124.8,69.7,24.29
Rice,West Bengal,Zaid,3.0,713.3,22.9,65.8,6.34,139.8,56.7,97.4,220.2,4.24
Sugarcane,Madhya Pradesh,Rabi,5.54,1081.9,29.3,84.4,6.31,,20.2,55.6,196.4,91.18
Rice,Punjab,Kharif,3.76,250.0,23.4,74.8,7.22,217.3,54.6,123.2,41.5,4.75
Wheat,Tamil Nadu,Kharif,3.85,1333.2,34.2,52.7,6.58,128.7,59.4,39.9,212.1,3.95
Wheat,Haryana,Rabi,8.04,1006.8,25.2,79.8,6.13,118.9,54.6,68.4,152.1,4.25
Pulses,Maharashtra,Kharif,1.7,667.1,27.6,66.8,5.24,114.8,67.5,85.7,219.5,1.81
Pulses,West Bengal,Kharif,4.04,614.9,22.3,85.2,5.84,82.1,45.9,120.3,55.8,1.6
Sugarcane,Madhya Pradesh,Kharif,4.92,1319.0,26.8,48.7,6.13,87.2,65.4,,,98.06
Sugarcane,Tamil Nadu,Rabi,3.13,1007.8,26.2,56.1,6.45,117.9,85.5,74.2,124.4,94.64
Sugarcane,Uttar Pradesh,Rabi,7.68,763.7,20.9,78.7,5.28,92.4,74.8,112.3,63.9,94.62
Wheat,Karnataka,Kharif,2.53,250.0,31.6,75.4,7.65,96.9,45.0,128.9,71.5,3.92
Wheat,Madhya Pradesh,Kharif,5.15,597.8,40.0,60.8,5.94,129.6,28.0,79.3,161.0,3.91
Groundnut,Tamil Nadu,Zaid,3.17,869.4,29.9,64.0,6.77,155.0,72.1,134.2,146.6,2.91
Wheat,Gujarat,Kharif,5.66,731.1,23.4,51.1,6.79,40.0,,117.9,210.1,4.28
Pulses,Haryana,Rabi,6.97,508.1,25.4,47.1,6.16,105.7,15.0,81.8,56.7,1.87
Rice,Punjab,Zaid,4.36,609.6,25.4,59.2,6.29,153.4,73.5,86.4,179.8,4.26
Wheat,Tamil Nadu,Kharif,1.15,513.6,27.9,70.8,6.84,109.3,59.1,130.7,227.3,4.5
Potato,Punjab,Rabi,4.54,652.8,19.9,72.1,6.44,43.7,61.1,116.9,203.0,30.39
Pulses,Uttar Pradesh,Zaid,2.93,629.6,31.4,84.6,6.71,94.8,57.0,,166.5,1.7
Potato,Haryana,Kharif,1.8,739.3,27.6,65.9,5.61,240.6,79.2,162.0,55.5,32.92
Wheat,Haryana,Zaid,8.99,788.0,21.0,88.3,6.08,142.2,83.4,123.4,126.3,3.99
Rice,West Bengal,Kharif,4.42,881.5,30.4,36.3,6.25,226.2,54.2,145.1,,4.93
Sugarcane,Uttar Pradesh,Zaid,1.95,824.4,28.4,61.4,6.75,135.8,92.1,103.2,194.0,93.62
Maize,West Bengal,Kharif,3.58,568.1,23.7,55.3,7.11,148.0,33.8,125.4,149.3,5.35
Cotton,Haryana,Rabi,11.46,589.0,27.3,62.5,6.34,83.5,64.4,146.3,184.7,2.75
Pulses,Maharashtra,Kharif,5.44,1077.1,27.7,94.3,7.24,187.0,53.2,95.4,165.8,1.69
Sugarcane,Andhra Pradesh,Zaid,8.59,1086.5,25.9,67.6,6.98,172.5,63.6,144.6,135.2,92.84
Rice,Punjab,Kharif,6.45,1020.8,33.2,73.3,7.94,142.2,68.6,85.6,177.6,4.83
Pulses,Andhra Pradesh,Rabi,4.73,1144.6,21.2,75.1,6.33,111.5,39.0,84.9,89.7,1.81
Rice,Punjab,Kharif,5.5,1599.3,26.2,45.3,6.82,154.8,75.9,39.2,113.9,5.16
Pulses,Karnataka,Zaid,5.77,1086.6,36.9,93.9,5.49,73.5,37.6,89.3,221.6,1.47
Potato,Tamil Nadu,Kharif,4.87,1000.9,20.7,78.0,7.49,193.2,18.9,90.4,163.1,27.76
Groundnut,Uttar Pradesh,Kharif,3.13,912.2,22.2,59.2,7.02,152.0,49.6,86.4,154.6,3.11
Maize,Uttar Pradesh,Rabi,6.78,954.5,24.3,86.3,6.5,129.4,40.6,124.5,125.2,5.68
Wheat,Gujarat,Kharif,9.17,1108.8,34.7,80.9,6.21,182.3,46.1,101.5,21.8,3.82
Wheat,Haryana,Kharif,1.91,821.2,27.2,89.1,6.12,104.5,55.0,46.4,239.2,4.7
Potato,Punjab,Rabi,4.32,280.6,30.9,52.7,6.2,113.6,27.0,130.3,20.8,26.38
Sugarcane,Andhra Pradesh,Rabi,1.12,555.0,23.8,76.1,7.17,91.0,29.9,182.5,176.2,102.34
Wheat,Andhra Pradesh,Kharif,6.84,573.8,31.0,73.5,7.72,115.7,66.2,84.1,216.4,4.22
Maize,Andhra Pradesh,Rabi,1.23,1411.0,29.3,74.4,6.28,128.0,52.3,146.3,142.4,5.04
Maize,Maharashtra,Rabi,3.73,749.1,28.2,77.1,6.62,163.4,72.0,76.5,98.0,5.2
Rice,Uttar Pradesh,Rabi,7.47,998.1,22.7,63.0,6.79,71.4,84.5,91.6,,4.76
Pulses,Gujarat,Zaid,6.95,280.8,35.5,51.1,6.81,123.0,78.4,42.2,184.7,1.58
Wheat,Karnataka,Kharif,1.76,621.1,29.7,56.8,7.05,159.2,32.5,149.2,188.1,4.09
Wheat,Karnataka,Rabi,5.18,891.8,30.7,68.1,7.18,161.5,85.7,56.8,164.8,4.13
Groundnut,Andhra Pradesh,Zaid,5.98,567.5,27.2,63.5,7.27,161.9,35.7,113.8,129.4,2.47
Potato,West Bengal,Zaid,4.67,1464.2,25.4,55.0,7.51,159.4,69.1,130.4,110.1,25.64
Wheat,Karnataka,Rabi,1.35,798.9,23.7,61.4,6.26,143.1,61.3,182.8,134.9,4.29
Cotton,Andhra Pradesh,Kharif,5.19,284.4,30.8,60.7,6.89,202.1,43.3,102.2,167.2,2.62
Maize,Tamil Nadu,Kharif,2.65,379.6,28.4,72.3,7.85,119.6,44.4,105.0,187.3,5.13
Pulses,Andhra Pradesh,Zaid,3.34,774.7,29.5,77.7,6.43,141.0,16.8,160.1,73.7,1.53
Wheat,Haryana,Rabi,1.5,789.4,31.8,72.6,7.21,40.0,15.0,113.7,156.1,4.92
Sugarcane,Karnataka,Zaid,4.62,769.1,31.4,55.2,6.51,141.6,97.1,66.0,224.8,86.87
Groundnut,Punjab,Kharif,5.92,829.6,25.8,61.4,,153.0,87.6,99.7,171.0,3.24
Rice,Tamil Nadu,Zaid,4.97,636.0,29.3,79.7,6.02,157.4,120.0,122.6,167.5,4.33
Rice,Tamil Nadu,Kharif,1.95,689.6,23.6,65.9,,157.7,73.0,100.5,174.1,4.65
Maize,Karnataka,Zaid,4.1,1133.3,24.2,95.0,7.24,79.5,37.1,92.6,203.6,4.56
Rice,Madhya Pradesh,Kharif,7.5,702.8,30.1,67.1,8.01,102.7,47.5,80.0,100.2,4.56
Wheat,Tamil Nadu,Rabi,8.71,1163.1,29.8,63.0,6.1,121.4,55.0,131.0,226.3,4.21
Groundnut,Punjab,Rabi,1.19,618.4,23.8,77.7,6.96,70.2,49.7,127.1,107.5,2.96
Maize,Karnataka,Rabi,1.33,1437.8,21.8,73.1,6.73,158.4,29.4,95.8,206.8,4.97
Cotton,Uttar Pradesh,Zaid,5.81,1192.8,33.6,60.5,6.1,132.0,63.6,84.1,102.7,2.16
Rice,Madhya Pradesh,Rabi,4.96,1110.5,29.0,63.6,7.1,171.4,45.5,122.6,165.0,4.8
Potato,Tamil Nadu,Zaid,2.72,1522.1,,72.8,7.02,187.0,77.7,66.8,225.4,23.93
Potato,Andhra Pradesh,Zaid,1.41,1270.7,21.4,,5.58,72.5,50.0,108.3,177.6,22.95
Potato,West Bengal,Rabi,2.43,1171.0,23.9,82.6,5.51,219.4,56.4,130.8,188.2,27.76
Sugarcane,Uttar Pradesh,Rabi,1.53,1188.4,26.9,73.8,6.97,90.5,48.3,158.2,168.9,98.59
Cotton,Karnataka,Rabi,10.08,1155.5,29.2,67.8,6.46,132.0,71.4,101.2,157.8,2.65
Rice,Punjab,Rabi,5.74,970.6,29.9,48.7,6.24,92.4,47.1,126.5,218.8,5.25
Cotton,Punjab,Kharif,3.0,823.4,24.0,79.6,7.67,64.3,50.1,86.7,60.2,2.96
Pulses,West Bengal,Zaid,1.94,686.9,27.7,54.2,7.21,155.4,38.3,109.0,146.4,1.52
Pulses,Uttar Pradesh,Kharif,2.04,1181.9,19.6,93.0,6.12,114.3,52.7,133.3,59.3,1.72
Groundnut,Gujarat,Kharif,1.15,846.9,31.4,60.2,6.22,159.3,28.6,75.0,72.3,2.7
Cotton,Karnataka,Zaid,2.71,822.3,24.4,65.8,7.51,40.0,50.0,92.4,145.4,2.25
Sugarcane,Maharashtra,Zaid,7.55,1111.7,23.6,53.8,6.66,131.2,45.5,107.3,200.3,83.67
Sugarcane,Andhra Pradesh,Kharif,3.94,621.9,33.1,61.7,7.81,186.5,45.8,90.0,81.9,91.98
Potato,Tamil Nadu,Kharif,0.83,341.2,19.2,53.4,5.97,197.7,32.3,109.7,224.6,25.86
Groundnut,Maharashtra,Zaid,1.1,250.0,21.9,68.4,6.88,170.8,29.0,48.6,48.7,2.43
Wheat,Madhya Pradesh,Kharif,5.87,775.2,25.0,85.8,6.6,108.4,88.1,125.4,163.1,4.6
Groundnut,Gujarat,Kharif,3.26,743.7,24.3,60.0,6.73,163.1,35.4,59.2,64.5,2.62
Pulses,West Bengal,Kharif,4.09,518.7,26.2,76.7,7.72,159.1,87.1,109.7,171.5,1.87
Rice,West Bengal,Rabi,7.45,685.0,27.6,57.4,7.41,110.5,56.2,88.4,65.7,
Rice,Andhra Pradesh,Kharif,6.83,1424.2,27.7,60.4,6.61,137.9,68.4,132.6,83.9,
Pulses,Andhra Pradesh,Kharif,5.59,632.2,33.9,73.9,6.45,131.2,70.0,67.1,129.7,1.81
Maize,Maharashtra,Kharif,1.62,331.8,15.0,82.6,7.1,134.7,33.5,79.2,111.0,4.4
Potato,Haryana,Rabi,3.35,1157.0,34.9,72.0,7.17,124.5,47.6,150.2,176.3,29.88
Sugarcane,Andhra Pradesh,Rabi,5.01,406.8,29.7,76.9,7.73,133.9,50.5,112.3,78.5,90.31
Potato,Maharashtra,Zaid,2.32,946.3,29.3,68.1,4.8,152.9,39.4,132.4,161.9,24.8
Maize,Karnataka,Kharif,2.93,1117.7,25.4,,7.25,110.4,85.2,139.1,201.0,5.54
Groundnut,Andhra Pradesh,Kharif,3.43,798.3,25.6,63.9,7.1,70.6,57.9,165.9,225.1,2.85
Maize,Gujarat,Rabi,5.35,870.5,30.9,64.0,6.5,119.7,32.0,70.3,57.0,5.18
Sugarcane,Madhya Pradesh,Kharif,7.29,888.2,27.8,53.5,6.48,158.3,66.7,65.9,81.2,90.83
Rice,Gujarat,Kharif,5.63,695.2,22.3,82.0,7.46,144.7,25.2,149.2,165.0,5.22
Rice,Haryana,Rabi,1.97,438.3,35.0,52.8,6.07,137.3,53.1,99.6,78.8,4.86
Potato,Haryana,Rabi,2.18,630.1,17.3,43.6,6.13,136.8,32.3,60.3,83.6,27.68
Pulses,Maharashtra,Kharif,5.55,1646.7,22.8,77.2,5.89,155.6,67.9,124.5,83.6,1.66
Rice,West Bengal,Zaid,5.31,590.5,31.5,50.2,6.55,98.8,41.4,30.0,95.8,3.94
Potato,Maharashtra,Kharif,1.57,1110.4,24.6,64.3,6.59,123.4,57.3,57.0,155.1,23.71
Cotton,Karnataka,Rabi,9.43,723.4,27.7,60.4,6.59,54.8,53.1,55.8,149.0,2.49
Cotton,Haryana,Rabi,6.18,963.1,25.6,68.2,7.19,58.4,63.5,182.4,162.1,2.84
Groundnut,Tamil Nadu,Kharif,1.21,987.4,22.4,72.8,6.99,157.8,23.7,62.8,100.3,2.69
Sugarcane,Karnataka,Zaid,4.8,1038.4,27.9,88.0,7.65,111.3,56.2,88.2,143.4,79.73
Pulses,Tamil Nadu,Kharif,1.76,876.0,31.4,70.3,,116.0,73.3,92.7,102.0,1.82
Sugarcane,Uttar Pradesh,Kharif,6.85,1257.4,23.7,50.0,6.36,109.3,49.8,123.2,93.8,104.34
Potato,West Bengal,Rabi,4.28,942.4,34.2,56.1,7.33,158.1,54.9,84.7,214.3,28.21
Potato,Karnataka,Kharif,1.55,608.8,26.3,69.0,6.76,154.2,68.2,90.9,139.3,26.94
Wheat,Punjab,Rabi,7.48,942.3,34.5,33.8,6.56,100.0,71.2,66.0,211.0,5.1
Maize,Punjab,Rabi,2.39,762.0,23.5,43.4,7.06,,82.8,32.7,,5.46
Potato,Tamil Nadu,Zaid,1.62,1143.3,29.7,52.9,5.71,153.9,43.9,60.4,33.2,22.81
Cotton,Andhra Pradesh,Rabi,7.86,704.6,19.3,95.0,7.18,116.6,71.7,93.6,126.9,2.8
Sugarcane,Tamil Nadu,Rabi,7.89,1267.0,29.8,62.4,6.63,101.5,59.0,120.3,105.5,102.32
Potato,Maharashtra,Kharif,4.47,714.1,30.5,53.0,5.49,155.8,103.0,157.8,114.2,27.06
Potato,Tamil Nadu,Zaid,4.77,742.0,30.8,54.9,7.25,115.9,45.2,120.1,188.7,26.61
Groundnut,Tamil Nadu,Rabi,2.64,1221.8,28.6,86.7,,133.5,70.6,119.5,116.1,2.68
Groundnut,West Bengal,Zaid,5.25,1245.0,19.1,88.2,8.2,,39.8,118.2,84.2,2.55
Rice,Maharashtra,Rabi,7.26,615.1,30.5,58.6,6.38,161.3,61.8,101.7,136.5,4.13
Pulses,Maharashtra,Kharif,2.34,488.7,25.6,61.7,6.32,190.6,71.7,135.3,85.9,1.69
Cotton,Uttar Pradesh,Zaid,2.4,739.9,28.3,67.3,6.3,129.6,54.7,120.0,151.5,2.57
Maize,Karnataka,Kharif,4.87,1022.1,23.9,70.1,5.31,146.4,64.7,,217.2,5.48
Potato,Punjab,Zaid,1.82,1093.6,25.7,45.3,5.36,103.6,35.8,113.4,33.0,23.57
Maize,Karnataka,Rabi,3.73,937.1,26.0,77.7,7.81,116.3,15.0,104.9,214.4,4.99
Cotton,Andhra Pradesh,Kharif,5.21,1174.3,26.5,80.9,5.82,158.7,15.0,122.3,197.9,2.59
Potato,Tamil Nadu,Rabi,3.58,1024.6,25.1,63.9,6.32,160.2,69.7,90.8,80.1,27.89
Maize,Punjab,Kharif,5.04,1201.3,24.2,67.9,8.2,151.8,21.8,116.6,127.2,5.73
Cotton,Karnataka,Rabi,3.13,650.1,29.3,53.8,7.0,117.6,16.0,81.8,206.2,2.53
Wheat,Haryana,Zaid,8.1,1098.3,29.9,54.4,6.41,147.7,120.0,68.8,163.3,4.5
Maize,Haryana,Zaid,2.62,1028.3,30.8,46.6,7.46,87.7,,41.5,132.6,4.41
Maize,Maharashtra,Rabi,6.27,692.3,27.2,65.8,6.24,201.4,45.6,136.1,135.8,5.6
Groundnut,Tamil Nadu,Zaid,1.52,1314.8,36.5,63.6,5.06,162.3,29.8,149.7,140.1,2.37
Potato,West Bengal,Rabi,2.24,408.8,31.6,76.9,7.25,100.6,107.2,102.1,184.2,27.17
Rice,Maharashtra,Kharif,2.71,975.4,23.3,77.4,7.27,158.6,37.6,132.6,187.3,4.81
Rice,Andhra Pradesh,Kharif,7.69,857.6,32.6,61.2,6.49,161.9,60.6,105.3,173.2,4.73
Maize,Madhya Pradesh,Kharif,6.7,861.2,17.5,76.2,7.65,125.0,51.8,91.6,167.1,5.25
Wheat,Gujarat,Rabi,8.99,819.0,23.6,86.8,6.38,49.2,64.9,75.6,77.7,4.57
Pulses,Maharashtra,Zaid,5.47,745.0,31.2,66.0,6.25,168.9,31.4,158.5,216.7,1.56
Pulses,Gujarat,Zaid,1.89,1374.3,18.5,84.2,6.0,114.5,85.1,130.5,140.0,1.59
Rice,Tamil Nadu,Zaid,2.23,725.7,29.0,73.1,7.35,139.6,64.0,83.6,157.9,4.33
Sugarcane,Uttar Pradesh,Rabi,4.05,745.3,19.6,64.3,6.0,139.8,54.1,33.5,89.4,88.96
Maize,West Bengal,Zaid,6.28,979.1,36.7,79.4,7.06,142.7,36.4,96.7,100.9,4.05
Pulses,Andhra Pradesh,Rabi,4.25,1052.3,26.5,77.0,6.43,181.2,34.6,147.6,132.0,1.81
Pulses,Haryana,Kharif,5.07,428.7,27.9,70.0,5.82,156.7,44.2,118.0,30.2,2.0
Pulses,Madhya Pradesh,Rabi,2.21,929.2,31.9,91.9,6.35,70.3,77.0,98.0,70.9,1.64
Pulses,Haryana,Kharif,1.03,705.1,27.0,53.8,5.43,147.5,62.4,90.8,134.5,1.8
Potato,Gujarat,Zaid,4.34,1118.7,24.1,62.2,6.22,215.2,28.9,105.4,145.2,23.71
Wheat,Maharashtra,Zaid,4.41,1272.9,23.3,78.0,5.34,112.6,56.4,139.9,271.8,3.92
Sugarcane,Karnataka,Zaid,1.01,1068.1,26.6,52.1,6.95,92.9,70.0,127.5,157.3,80.25
Wheat,Punjab,Rabi,4.76,1023.1,29.7,57.7,6.35,132.1,37.6,168.9,103.5,4.76
Wheat,Gujarat,Zaid,6.32,579.9,24.6,70.2,5.84,57.9,90.3,118.3,223.7,4.02
Groundnut,Tamil Nadu,Kharif,5.71,1224.7,26.8,60.8,7.15,75.9,72.1,86.3,86.6,2.95
Groundnut,Gujarat,Kharif,4.87,759.0,20.9,60.9,7.1,146.9,41.2,175.1,62.3,2.92
Rice,Madhya Pradesh,Rabi,5.58,1109.3,22.4,56.2,7.46,118.3,55.2,143.9,66.7,4.66
Pulses,Madhya Pradesh,Rabi,3.7,883.2,26.1,78.4,6.56,68.3,19.9,135.0,150.4,1.9
Rice,Andhra Pradesh,Rabi,6.51,554.8,24.2,68.3,6.15,70.3,45.8,116.9,83.4,4.33
Cotton,Madhya Pradesh,Zaid,11.59,1260.7,25.3,,5.95,78.1,19.0,80.4,175.4,2.38
Cotton,Andhra Pradesh,Zaid,9.02,1035.2,21.7,89.9,7.19,108.4,49.1,191.6,47.9,2.52
Wheat,Haryana,Kharif,6.64,931.9,34.1,87.5,5.87,141.3,72.3,115.8,87.3,4.79
Wheat,Gujarat,Zaid,1.97,,32.0,80.5,6.31,110.6,69.3,169.7,221.5,4.12
Rice,Punjab,Kharif,5.35,983.0,33.3,71.9,5.87,127.2,100.4,71.2,117.8,4.77
Cotton,Andhra Pradesh,Kharif,8.45,951.8,16.3,69.6,5.29,134.8,65.8,102.2,112.4,2.77
Rice,Madhya Pradesh,Rabi,3.7,899.1,31.0,57.8,7.28,211.4,53.5,152.9,126.5,4.84
Potato,Karnataka,Rabi,3.59,250.0,20.8,57.8,7.45,119.6,53.6,141.1,110.3,24.85
Pulses,Madhya Pradesh,Rabi,4.55,1101.0,25.2,77.1,7.34,82.0,66.0,97.9,81.8,1.6
Cotton,Andhra Pradesh,Kharif,10.55,1016.4,24.8,66.8,6.43,166.7,46.0,114.4,65.1,2.67
Pulses,Gujarat,Kharif,1.79,250.0,25.8,85.1,6.14,117.7,37.2,102.5,,1.57
Maize,Punjab,Zaid,1.29,1015.8,25.5,50.8,6.75,103.5,37.9,67.9,187.1,5.08
Maize,Madhya Pradesh,Kharif,5.68,1046.5,30.4,,6.75,89.1,27.8,94.4,128.7,5.02
Sugarcane,Gujarat,Rabi,4.1,1176.6,25.7,59.6,6.81,224.9,71.7,110.7,185.8,93.13
Maize,Punjab,Zaid,5.3,1336.4,19.2,75.8,6.93,169.3,44.0,85.5,135.8,5.29
Sugarcane,Maharashtra,Rabi,8.37,770.0,23.9,65.3,6.71,96.2,49.0,105.8,175.3,110.89
Groundnut,Maharashtra,Zaid,1.94,977.6,26.1,64.6,6.07,50.7,68.9,118.8,175.2,2.36
Pulses,Andhra Pradesh,Zaid,1.72,980.0,25.5,76.2,7.15,90.6,46.3,93.4,193.6,1.58
Wheat,Andhra Pradesh,Kharif,3.1,988.4,27.4,54.8,7.44,110.5,61.4,51.1,162.9,4.18
Maize,Punjab,Rabi,3.27,1270.1,28.1,30.0,7.94,150.4,48.1,154.1,111.9,5.18
Sugarcane,West Bengal,Zaid,7.11,1170.8,25.7,48.2,7.66,119.4,77.0,87.1,147.5,93.44
Potato,Haryana,Zaid,3.16,445.4,25.0,67.6,6.65,164.9,57.6,96.0,87.9,25.44
Sugarcane,Punjab,Zaid,7.67,650.3,18.2,81.6,5.44,150.2,42.8,87.2,131.0,94.56
Rice,Tamil Nadu,Kharif,1.51,362.1,17.1,57.4,6.9,157.7,65.6,190.5,221.8,4.46
Wheat,Tamil Nadu,Zaid,3.74,1007.6,24.8,76.9,7.31,117.1,62.0,100.9,121.0,4.18
Groundnut,West Bengal,Zaid,1.03,1153.1,30.1,76.1,6.45,67.7,36.3,98.9,203.4,2.51
Cotton,Gujarat,Kharif,10.86,250.0,27.0,58.8,5.8,114.7,47.0,55.9,95.6,2.52
Cotton,Punjab,Rabi,11.48,837.7,19.0,48.0,7.55,71.2,85.2,174.0,151.9,2.95
Cotton,Madhya Pradesh,Rabi,5.36,942.5,28.6,77.7,7.47,134.6,62.3,57.3,189.5,2.53
Maize,Haryana,Zaid,1.8,669.1,33.6,62.2,8.2,141.9,31.3,73.5,211.8,4.76
Cotton,Andhra Pradesh,Kharif,5.78,1076.2,37.7,90.9,6.78,133.6,76.7,101.9,90.3,2.65
Maize,Andhra Pradesh,Kharif,3.49,975.6,32.0,53.2,6.4,58.6,50.4,30.0,39.5,4.98
Cotton,Gujarat,Kharif,11.28,639.4,26.8,57.1,5.6,136.9,61.8,121.1,138.6,2.45
Rice,Punjab,Kharif,7.16,1358.1,33.0,61.5,6.14,172.6,46.5,72.9,55.0,5.03
Sugarcane,Maharashtra,Kharif,3.73,1116.8,25.1,56.3,6.16,172.1,74.7,119.6,33.1,107.42
Rice,Punjab,Rabi,2.66,877.3,25.5,67.4,6.19,138.9,55.3,95.7,38.0,5.06
Wheat,Tamil Nadu,Zaid,3.15,1254.7,29.3,73.1,6.43,82.6,,69.8,149.4,3.67
Potato,Madhya Pradesh,Rabi,3.49,903.7,28.3,34.4,6.74,67.2,33.0,101.5,97.9,24.44
Maize,Tamil Nadu,Kharif,5.53,923.9,31.8,72.7,5.97,216.5,55.6,97.8,76.8,4.71
Wheat,West Bengal,Zaid,6.57,680.2,31.0,49.8,6.6,150.2,52.6,90.8,202.0,4.04
Wheat,Punjab,Zaid,6.53,921.3,23.1,63.6,5.57,88.5,57.0,156.9,231.8,4.49
Rice,Andhra Pradesh,Kharif,2.98,1076.4,24.1,68.4,7.09,160.4,47.5,100.4,229.5,4.7
Maize,Haryana,Kharif,6.2,764.4,25.6,67.4,7.82,146.4,57.3,122.9,181.5,5.51
Pulses,Tamil Nadu,Kharif,5.97,752.4,33.1,58.3,6.32,93.9,78.5,82.8,109.6,1.78
Maize,Madhya Pradesh,Rabi,6.16,695.6,26.9,81.8,6.47,46.8,62.3,82.9,66.6,4.68
Groundnut,Andhra Pradesh,Kharif,4.52,916.9,26.4,50.7,6.66,106.3,25.3,141.2,50.3,3.24
Pulses,Haryana,Kharif,5.39,760.1,23.4,68.4,6.07,122.5,84.8,132.1,149.4,1.99
Cotton,Tamil Nadu,Rabi,8.89,648.4,22.6,77.7,6.61,127.9,23.2,97.6,151.9,2.63
Sugarcane,Uttar Pradesh,Zaid,3.87,1044.6,21.6,61.6,6.65,181.2,42.5,124.5,210.2,94.68
Wheat,Madhya Pradesh,Rabi,7.76,949.8,20.1,44.3,6.76,169.6,39.7,108.5,51.1,4.16
Sugarcane,Uttar Pradesh,Rabi,7.78,1149.6,22.4,83.4,6.45,162.9,76.9,98.0,224.5,108.94
Groundnut,Gujarat,Zaid,4.87,797.3,24.8,61.8,6.3,120.3,50.9,45.3,176.5,2.55
Potato,Madhya Pradesh,Kharif,1.63,852.1,27.6,77.4,7.51,213.7,46.8,133.0,121.2,29.71
Groundnut,Gujarat,Rabi,1.63,824.7,34.0,54.9,7.24,137.6,36.8,97.1,83.3,2.6
Groundnut,Karnataka,Kharif,4.66,695.1,21.0,64.7,5.88,135.3,17.4,60.6,142.6,2.82
Potato,Gujarat,Rabi,1.37,390.9,26.5,72.4,6.78,113.4,41.5,89.3,147.6,26.52
Potato,Tamil Nadu,Rabi,4.67,1246.9,24.9,54.5,6.77,79.7,82.2,104.9,161.7,27.06
Maize,West Bengal,Rabi,3.03,536.1,23.2,82.4,5.97,213.1,52.2,78.8,157.3,4.55
Wheat,Tamil Nadu,Kharif,5.35,426.9,24.2,68.1,5.79,95.7,60.0,83.6,204.4,4.16
Sugarcane,Haryana,Zaid,1.41,747.2,25.1,73.2,6.68,117.5,50.8,39.7,152.9,99.47
Sugarcane,Maharashtra,Rabi,2.69,701.7,33.1,64.1,7.06,107.6,28.3,83.0,82.3,87.6
Sugarcane,Tamil Nadu,Zaid,1.98,668.3,23.5,86.9,6.53,111.3,60.9,97.8,126.5,82.22
Sugarcane,Uttar Pradesh,Kharif,6.9,912.9,29.3,62.9,6.4,87.2,33.7,122.1,117.0,95.79
Rice,West Bengal,Kharif,1.78,752.6,19.7,81.0,6.89,197.3,71.1,76.9,67.4,4.23
Pulses,Maharashtra,Kharif,2.43,669.9,25.8,55.5,6.25,140.1,48.3,151.9,114.1,1.87
Cotton,Karnataka,Kharif,7.16,825.8,26.5,81.1,6.21,174.3,52.4,30.0,300.0,2.69
Potato,Gujarat,Rabi,2.48,920.8,23.4,68.9,8.08,137.9,62.8,50.2,203.5,25.68
Groundnut,Madhya Pradesh,Kharif,3.6,367.0,19.1,39.7,8.03,119.1,57.3,96.7,67.9,2.65
Groundnut,Tamil Nadu,Zaid,3.64,1309.4,28.9,62.1,5.94,68.4,60.6,162.1,142.3,2.52
Pulses,Andhra Pradesh,Rabi,4.01,401.8,28.1,57.0,6.66,135.0,58.7,116.3,143.4,1.7
Groundnut,Andhra Pradesh,Kharif,4.03,684.9,28.4,95.0,6.03,61.7,57.5,98.8,170.3,2.89
Cotton,Andhra Pradesh,Kharif,10.08,534.8,36.8,36.2,6.4,150.3,80.1,30.0,134.0,2.59
Wheat,Punjab,Zaid,8.41,663.0,23.9,63.7,7.75,70.5,53.7,142.3,178.4,4.12
Cotton,Tamil Nadu,Rabi,8.18,490.4,28.8,83.2,6.76,179.6,69.9,113.3,104.4,2.39
Pulses,Punjab,Rabi,6.81,1469.0,28.7,84.4,6.7,65.9,99.4,128.6,151.4,2.02
Rice,Punjab,Zaid,3.4,613.1,29.6,82.7,8.2,68.7,35.4,104.5,76.9,4.14
Rice,Uttar Pradesh,Kharif,5.66,758.1,21.8,83.8,6.53,160.2,79.1,131.2,174.0,5.1
Maize,Punjab,Rabi,1.54,697.4,26.2,65.8,6.08,136.2,76.5,109.5,157.9,5.9
Potato,Gujarat,Zaid,2.31,1290.9,21.9,66.8,6.66,136.6,45.4,68.1,75.0,22.85
Pulses,Punjab,Zaid,6.38,1172.8,26.6,57.0,7.29,158.6,78.1,94.0,186.6,1.94
Pulses,Maharashtra,Kharif,2.47,,31.8,57.1,5.7,82.8,50.2,32.1,128.7,1.58
Groundnut,Tamil Nadu,Kharif,2.65,512.8,23.5,73.3,6.81,183.9,56.9,32.1,93.3,2.84
Rice,Gujarat,Zaid,7.2,595.0,37.0,60.1,6.13,118.1,62.2,82.9,85.5,4.47
Maize,West Bengal,Zaid,2.01,1006.5,27.2,70.7,5.79,183.6,84.0,88.2,178.4,4.92
Sugarcane,Haryana,Kharif,7.29,878.8,30.3,63.7,7.35,153.0,68.7,85.9,215.3,100.36
Wheat,Karnataka,Zaid,1.37,1306.4,28.1,63.1,5.7,129.6,81.3,133.7,244.3,4.02
Potato,Haryana,Rabi,2.84,603.0,35.0,67.8,5.88,185.2,40.5,119.7,200.3,27.98
Pulses,Maharashtra,Zaid,3.89,275.8,24.4,84.3,5.43,,34.6,74.3,193.7,1.55
Wheat,Andhra Pradesh,Kharif,8.96,808.1,32.8,58.8,6.99,162.3,90.2,135.4,97.6,4.63
Sugarcane,Andhra Pradesh,Rabi,7.58,697.5,28.8,77.0,5.78,128.3,37.0,86.2,196.7,100.8
Pulses,Tamil Nadu,Rabi,2.1,1195.1,25.9,84.5,6.43,100.1,,214.5,224.5,1.89
Sugarcane,Uttar Pradesh,Zaid,8.74,1092.4,17.0,35.2,6.51,159.9,93.4,115.0,130.6,98.97
Rice,Punjab,Zaid,5.66,693.0,21.1,71.3,6.32,130.0,43.7,67.1,152.2,4.96
Cotton,Tamil Nadu,Kharif,11.13,1017.0,16.5,61.4,8.04,102.6,29.3,137.0,97.8,2.53
Groundnut,Punjab,Rabi,5.49,991.4,21.8,67.9,6.56,143.2,61.8,103.1,174.3,2.98
Rice,Gujarat,Rabi,1.64,595.9,20.2,77.0,7.58,153.8,61.7,67.5,126.9,4.16
Pulses,Uttar Pradesh,Rabi,2.98,961.3,27.1,,7.17,107.8,68.0,94.9,162.5,1.71
Pulses,Karnataka,Kharif,2.17,342.0,31.6,82.7,7.4,166.4,61.6,89.0,89.4,1.72
Cotton,Madhya Pradesh,Zaid,10.49,720.8,24.5,55.5,7.63,148.8,61.4,101.8,142.2,2.31
Pulses,Andhra Pradesh,Rabi,4.37,1018.3,24.8,64.2,6.2,138.4,58.9,108.8,26.2,1.68
Maize,Andhra Pradesh,Rabi,5.59,497.7,17.6,57.7,6.9,191.9,41.0,111.2,160.0,4.97
Sugarcane,Punjab,Zaid,5.44,936.6,25.3,77.2,5.91,101.7,59.1,127.7,151.3,103.31
Rice,Karnataka,Kharif,3.59,884.1,31.0,75.2,5.57,142.6,27.6,100.8,234.3,4.72
Cotton,Madhya Pradesh,Zaid,6.75,881.4,21.2,59.3,6.44,144.3,72.5,48.2,141.6,2.43
Cotton,Maharashtra,Zaid,8.49,521.0,28.1,85.1,8.15,166.2,29.8,72.4,62.8,2.08
Potato,Uttar Pradesh,Rabi,3.59,503.7,28.4,52.1,6.1,85.8,103.4,119.7,133.5,27.61
Wheat,Gujarat,Rabi,5.24,544.5,28.7,69.1,6.35,129.4,68.1,91.8,204.2,4.41
Potato,Gujarat,Zaid,3.34,986.6,29.1,72.4,6.79,104.2,41.4,89.8,20.0,24.42
Sugarcane,Andhra Pradesh,Zaid,8.25,1164.1,24.6,95.0,7.17,130.6,33.6,94.0,108.2,82.4
Sugarcane,Uttar Pradesh,Kharif,6.2,1326.7,25.1,62.8,7.51,170.5,57.4,73.5,149.6,103.14
Maize,Madhya Pradesh,Kharif,2.58,1160.0,23.9,53.7,7.82,113.4,52.1,54.5,159.9,4.56
Rice,Gujarat,Kharif,1.66,250.0,30.9,71.7,6.0,126.3,46.6,122.5,180.8,4.3
Cotton,Madhya Pradesh,Kharif,9.61,444.9,32.6,48.0,7.04,229.0,34.5,120.9,181.8,2.69
Rice,Karnataka,Kharif,5.52,293.8,40.0,87.3,6.31,87.0,67.1,97.6,211.8,4.25
Wheat,Tamil Nadu,Rabi,1.21,1138.4,29.5,43.3,6.74,125.8,88.2,129.4,120.2,4.28
Wheat,Uttar Pradesh,Zaid,6.58,689.7,17.9,72.4,7.06,129.9,30.0,64.1,203.7,4.2
Maize,Madhya Pradesh,Zaid,1.47,897.3,24.7,56.2,7.12,137.8,53.4,110.0,143.2,4.62
Potato,Tamil Nadu,Zaid,4.64,690.1,21.7,49.5,4.8,106.5,56.8,142.9,72.9,20.69
Wheat,Karnataka,Zaid,7.62,939.7,27.4,52.6,6.82,121.7,70.7,84.0,177.0,3.96
Wheat,Uttar Pradesh,Zaid,9.92,582.5,27.2,83.1,6.57,124.4,68.0,79.0,,4.24
Pulses,Uttar Pradesh,Rabi,3.95,333.4,28.3,64.4,5.88,179.8,59.8,126.5,167.6,1.79
Potato,Punjab,Zaid,3.09,1025.7,15.0,70.2,6.35,152.4,54.3,118.0,106.7,27.1
Cotton,Andhra Pradesh,Rabi,5.17,974.6,31.9,83.7,6.89,186.6,78.3,157.0,191.2,2.71
Potato,Tamil Nadu,Kharif,4.66,1069.5,25.9,69.0,5.81,184.6,74.0,127.6,126.6,28.98
Cotton,Tamil Nadu,Kharif,2.06,613.7,28.5,62.4,7.65,151.9,78.2,89.9,48.9,2.62
Groundnut,Haryana,Kharif,3.53,795.7,37.1,60.7,7.23,99.1,43.0,129.2,209.6,3.03
Wheat,Haryana,Rabi,5.64,1255.6,26.8,46.8,8.2,173.7,78.3,80.9,187.3,4.86
Rice,Uttar Pradesh,Rabi,6.18,736.6,39.2,66.5,6.88,107.7,80.3,90.1,147.7,4.59
Potato,Andhra Pradesh,Rabi,3.94,1435.2,35.9,64.6,7.15,112.9,66.9,88.2,203.0,27.51
Potato,Maharashtra,Zaid,3.51,1010.4,30.4,63.9,7.7,55.0,21.0,89.0,189.2,23.13
Wheat,Tamil Nadu,Rabi,9.89,745.8,24.1,88.0,6.15,60.8,52.9,68.8,122.5,4.1
Potato,Andhra Pradesh,Zaid,1.93,1035.0,22.0,69.4,8.2,122.1,80.1,112.6,140.8,23.5
Wheat,Haryana,Kharif,7.85,250.4,27.5,71.0,5.98,88.5,46.6,78.4,220.9,4.59
Potato,Gujarat,Rabi,2.66,568.4,24.2,61.9,7.61,112.9,49.3,87.0,184.2,29.54
Maize,West Bengal,Zaid,3.41,1244.8,26.6,61.5,7.19,173.8,60.1,54.1,195.7,4.59
Maize,Punjab,Kharif,1.99,455.3,23.7,65.1,8.2,120.5,62.5,65.1,130.3,5.87
Wheat,Uttar Pradesh,Zaid,2.14,1312.1,31.5,70.3,5.86,108.1,88.3,98.9,105.1,3.86
Sugarcane,Karnataka,Kharif,5.17,1261.4,23.3,70.2,5.78,69.6,60.9,107.2,136.3,93.49
Sugarcane,Maharashtra,Rabi,5.16,1216.3,29.8,65.8,8.2,53.6,15.0,94.0,188.1,88.55
Potato,Madhya Pradesh,Kharif,2.92,918.1,26.8,69.0,8.04,121.8,108.2,102.5,155.6,27.12
Cotton,Gujarat,Rabi,2.32,1401.7,24.8,66.4,7.76,111.4,,137.2,26.9,2.41
Groundnut,Gujarat,Rabi,4.6,926.3,,88.8,6.8,152.0,34.9,85.0,162.5,2.8
Maize,Madhya Pradesh,Rabi,1.63,1252.1,32.1,73.7,6.83,51.0,46.7,103.0,135.7,5.05
Pulses,Gujarat,Kharif,4.56,806.1,29.2,81.2,6.73,123.6,74.6,117.3,147.9,1.82
Maize,West Bengal,Zaid,5.0,1219.1,23.4,48.1,6.3,147.6,21.6,74.4,215.6,4.91
Potato,West Bengal,Rabi,1.03,1060.2,23.6,58.0,7.08,129.5,59.4,141.3,140.8,29.74
Groundnut,Uttar Pradesh,Zaid,4.9,791.5,28.3,61.8,7.1,177.3,57.5,48.2,146.9,2.61
Sugarcane,Karnataka,Rabi,4.15,602.8,33.2,84.8,7.67,97.2,15.0,43.0,181.0,87.71
Maize,Gujarat,Kharif,6.14,1033.8,24.0,77.9,6.84,93.0,47.7,31.2,79.8,4.51
Pulses,Uttar Pradesh,Kharif,1.8,666.7,23.7,66.1,7.21,101.4,64.4,105.2,67.0,1.84
Pulses,West Bengal,Zaid,2.37,308.6,22.9,58.7,6.13,113.5,15.0,97.1,133.3,1.59
Potato,Maharashtra,Kharif,3.96,331.9,25.2,62.7,6.22,133.3,54.4,112.8,122.2,26.43
Sugarcane,Andhra Pradesh,Rabi,7.69,988.0,29.5,95.0,7.01,181.5,56.4,83.0,85.7,112.2
Pulses,West Bengal,Kharif,1.83,845.1,26.7,93.0,6.42,123.1,75.6,114.2,217.1,1.83
Rice,Tamil Nadu,Zaid,5.71,250.0,16.6,67.9,6.66,168.0,55.2,87.6,121.3,3.74
Groundnut,Gujarat,Rabi,1.49,1211.8,20.7,47.6,6.77,106.5,65.2,79.2,88.6,2.6
Potato,Karnataka,Kharif,4.35,827.7,32.1,65.0,7.1,109.7,76.3,165.4,212.5,25.4
Wheat,Madhya Pradesh,Kharif,7.56,642.0,25.7,87.4,6.83,111.5,48.5,97.7,159.0,4.83
Sugarcane,Tamil Nadu,Zaid,5.21,746.2,24.8,64.6,6.95,129.3,34.9,,108.8,77.13
Groundnut,Tamil Nadu,Kharif,5.84,649.7,34.3,67.2,6.03,109.9,92.4,128.7,117.0,3.05
Cotton,Gujarat,Zaid,4.56,592.2,25.5,67.5,7.35,122.1,53.3,162.6,118.9,2.07
Potato,Tamil Nadu,Zaid,3.57,344.3,30.0,69.5,7.47,108.0,42.9,69.2,178.3,22.29
Maize,Punjab,Rabi,3.04,628.7,25.5,55.7,7.09,124.7,39.0,150.1,77.2,5.56
Cotton,Tamil Nadu,Kharif,11.87,732.8,27.0,68.9,6.59,119.9,32.6,82.1,156.9,2.59
Wheat,Tamil Nadu,Zaid,7.28,1065.6,29.6,72.4,6.32,117.0,39.0,122.7,,4.77
Rice,Tamil Nadu,Rabi,1.26,851.5,29.3,65.1,7.14,136.4,48.9,104.1,96.5,4.52
Potato,Andhra Pradesh,Zaid,4.03,976.5,29.3,72.7,7.09,113.3,90.2,117.8,153.5,
Sugarcane,West Bengal,Zaid,8.08,1155.4,18.7,67.5,7.51,69.3,47.9,100.8,117.3,91.74
Wheat,Punjab,Rabi,1.64,902.4,26.5,57.4,7.19,150.8,50.8,122.7,198.8,5.13
Rice,Uttar Pradesh,Rabi,5.32,530.5,31.8,58.5,6.89,77.3,52.0,103.5,211.7,4.59
Pulses,Punjab,Kharif,6.42,762.0,27.3,73.2,7.53,119.6,41.2,119.2,219.3,2.08
Groundnut,Madhya Pradesh,Zaid,2.55,815.0,23.2,69.0,7.58,116.3,42.2,78.1,120.1,2.59
Rice,Gujarat,Rabi,1.63,1212.8,24.4,56.4,7.94,80.0,73.1,30.0,25.5,4.07
Sugarcane,Haryana,Zaid,4.11,497.2,40.0,56.3,6.94,199.7,66.7,58.8,93.9,77.08
Wheat,Andhra Pradesh,Rabi,5.85,956.7,33.0,83.1,7.39,197.6,55.7,146.7,199.1,4.3
Maize,Madhya Pradesh,Kharif,5.86,1104.7,31.8,67.8,6.35,70.4,60.4,108.7,134.1,5.33
Sugarcane,Maharashtra,Kharif,1.48,1335.7,29.3,74.1,6.92,76.2,32.7,126.1,149.5,104.49
Wheat,Gujarat,Rabi,7.74,1336.3,31.1,52.3,6.64,111.9,45.7,113.5,178.6,4.23
Maize,Uttar Pradesh,Rabi,1.26,1192.2,29.2,68.5,7.39,145.4,54.6,99.0,129.9,5.27
Wheat,Madhya Pradesh,Rabi,5.05,548.0,27.6,65.0,7.85,155.9,53.8,95.2,202.5,4.04
Pulses,Karnataka,Zaid,3.73,828.9,21.4,62.5,6.14,119.0,57.6,148.0,221.2,1.54
Pulses,Haryana,Kharif,2.02,872.8,25.0,71.9,5.4,110.0,52.4,111.8,95.9,1.92
Potato,Haryana,Rabi,4.52,645.4,25.3,48.2,5.94,169.3,33.3,43.1,51.7,26.48
Rice,Gujarat,Rabi,7.59,702.3,34.0,63.7,6.57,114.5,52.1,130.7,99.5,4.56
Cotton,Madhya Pradesh,Zaid,10.02,1139.7,23.2,63.5,8.02,158.8,48.9,52.7,165.3,2.29
Sugarcane,Tamil Nadu,Rabi,2.29,1140.2,29.5,74.6,6.62,97.3,60.5,133.4,145.0,103.37
Maize,West Bengal,Zaid,2.48,373.5,27.5,77.1,7.24,122.7,48.0,82.1,128.8,4.64
Groundnut,Uttar Pradesh,Kharif,4.75,293.6,30.3,79.6,6.19,186.6,57.4,71.0,134.5,2.83
Pulses,Maharashtra,Kharif,4.74,692.1,23.3,67.6,7.59,125.0,94.6,105.5,134.1,1.74
Maize,Gujarat,Zaid,4.18,609.9,22.4,67.2,7.64,134.8,83.9,118.1,110.5,4.34
Cotton,Karnataka,Zaid,7.64,439.8,24.3,70.0,7.55,125.1,32.5,130.7,20.0,2.26
Sugarcane,Punjab,Rabi,3.94,716.3,34.2,69.9,6.69,153.4,54.2,96.7,161.3,103.17
Sugarcane,Tamil Nadu,Rabi,8.15,776.1,23.0,74.6,8.2,160.4,71.2,134.4,174.3,98.36
Pulses,Punjab,Rabi,3.56,1009.7,20.2,66.3,6.51,162.6,44.8,91.6,252.4,2.0
Groundnut,Maharashtra,Kharif,1.08,1488.3,21.3,66.9,7.25,111.5,60.9,98.5,66.9,2.56
Rice,Haryana,Zaid,5.23,1126.0,32.6,83.7,6.2,50.2,90.5,118.9,161.3,4.33
Maize,Haryana,Rabi,5.0,811.5,28.1,69.4,7.53,189.3,81.5,181.7,195.3,5.85
Wheat,Punjab,Zaid,5.59,538.2,21.5,74.2,6.43,53.4,74.3,96.2,121.4,3.91
Sugarcane,Punjab,Zaid,3.58,981.6,27.6,76.6,6.97,117.2,36.5,105.6,20.0,92.36
Potato,Uttar Pradesh,Kharif,4.95,904.5,26.5,,5.45,221.0,59.2,148.8,205.7,31.22
Wheat,Karnataka,Rabi,9.94,1028.2,27.2,78.0,6.3,120.3,61.4,144.6,132.8,
Sugarcane,Maharashtra,Kharif,2.97,937.4,22.7,66.1,5.75,149.3,53.1,114.8,109.1,97.25
Maize,Uttar Pradesh,Kharif,2.0,1106.8,23.1,67.3,6.32,107.4,45.0,98.8,193.5,5.09
Maize,Maharashtra,Zaid,2.25,1072.0,30.6,73.5,7.32,122.6,40.6,94.2,188.6,3.93
Sugarcane,Haryana,Zaid,7.41,895.5,27.1,54.8,6.7,189.8,58.7,100.1,127.7,99.68
Groundnut,Punjab,Kharif,1.45,611.8,23.8,61.6,6.45,167.7,71.7,128.2,132.5,3.15
Rice,Gujarat,Zaid,7.67,1309.2,28.3,61.7,6.43,103.8,56.0,110.2,218.9,4.35
Wheat,Madhya Pradesh,Zaid,3.07,472.7,27.9,58.2,5.74,113.8,15.0,123.5,198.8,3.5
Rice,Punjab,Zaid,4.46,793.1,29.6,81.3,5.95,148.4,55.7,92.8,224.4,4.74
Groundnut,Karnataka,Rabi,2.74,1148.5,34.0,79.6,8.09,40.0,24.0,157.5,,2.61
Potato,West Bengal,Rabi,2.75,1194.9,33.2,63.2,6.87,62.4,72.4,119.1,109.1,29.56
Groundnut,Madhya Pradesh,Rabi,1.9,1091.2,23.3,95.0,6.45,144.2,39.8,79.7,136.9,2.76
Rice,Uttar Pradesh,Rabi,1.3,997.4,20.5,42.4,5.88,141.2,76.8,77.0,173.5,4.64
Maize,Andhra Pradesh,Zaid,5.64,613.8,31.2,78.2,6.71,141.0,15.0,96.4,137.7,4.25
Groundnut,Andhra Pradesh,Kharif,4.11,838.1,27.8,49.8,6.72,91.0,32.9,68.2,160.5,2.75
Groundnut,Punjab,Kharif,5.7,1353.1,29.5,84.4,6.88,151.9,32.6,84.1,130.3,3.32
Sugarcane,Madhya Pradesh,Zaid,4.28,657.0,23.2,52.9,7.3,172.5,55.5,153.0,54.5,82.19
Maize,West Bengal,Kharif,4.07,1203.2,25.0,62.7,5.97,156.9,,139.8,207.3,5.3
Maize,Punjab,Zaid,1.79,1284.1,29.8,49.2,,89.2,57.7,145.4,113.0,4.81
Groundnut,Karnataka,Kharif,3.27,1383.5,18.3,95.0,6.64,102.0,32.3,88.7,26.2,2.54
Maize,West Bengal,Rabi,4.77,1024.0,24.8,61.2,6.47,143.9,61.5,116.4,173.3,5.44
Pulses,Tamil Nadu,Kharif,4.67,845.8,27.7,64.4,6.65,123.4,65.7,67.1,141.3,1.87
Cotton,Maharashtra,Rabi,5.38,1070.0,29.8,48.7,6.32,89.3,26.1,96.1,171.8,2.42
Maize,Maharashtra,Kharif,5.38,686.9,15.0,65.6,6.46,122.2,58.7,97.9,212.3,5.05
Rice,Andhra Pradesh,Kharif,1.31,1344.8,15.0,63.0,6.33,137.2,20.8,98.2,188.2,4.52
Rice,Karnataka,Zaid,3.14,884.6,,58.1,6.05,156.3,52.5,89.3,153.3,4.3
Pulses,Karnataka,Zaid,1.99,496.3,18.3,56.9,6.36,132.4,64.7,72.4,222.8,1.47
Potato,Haryana,Rabi,2.11,1249.1,,65.5,5.77,94.2,66.9,123.6,73.7,25.35
Potato,Madhya Pradesh,Rabi,1.22,1334.9,31.5,48.3,7.43,120.2,26.2,153.3,141.9,26.02
Maize,Gujarat,Kharif,1.73,1457.0,31.8,69.1,6.5,234.2,70.7,115.3,114.1,5.11
Cotton,Maharashtra,Kharif,3.42,1018.7,25.7,70.2,5.93,115.8,57.3,94.5,200.3,2.74
Wheat,Madhya Pradesh,Zaid,2.59,1359.3,25.4,71.4,6.73,156.5,15.0,96.0,231.8,3.94
Groundnut,Madhya Pradesh,Zaid,4.5,1129.5,32.9,68.6,7.31,88.2,50.6,100.3,147.6,2.42
Sugarcane,Punjab,Kharif,4.95,1026.7,29.7,67.2,6.58,142.3,68.7,59.2,281.7,117.16
Wheat,Madhya Pradesh,Zaid,8.15,476.0,31.8,37.0,6.51,153.2,58.6,50.1,65.1,3.9
Potato,Uttar Pradesh,Rabi,4.2,716.9,16.1,78.9,6.98,172.3,55.8,108.5,113.8,27.33
Groundnut,Andhra Pradesh,Rabi,5.18,1357.4,31.4,46.3,7.58,136.5,64.8,112.6,,2.99
Wheat,Andhra Pradesh,Kharif,2.07,250.0,20.4,73.7,7.73,130.8,29.0,40.5,135.8,4.07
Rice,Tamil Nadu,Kharif,2.27,909.9,20.2,83.8,6.06,122.9,71.7,71.1,111.4,4.61
Pulses,Uttar Pradesh,Kharif,1.11,250.0,30.0,70.2,7.76,89.8,51.7,153.7,96.8,1.8
Wheat,Karnataka,Zaid,4.06,1084.9,26.9,75.0,6.24,40.0,70.7,160.4,151.7,3.76
Wheat,Uttar Pradesh,Rabi,4.53,,26.8,63.7,6.13,139.1,78.4,81.5,114.5,4.3
Wheat,Punjab,Rabi,2.27,1132.4,30.0,89.1,6.1,117.3,71.9,77.5,127.3,4.34
Potato,Punjab,Zaid,0.57,574.9,24.8,63.2,5.55,123.6,76.0,181.4,128.0,28.01
Cotton,Haryana,Rabi,3.93,616.9,35.6,55.4,7.37,149.5,29.0,97.6,75.3,2.53
Rice,West Bengal,Zaid,4.88,1094.4,20.8,86.2,7.73,129.4,47.1,115.4,103.8,3.97
Wheat,Karnataka,Kharif,1.81,869.2,32.9,75.4,6.05,129.9,64.6,73.8,202.2,3.86
Groundnut,Tamil Nadu,Kharif,2.51,1010.2,34.6,,7.96,163.1,77.8,120.0,169.6,2.79
Rice,Punjab,Kharif,4.29,519.5,29.1,74.0,7.67,171.8,34.2,127.2,189.1,4.95
Wheat,Madhya Pradesh,Kharif,7.59,716.3,28.5,44.1,7.38,50.0,46.9,113.4,110.9,4.05
Wheat,Karnataka,Zaid,2.34,872.6,39.0,66.9,6.88,158.4,100.7,,187.6,3.78
Cotton,West Bengal,Rabi,9.41,1009.8,24.7,43.2,8.2,59.6,65.7,120.3,160.5,2.74
Pulses,Andhra Pradesh,Zaid,3.46,250.0,23.6,79.0,7.45,93.3,58.1,87.6,79.3,1.29
Wheat,Punjab,Rabi,9.5,985.2,30.9,78.1,5.83,111.5,32.5,46.1,224.8,4.82
Potato,Punjab,Kharif,4.81,810.8,25.3,,7.34,,37.4,133.1,125.5,30.34
Wheat,Karnataka,Rabi,3.37,944.6,22.3,78.9,7.0,171.3,69.0,124.2,139.1,4.5
Maize,Uttar Pradesh,Zaid,5.89,605.3,23.0,78.1,6.83,149.7,52.7,127.5,134.0,5.18
Potato,Maharashtra,Zaid,2.84,409.4,20.1,86.9,6.2,183.8,84.0,112.1,101.4,24.91
Sugarcane,Haryana,Kharif,6.54,897.3,20.7,72.0,6.8,131.9,56.5,138.9,176.1,100.39
Pulses,Uttar Pradesh,Kharif,4.06,893.4,27.8,63.0,,109.9,37.9,117.0,277.8,1.9
Cotton,Gujarat,Kharif,7.39,309.7,27.1,68.8,7.2,112.1,36.3,30.0,137.0,2.51
Maize,Punjab,Zaid,3.24,990.4,21.4,72.8,6.11,125.7,15.3,83.3,73.2,4.76
Rice,Andhra Pradesh,Zaid,2.04,1479.7,18.2,75.0,7.78,118.4,50.0,80.6,97.0,3.72
Sugarcane,Gujarat,Rabi,4.5,834.6,30.7,49.6,6.43,174.7,86.9,125.4,167.1,92.15
Cotton,Gujarat,Rabi,6.47,804.0,17.5,53.2,6.79,65.0,22.6,69.9,111.1,2.38
Cotton,Maharashtra,Rabi,5.71,875.4,27.3,61.8,5.09,41.0,68.6,77.5,154.9,2.41
Rice,Karnataka,Zaid,2.66,1308.4,19.3,76.6,7.35,215.5,33.0,77.7,223.9,4.41
Wheat,West Bengal,Rabi,3.82,890.1,20.5,69.2,7.3,81.1,41.1,43.8,77.3,4.54
Sugarcane,Andhra Pradesh,Kharif,3.81,817.6,24.8,63.6,6.82,129.3,64.6,90.1,188.1,103.27
Pulses,Gujarat,Rabi,3.28,500.6,29.7,77.0,6.83,142.4,73.4,133.2,258.8,1.82
Sugarcane,Uttar Pradesh,Zaid,4.31,250.0,31.9,48.0,7.38,121.9,23.0,108.5,235.1,90.39
Rice,Tamil Nadu,Rabi,2.67,769.7,18.0,59.8,6.59,173.4,52.2,106.7,126.1,4.93
Rice,Tamil Nadu,Zaid,1.8,546.1,21.9,77.8,6.09,107.4,55.4,66.2,96.4,4.17
Rice,Madhya Pradesh,Kharif,1.99,1095.8,25.0,53.7,7.2,112.0,70.2,,149.1,4.72
Pulses,Punjab,Kharif,1.42,710.0,23.8,57.0,5.98,40.0,34.4,105.6,128.0,1.77
Maize,Maharashtra,Kharif,6.21,739.7,35.4,31.9,6.4,148.8,93.5,166.1,143.4,5.03
Groundnut,Punjab,Rabi,4.06,518.9,20.8,62.2,7.05,134.7,37.7,121.7,298.9,3.48
Cotton,Gujarat,Zaid,10.18,884.4,27.9,60.2,5.81,114.3,41.6,111.1,150.8,2.27
Pulses,Punjab,Kharif,3.05,536.2,23.3,55.9,8.18,152.1,32.6,136.2,44.8,1.74
Groundnut,Madhya Pradesh,Rabi,5.3,1019.5,26.7,77.6,5.59,98.9,101.5,92.2,109.2,2.46
Pulses,Madhya Pradesh,Rabi,2.42,250.0,22.8,56.2,6.76,83.2,58.3,86.9,192.3,1.65
Pulses,Punjab,Rabi,6.87,1010.2,28.9,42.0,6.17,139.3,38.4,176.5,60.7,1.93
Pulses,Maharashtra,Rabi,6.85,821.2,28.5,43.6,6.98,138.7,47.6,148.1,254.2,1.67
Rice,Gujarat,Kharif,5.67,925.4,26.4,64.0,6.44,167.9,71.8,132.0,219.5,4.83
Sugarcane,West Bengal,Rabi,7.88,873.0,25.8,73.3,6.52,86.6,61.7,71.6,132.4,95.32
Cotton,Maharashtra,Zaid,9.96,1157.7,32.6,72.5,7.55,99.3,30.9,86.5,218.6,2.13
Cotton,Andhra Pradesh,Rabi,5.83,753.7,20.6,63.1,5.49,148.8,67.5,130.1,300.0,2.66
Pulses,Karnataka,Rabi,4.14,651.2,25.6,78.5,6.53,119.9,71.8,68.8,20.0,1.53
Cotton,West Bengal,Kharif,9.19,321.4,28.3,63.7,7.37,103.7,72.9,140.2,154.7,2.46
Cotton,Madhya Pradesh,Rabi,6.78,931.6,30.1,51.5,6.74,170.0,48.9,117.7,76.9,2.74
Potato,Uttar Pradesh,Zaid,4.5,862.2,27.8,72.4,7.57,138.2,19.7,84.2,109.5,26.75
Cotton,Karnataka,Rabi,4.39,1296.4,27.8,49.0,6.77,158.4,101.2,119.5,66.4,2.61
Sugarcane,Maharashtra,Zaid,1.35,1389.3,28.8,82.0,6.23,61.9,32.3,138.8,79.6,82.77
Rice,Tamil Nadu,Rabi,4.24,277.4,27.2,56.0,6.47,124.3,39.5,189.7,181.8,4.74
Wheat,Karnataka,Rabi,7.29,976.4,26.6,76.6,6.36,99.0,94.2,99.7,154.9,
Rice,West Bengal,Rabi,3.04,708.5,23.5,67.9,7.41,115.4,30.6,76.9,94.4,4.77
Cotton,Maharashtra,Zaid,2.9,374.4,33.9,95.0,5.93,152.8,71.2,83.9,20.0,2.0
Sugarcane,Maharashtra,Kharif,2.78,987.3,31.1,79.5,7.33,134.0,38.7,96.1,155.1,98.12
Pulses,Madhya Pradesh,Kharif,3.36,1044.5,27.6,71.9,7.0,182.7,38.6,156.8,148.7,1.87
Cotton,Punjab,Zaid,6.5,250.0,25.0,52.6,7.84,135.0,103.2,47.9,130.1,2.28
Wheat,Tamil Nadu,Rabi,4.19,516.5,21.4,61.5,6.24,99.0,68.9,129.8,90.1,4.25
Sugarcane,Karnataka,Zaid,2.85,1004.0,24.7,74.2,6.85,179.9,49.7,56.8,199.1,83.25
Cotton,Punjab,Rabi,2.73,997.5,34.7,61.1,7.15,80.2,52.7,83.5,139.8,2.77
Cotton,Tamil Nadu,Kharif,9.44,889.5,29.3,49.4,5.62,144.4,15.0,99.4,172.3,2.6
Wheat,Tamil Nadu,Kharif,7.79,908.5,30.4,63.6,6.48,83.3,37.9,111.5,202.2,4.35
Sugarcane,Haryana,Rabi,1.07,648.5,25.4,65.6,7.66,118.6,28.8,95.4,62.0,107.17
Rice,West Bengal,Rabi,5.82,874.7,15.0,75.1,7.85,138.2,76.1,129.5,129.2,4.51
Maize,Karnataka,Rabi,6.96,1178.8,28.4,74.6,7.33,114.4,40.5,30.0,,4.79
Sugarcane,Punjab,Zaid,3.61,1047.3,30.1,83.2,7.2,162.2,50.4,111.4,60.8,94.19
Rice,West Bengal,Zaid,6.4,721.3,28.0,56.8,7.95,145.4,81.7,53.4,114.5,4.37
Potato,Punjab,Kharif,2.52,969.2,28.7,70.1,6.35,140.8,46.0,107.4,68.0,29.3
Potato,Uttar Pradesh,Kharif,3.99,250.0,26.0,72.5,6.79,166.3,108.8,87.0,189.8,27.65
Potato,Andhra Pradesh,Zaid,4.57,745.1,26.6,79.2,6.34,40.0,88.2,128.3,118.2,23.97
Cotton,Uttar Pradesh,Kharif,2.78,,31.4,68.2,6.98,172.5,26.7,61.9,212.2,2.48
Cotton,Punjab,Rabi,8.55,1232.7,16.7,57.7,7.44,86.4,65.5,70.0,86.6,2.51
Sugarcane,Madhya Pradesh,Kharif,5.37,522.9,28.6,64.6,7.16,195.4,70.9,110.2,118.7,93.75
Cotton,Maharashtra,Zaid,5.84,449.5,25.1,52.1,6.57,179.1,51.9,112.7,160.4,2.3
Cotton,West Bengal,Kharif,10.42,342.3,34.2,50.8,8.1,118.0,69.5,77.1,235.6,2.44
Rice,Tamil Nadu,Zaid,5.02,549.5,16.6,48.5,6.95,120.4,35.3,49.8,195.8,3.96
Sugarcane,Karnataka,Kharif,2.96,530.8,26.2,43.2,6.51,124.5,66.1,56.1,110.6,90.99
Wheat,Maharashtra,Kharif,3.73,1320.9,25.8,75.5,7.04,89.7,63.7,30.2,51.9,3.84
Sugarcane,Madhya Pradesh,Rabi,3.56,860.1,25.9,80.9,6.5,134.3,51.5,40.5,147.1,106.09
Pulses,Tamil Nadu,Rabi,5.47,979.2,30.9,76.1,6.71,145.4,48.0,77.5,127.3,1.78
Sugarcane,Gujarat,Kharif,5.46,1181.8,25.2,63.4,8.2,107.5,85.6,122.9,134.2,94.26
Groundnut,Madhya Pradesh,Kharif,4.09,1276.4,38.4,67.9,6.71,159.9,15.0,155.0,186.7,3.01
Maize,Haryana,Zaid,1.76,484.2,21.4,87.7,6.71,125.2,59.9,67.1,93.5,4.81
Groundnut,Madhya Pradesh,Rabi,5.04,1125.2,29.6,40.1,6.6,141.8,98.7,77.0,119.3,2.87
Maize,Karnataka,Rabi,5.4,788.0,15.8,80.8,6.12,59.9,49.2,42.2,89.7,4.76
Wheat,Punjab,Zaid,5.44,553.7,17.9,65.4,6.88,90.5,22.8,96.2,176.1,3.77
Wheat,Madhya Pradesh,Zaid,6.78,848.1,32.3,62.1,6.1,82.5,57.5,48.0,191.1,3.64
Potato,Punjab,Kharif,4.89,1618.7,23.2,63.0,6.96,136.2,63.0,146.5,49.1,28.29
Cotton,Maharashtra,Kharif,6.75,1200.5,30.1,67.7,6.6,116.8,73.6,132.5,174.0,2.68
Maize,Uttar Pradesh,Rabi,5.33,1029.9,29.0,88.8,7.62,207.0,49.5,92.4,91.8,4.84
Wheat,Madhya Pradesh,Kharif,9.21,815.5,22.9,40.3,6.41,136.0,61.8,64.5,234.3,4.38
Rice,Gujarat,Zaid,2.46,1099.4,19.7,75.8,6.61,119.1,44.0,67.4,93.6,4.15
Wheat,Gujarat,Zaid,9.68,1045.7,26.8,44.5,5.65,72.2,56.0,67.6,137.4,3.9
Groundnut,Haryana,Kharif,3.12,666.1,19.3,64.0,6.37,153.7,64.7,71.8,189.6,2.86
Maize,Haryana,Kharif,2.74,756.8,25.4,68.2,6.34,104.4,36.3,125.3,181.5,5.54
Sugarcane,Tamil Nadu,Rabi,6.95,1354.0,25.7,68.4,6.18,61.6,29.6,43.1,300.0,96.95
Potato,Andhra Pradesh,Zaid,3.86,763.5,33.1,69.1,6.81,150.0,76.2,156.9,56.1,24.1
Potato,West Bengal,Zaid,1.23,1146.9,35.7,76.1,6.24,155.9,31.4,117.7,86.7,22.97
Maize,Andhra Pradesh,Zaid,2.63,1239.8,33.6,66.5,6.98,138.6,46.8,125.9,118.6,4.09
Potato,Tamil Nadu,Zaid,3.21,987.1,25.1,82.2,5.75,207.1,62.2,58.9,171.5,24.59
Potato,West Bengal,Rabi,4.29,1154.0,30.4,58.0,7.16,171.3,51.8,126.9,143.7,30.05
Sugarcane,West Bengal,Rabi,6.89,1071.3,27.5,65.9,6.35,122.0,46.2,139.7,136.7,109.45
Sugarcane,Andhra Pradesh,Kharif,5.83,250.0,26.8,49.8,6.86,96.6,63.9,110.5,105.0,94.44
Groundnut,Andhra Pradesh,Rabi,2.43,,26.5,83.6,6.41,55.4,33.7,103.6,62.9,2.51
Groundnut,Punjab,Zaid,1.12,966.0,27.8,74.9,6.98,153.3,66.1,144.5,192.1,3.21
Rice,Gujarat,Rabi,7.66,904.3,29.1,85.2,7.43,40.0,57.6,96.8,137.4,4.7
Sugarcane,Karnataka,Kharif,4.82,1206.9,20.5,68.5,5.83,209.9,64.4,33.6,110.6,91.66
Groundnut,Madhya Pradesh,Zaid,1.05,549.5,19.0,85.8,6.7,130.4,63.6,80.0,131.7,2.66
Sugarcane,Uttar Pradesh,Rabi,2.62,768.6,18.6,75.6,6.81,208.8,29.5,77.8,235.3,103.17
Groundnut,Madhya Pradesh,Zaid,4.43,1299.6,24.2,59.4,7.81,122.8,38.2,97.8,144.9,2.37
Cotton,Uttar Pradesh,Kharif,2.55,895.6,22.7,60.8,6.79,180.5,83.0,77.2,112.2,2.35
Sugarcane,Haryana,Kharif,6.61,906.0,27.7,62.3,6.78,127.5,46.2,97.0,108.8,111.59
Potato,Andhra Pradesh,Rabi,0.8,851.4,30.9,77.7,5.98,44.5,55.8,88.9,111.1,27.4
Sugarcane,Gujarat,Kharif,7.43,695.2,20.3,82.2,6.88,82.8,63.2,71.5,158.4,94.08
Sugarcane,Madhya Pradesh,Zaid,1.27,1388.7,33.6,72.7,6.51,94.2,45.4,44.0,110.2,78.84
Potato,Uttar Pradesh,Zaid,0.63,1260.5,29.4,59.9,6.08,99.7,53.6,92.5,242.4,21.98
Potato,Gujarat,Rabi,0.6,899.4,23.7,73.4,6.97,183.8,72.8,150.4,187.7,26.46
Groundnut,Tamil Nadu,Kharif,4.86,1349.0,30.2,61.7,7.58,130.4,64.6,71.9,199.2,2.82
Potato,Andhra Pradesh,Rabi,2.08,692.3,23.2,71.5,6.26,136.6,22.3,129.7,124.5,25.84
Rice,Uttar Pradesh,Rabi,4.15,850.7,27.6,53.5,7.67,85.4,85.6,76.5,61.0,4.68
Wheat,Karnataka,Rabi,8.74,1399.4,26.1,82.0,5.24,127.5,40.2,72.2,119.7,3.52
Wheat,West Bengal,Rabi,1.37,1127.0,24.9,65.7,5.81,67.0,33.7,128.4,224.0,4.21
Wheat,Punjab,Rabi,9.01,891.1,23.2,60.3,7.57,77.0,63.1,183.5,109.3,4.72
Pulses,Madhya Pradesh,Rabi,5.79,620.9,26.6,47.7,7.22,114.2,50.2,125.9,248.2,1.66
Cotton,Uttar Pradesh,Rabi,5.71,1069.6,31.4,88.6,7.42,155.0,69.3,115.0,143.3,2.53
Rice,West Bengal,Kharif,2.24,754.2,35.6,68.1,6.08,,33.2,107.4,,4.51
Sugarcane,Karnataka,Kharif,1.56,877.9,32.2,47.2,7.29,137.7,53.3,146.8,87.3,105.94
Groundnut,Punjab,Zaid,4.8,1234.1,28.8,72.5,6.96,60.4,61.6,56.4,68.0,2.62
Sugarcane,Maharashtra,Kharif,1.28,912.7,30.7,61.0,7.41,90.4,54.9,93.9,159.7,92.97
Groundnut,Uttar Pradesh,Zaid,4.4,642.7,28.7,51.3,6.95,116.1,67.5,167.1,200.0,2.59
Groundnut,Gujarat,Rabi,1.46,484.9,21.5,71.5,6.66,69.5,71.1,68.1,177.1,2.79
Maize,Maharashtra,Rabi,4.7,829.5,35.8,68.5,6.94,40.0,44.3,135.4,117.2,4.78
Maize,Tamil Nadu,Kharif,4.01,1012.0,16.0,56.8,7.18,106.5,59.9,168.8,276.6,5.5
Groundnut,Haryana,Rabi,2.45,420.2,28.9,83.8,7.8,136.0,79.0,129.6,225.7,3.13
Maize,Uttar Pradesh,Rabi,5.12,905.9,19.6,49.5,6.51,144.3,49.9,73.0,137.7,4.98
Maize,Punjab,Kharif,2.52,1215.9,26.4,67.7,6.09,137.7,50.2,48.2,166.3,5.89
Potato,Gujarat,Kharif,3.99,334.0,31.0,58.1,6.36,106.3,60.9,111.0,181.9,25.02
Groundnut,Tamil Nadu,Kharif,3.66,1114.1,21.2,71.2,6.68,88.5,59.0,82.6,175.2,3.06
Maize,Andhra Pradesh,Kharif,3.27,722.5,22.3,72.4,6.28,121.7,15.0,133.1,153.1,5.52
Maize,Punjab,Kharif,2.44,1109.0,27.8,58.7,6.75,154.0,38.2,87.2,208.5,5.98
Rice,Gujarat,Kharif,3.1,677.4,27.9,70.0,6.85,94.4,70.7,132.7,61.6,4.32
Wheat,Haryana,Kharif,4.1,943.5,28.7,59.4,5.79,87.1,45.1,122.3,193.0,4.58
Groundnut,Karnataka,Rabi,1.44,902.0,25.3,67.1,6.94,146.5,73.2,163.5,167.4,2.9
Pulses,Punjab,Zaid,1.06,1144.5,25.5,80.4,7.45,73.7,46.7,92.6,109.8,1.68
Rice,Tamil Nadu,Zaid,3.87,1211.0,24.1,74.6,,150.9,49.6,107.0,135.5,4.4
Rice,Tamil Nadu,Rabi,2.03,362.7,32.7,55.7,7.21,129.0,85.7,47.9,27.8,4.44
Maize,West Bengal,Zaid,6.19,1325.3,25.6,86.0,7.65,142.1,73.2,148.1,67.0,4.47
Potato,Haryana,Rabi,3.14,749.8,16.8,87.4,6.52,175.7,51.1,88.7,135.4,29.01
Sugarcane,Maharashtra,Kharif,3.4,848.8,29.9,61.1,5.78,123.9,62.7,79.6,100.6,91.29
Potato,Punjab,Kharif,3.88,958.8,25.7,78.9,6.58,196.1,31.5,83.7,261.5,31.04
Maize,Gujarat,Zaid,6.46,1101.4,31.8,69.2,7.51,120.0,114.4,98.0,99.9,4.53
Wheat,Punjab,Kharif,6.96,415.7,24.8,62.4,7.0,44.8,77.8,92.4,50.4,4.44
Maize,Haryana,Zaid,3.98,406.7,29.9,46.3,5.7,86.7,43.4,,189.8,4.8
Sugarcane,Maharashtra,Kharif,1.45,889.2,27.1,82.0,6.53,126.1,82.7,128.0,222.3,105.4
Wheat,West Bengal,Kharif,9.45,991.1,,53.3,6.42,106.0,64.8,62.5,67.8,4.23
Cotton,Punjab,Rabi,11.21,1441.4,28.5,77.1,7.36,169.3,38.4,106.6,177.6,2.7
Groundnut,Uttar Pradesh,Zaid,4.75,589.2,25.0,47.2,6.2,138.4,35.2,170.3,275.8,2.83
Maize,Andhra Pradesh,Rabi,6.19,250.0,29.5,82.4,7.23,147.7,64.4,65.3,181.4,5.67
Potato,Gujarat,Kharif,1.61,1182.7,33.5,60.3,8.01,,36.8,138.9,152.8,28.36
Potato,Uttar Pradesh,Zaid,4.61,1065.1,32.8,65.5,7.12,124.5,42.0,154.4,170.7,24.96
Rice,Punjab,Kharif,5.63,404.9,26.4,82.9,7.29,66.2,36.4,148.3,122.3,4.23
Potato,Punjab,Rabi,2.64,576.5,26.1,63.8,6.95,91.0,79.6,77.5,183.9,28.85
Wheat,Haryana,Zaid,7.49,683.0,19.5,68.8,7.09,150.7,58.4,104.6,198.2,3.93
Cotton,West Bengal,Zaid,8.8,844.8,32.8,56.8,6.55,135.0,76.1,73.6,209.8,2.45
Potato,Madhya Pradesh,Zaid,1.84,835.4,30.1,59.2,6.91,166.7,66.5,110.9,157.9,24.24
Wheat,Maharashtra,Kharif,6.43,250.0,35.4,61.9,7.07,87.5,63.7,155.6,99.6,4.08
Pulses,Madhya Pradesh,Rabi,3.15,892.5,18.2,62.2,6.85,105.3,40.2,86.1,111.6,1.84
Sugarcane,Tamil Nadu,Kharif,4.77,830.8,20.1,54.2,5.02,177.3,99.8,74.6,159.6,100.2
Sugarcane,Karnataka,Rabi,7.9,1000.5,22.0,74.1,6.81,169.5,90.1,80.9,129.9,101.45
Rice,Haryana,Kharif,6.36,706.6,24.0,62.3,6.4,136.7,57.8,113.4,260.6,5.49
Pulses,Haryana,Rabi,3.03,825.1,21.4,65.9,7.25,138.5,70.2,163.8,288.9,
Wheat,Uttar Pradesh,Kharif,4.34,1172.2,26.6,64.9,5.96,55.4,17.5,158.3,192.3,4.51
Pulses,Andhra Pradesh,Zaid,2.14,992.8,19.2,55.5,7.05,119.6,27.8,90.2,81.1,1.56
Rice,West Bengal,Zaid,3.63,1113.6,21.8,53.4,7.25,153.4,67.9,56.3,194.7,4.35
Potato,West Bengal,Rabi,3.92,876.8,26.3,59.1,6.87,135.6,70.7,122.4,221.4,28.12
Maize,Andhra Pradesh,Rabi,6.82,,26.7,73.4,5.78,102.1,61.0,99.8,193.8,4.72
Rice,Andhra Pradesh,Zaid,6.26,1000.0,32.5,62.2,6.59,115.8,41.9,72.0,210.3,4.24
Groundnut,Karnataka,Zaid,2.32,616.3,26.4,75.0,6.95,129.4,59.5,40.6,97.6,2.43
Wheat,Karnataka,Kharif,9.92,668.4,25.2,56.7,6.43,124.4,34.7,139.7,101.9,4.46
Groundnut,Haryana,Kharif,5.92,947.7,31.6,67.0,6.92,65.0,75.1,77.8,196.2,3.28
Sugarcane,Uttar Pradesh,Zaid,4.43,906.9,26.0,69.9,6.57,112.0,43.9,97.6,77.1,89.75
Maize,Uttar Pradesh,Zaid,3.62,521.6,25.0,69.1,6.3,143.4,76.2,73.2,104.8,4.76
Wheat,Andhra Pradesh,Rabi,1.09,967.6,24.0,81.2,6.96,69.0,67.4,115.1,20.0,3.64
Maize,Gujarat,Kharif,1.1,871.6,36.0,67.5,6.48,77.2,35.9,124.2,118.4,4.93
Wheat,West Bengal,Kharif,5.92,1018.7,21.5,54.6,7.63,134.5,74.1,55.9,190.1,4.47
Cotton,Punjab,Zaid,7.26,897.1,31.3,61.8,6.41,72.9,60.0,103.8,165.0,2.48
Pulses,West Bengal,Zaid,6.08,1015.1,20.8,72.6,6.97,95.9,48.7,87.6,91.0,1.52
Maize,Madhya Pradesh,Zaid,6.09,1800.0,30.8,47.9,7.18,109.8,64.5,94.4,22.8,4.04
Cotton,Andhra Pradesh,Rabi,11.33,816.9,18.1,80.5,6.77,131.0,78.4,82.2,149.5,2.64
Potato,Madhya Pradesh,Kharif,3.99,903.3,25.5,65.8,6.0,40.0,41.0,71.5,42.7,28.02
Sugarcane,Maharashtra,Kharif,7.47,987.1,24.3,58.8,5.74,80.7,79.4,138.4,181.8,99.79
Cotton,Tamil Nadu,Zaid,4.73,780.1,23.1,91.7,5.98,96.3,57.3,94.0,96.4,2.32
Rice,Uttar Pradesh,Kharif,4.84,728.9,25.5,66.4,6.78,188.3,76.4,93.8,123.5,4.84
Potato,Maharashtra,Kharif,0.69,781.8,23.8,62.2,7.49,104.1,77.2,160.9,79.7,27.56
Sugarcane,Gujarat,Rabi,4.62,889.1,24.0,58.1,7.02,139.7,76.2,122.9,230.2,96.1
Potato,Haryana,Kharif,4.56,861.6,22.5,58.3,7.2,146.8,48.6,92.1,142.1,26.99
Potato,Punjab,Kharif,1.3,805.3,34.2,67.8,7.12,162.6,42.3,128.8,113.0,28.07
Groundnut,Uttar Pradesh,Rabi,5.6,461.2,29.5,59.5,7.09,161.6,39.5,115.6,166.2,2.81
Potato,Andhra Pradesh,Kharif,4.27,988.7,35.3,75.9,6.26,82.4,87.9,154.1,68.8,27.43
Pulses,Punjab,Zaid,6.41,1087.3,37.1,67.6,6.08,95.4,48.8,114.1,173.2,1.82
Cotton,Tamil Nadu,Kharif,6.58,,27.2,64.8,6.73,94.6,16.8,130.0,164.1,2.78
Pulses,Punjab,Kharif,4.37,634.1,25.3,68.5,6.3,132.1,61.6,136.7,87.6,1.87
Maize,Karnataka,Kharif,6.11,329.0,30.6,60.8,7.11,145.6,53.0,79.0,,5.1
Potato,Gujarat,Rabi,4.59,778.3,21.2,60.7,6.33,150.1,46.1,108.9,143.1,26.68
Maize,Madhya Pradesh,Zaid,2.89,1305.0,29.3,75.7,7.22,166.5,57.9,106.9,191.5,4.72
Wheat,Andhra Pradesh,Zaid,2.91,808.7,39.1,55.0,5.86,46.8,65.9,74.9,70.1,4.13
Sugarcane,Punjab,Kharif,6.13,544.2,21.1,75.9,8.2,122.3,61.6,82.4,119.2,101.33
Maize,West Bengal,Kharif,4.27,,28.6,63.7,7.86,156.8,51.5,162.9,106.2,5.68
Rice,Maharashtra,Rabi,4.65,1130.6,33.0,89.0,7.88,155.4,53.5,121.8,53.3,4.79
Sugarcane,Karnataka,Kharif,1.09,889.4,22.5,61.3,8.03,160.2,47.4,106.2,121.3,98.55
Groundnut,Uttar Pradesh,Zaid,2.81,1007.9,29.2,80.3,5.65,118.5,72.9,147.6,164.9,2.5
Potato,Uttar Pradesh,Zaid,3.8,1121.8,36.2,60.2,5.57,170.2,36.0,113.4,138.5,24.55
Groundnut,Gujarat,Rabi,4.55,,25.8,77.7,6.73,147.9,61.7,77.2,136.0,2.78
Pulses,Haryana,Kharif,4.22,489.0,31.5,52.4,7.24,79.9,91.5,,175.2,1.91
Groundnut,Punjab,Rabi,2.22,1061.7,16.7,77.2,7.63,101.0,96.6,140.3,117.3,3.33
Rice,Gujarat,Zaid,4.33,767.3,28.0,59.6,5.69,164.5,23.4,,192.7,3.79
Potato,Andhra Pradesh,Zaid,0.83,845.2,20.9,56.8,5.29,180.4,27.3,122.7,70.6,25.05
Sugarcane,West Bengal,Rabi,8.25,1160.1,23.6,88.8,6.85,134.2,101.7,100.8,20.0,93.75
Pulses,Andhra Pradesh,Rabi,5.4,1504.6,26.0,55.5,8.06,159.1,33.9,134.5,101.4,1.74
Sugarcane,Maharashtra,Rabi,3.46,884.7,20.8,63.6,6.79,114.7,116.2,187.2,76.7,93.39
Cotton,West Bengal,Rabi,6.56,1271.3,25.5,60.5,8.03,182.3,37.2,96.1,77.4,2.63
Potato,Uttar Pradesh,Zaid,4.82,321.0,32.2,66.6,7.62,149.1,79.0,82.9,104.5,23.12
Pulses,Uttar Pradesh,Zaid,3.0,1310.8,24.9,78.1,7.06,150.0,58.4,105.5,63.3,1.46
Sugarcane,Madhya Pradesh,Zaid,1.41,814.3,21.2,57.5,7.08,133.3,52.3,73.4,227.8,86.86
Cotton,Tamil Nadu,Zaid,4.75,645.0,32.7,52.1,7.17,140.7,61.5,96.0,232.2,2.37
Cotton,Madhya Pradesh,Zaid,4.54,631.9,23.0,62.0,7.03,124.2,37.7,30.0,185.0,2.26
Cotton,Tamil Nadu,Kharif,7.32,1072.5,34.8,73.6,7.35,114.3,87.5,83.6,157.5,2.63
Cotton,Madhya Pradesh,Kharif,3.98,928.5,18.6,65.1,6.38,163.2,59.1,95.2,111.3,2.3
Pulses,Uttar Pradesh,Zaid,4.43,1086.9,28.1,67.4,6.86,144.4,38.9,121.1,152.3,1.64
Pulses,West Bengal,Rabi,2.6,1091.8,29.9,76.7,6.95,40.0,49.9,145.5,103.9,1.95
Rice,Madhya Pradesh,Rabi,5.47,1039.6,32.3,66.3,5.04,160.8,63.7,105.7,139.8,4.4
Sugarcane,Haryana,Kharif,5.05,953.6,32.8,74.2,,131.3,73.2,87.0,61.2,101.45
Sugarcane,Karnataka,Kharif,8.17,977.9,23.0,60.7,7.22,115.2,59.7,131.9,148.3,93.45
Sugarcane,Tamil Nadu,Kharif,4.31,1045.8,23.0,56.5,7.17,174.4,70.5,144.6,192.7,110.88
Potato,Maharashtra,Zaid,0.89,,33.4,66.0,6.62,58.7,72.4,148.7,192.2,23.92
Rice,Madhya Pradesh,Zaid,5.43,1006.7,28.9,47.9,7.22,214.5,41.4,70.1,227.2,4.39
Groundnut,Punjab,Kharif,4.42,250.0,26.8,67.6,4.8,108.2,50.5,77.7,174.5,3.08
Potato,Andhra Pradesh,Zaid,2.18,340.6,23.5,59.7,7.66,123.5,41.2,103.3,149.9,22.7
Sugarcane,Karnataka,Zaid,5.21,748.8,26.7,78.4,6.4,103.9,71.3,79.8,,92.1
Rice,Tamil Nadu,Zaid,2.84,306.6,26.5,95.0,6.2,134.2,40.9,50.1,156.5,3.94
Groundnut,Tamil Nadu,Rabi,4.42,1022.0,36.2,72.5,6.01,119.7,35.2,100.3,223.9,3.02
Sugarcane,Punjab,Zaid,7.43,559.1,25.8,82.5,6.16,96.2,76.6,116.5,79.1,95.62
Sugarcane,Andhra Pradesh,Kharif,3.38,1200.3,28.3,67.7,7.44,95.6,80.3,51.8,87.3,88.68
Maize,Andhra Pradesh,Kharif,6.42,441.5,23.4,61.2,8.0,48.4,40.5,30.0,88.6,4.4
Pulses,Gujarat,Rabi,1.35,704.1,33.1,72.4,5.3,173.2,66.7,113.2,197.3,1.86
Sugarcane,Punjab,Zaid,5.83,1254.8,24.6,79.6,7.59,96.5,79.2,90.2,139.4,103.86
Wheat,Maharashtra,Kharif,8.44,783.6,25.8,73.6,6.72,81.1,71.1,80.7,181.6,4.85
Sugarcane,Uttar Pradesh,Rabi,4.82,907.9,25.4,70.6,6.19,114.3,34.6,70.4,108.0,96.99
Rice,West Bengal,Rabi,3.19,604.4,17.9,90.2,6.31,102.5,52.4,109.3,113.0,4.43
Potato,Punjab,Zaid,4.92,849.7,35.9,77.3,7.78,117.3,86.9,123.3,170.2,27.54
Maize,Maharashtra,Zaid,2.19,1181.3,24.5,61.4,6.26,133.8,41.9,30.0,110.8,4.11
Rice,Haryana,Zaid,5.45,833.5,28.9,62.9,6.18,171.6,56.0,86.8,20.0,4.23
Sugarcane,Madhya Pradesh,Kharif,3.44,568.0,24.2,56.8,4.85,90.4,67.4,77.0,184.5,97.81
Maize,Gujarat,Rabi,3.14,1800.0,34.6,44.3,7.7,,24.4,105.8,202.9,5.09
Pulses,Punjab,Rabi,4.73,966.3,30.5,74.2,6.11,148.5,33.1,108.0,208.3,1.98
Potato,Karnataka,Rabi,3.51,,37.5,76.2,6.09,142.5,92.9,101.8,202.3,25.15
Groundnut,Maharashtra,Zaid,2.31,1068.9,24.9,66.1,7.31,173.8,16.3,113.4,227.1,2.43
Maize,Andhra Pradesh,Kharif,6.35,374.4,33.7,61.8,6.82,183.3,48.8,111.9,171.7,5.25
Potato,Tamil Nadu,Zaid,1.63,756.9,20.6,59.1,5.49,141.4,63.0,62.7,56.9,25.35
Maize,Haryana,Kharif,5.58,722.8,27.7,51.4,6.01,82.8,53.2,74.0,153.9,5.11
Wheat,Punjab,Rabi,1.92,1202.6,30.9,56.6,7.07,85.4,76.1,89.6,193.4,4.48
Groundnut,Uttar Pradesh,Kharif,3.96,1115.0,21.8,75.0,6.83,141.7,60.5,78.6,83.3,3.01
Sugarcane,Uttar Pradesh,Rabi,6.07,896.1,32.6,81.7,6.82,149.2,42.0,89.0,251.2,107.21
Wheat,Gujarat,Rabi,3.89,463.2,30.8,79.5,7.1,104.0,41.1,110.6,218.1,4.53
Wheat,Punjab,Kharif,3.99,1449.6,27.8,74.9,5.77,148.2,85.6,128.5,234.0,5.0
Maize,Madhya Pradesh,Zaid,4.94,1150.0,22.7,59.6,6.93,112.1,93.7,48.5,267.5,4.87
Rice,Haryana,Kharif,6.51,675.2,25.8,58.8,6.63,133.0,60.0,30.0,178.5,5.0
Wheat,West Bengal,Kharif,9.51,,21.6,55.1,6.73,125.9,40.0,44.2,102.7,4.17
Potato,Gujarat,Zaid,2.72,808.8,16.3,85.9,7.48,42.9,55.2,92.3,214.2,22.27
Rice,West Bengal,Kharif,2.05,1192.0,29.8,63.9,6.21,109.2,52.9,125.1,67.6,4.33
Maize,Punjab,Zaid,5.55,528.1,23.1,87.0,6.76,93.9,54.8,145.3,143.3,5.01
Sugarcane,West Bengal,Kharif,6.11,969.1,26.3,73.3,6.81,144.1,73.4,175.4,56.7,98.07
Pulses,Uttar Pradesh,Rabi,4.29,573.8,29.9,59.7,6.86,250.0,52.1,103.6,161.7,1.9
Maize,Maharashtra,Zaid,4.14,1052.3,24.3,68.6,6.1,165.0,39.6,88.7,77.9,4.79
Pulses,Andhra Pradesh,Zaid,1.21,915.1,30.2,62.4,5.86,135.5,51.6,115.1,171.4,1.52
Wheat,Haryana,Zaid,2.54,984.8,29.6,54.1,6.38,141.2,98.9,107.3,216.2,4.66
Groundnut,Madhya Pradesh,Rabi,3.8,881.4,28.4,46.8,7.34,,93.1,108.2,248.1,3.08
Groundnut,West Bengal,Kharif,3.44,1384.9,16.9,68.0,8.2,65.6,88.4,120.3,103.4,2.7
Pulses,Tamil Nadu,Rabi,6.08,992.8,18.0,70.9,8.2,138.3,82.9,118.8,192.2,1.76
Groundnut,Tamil Nadu,Kharif,2.45,1191.2,26.5,53.8,8.2,153.9,39.4,50.3,263.2,2.65
Potato,Haryana,Zaid,3.54,978.1,22.5,62.4,6.04,189.6,65.3,95.5,123.6,26.58
Wheat,Punjab,Zaid,3.7,737.4,25.2,64.5,6.03,169.9,51.8,99.4,112.4,4.43
Sugarcane,Tamil Nadu,Kharif,5.99,631.4,18.2,47.9,5.96,94.6,73.4,118.9,110.2,98.03
Groundnut,West Bengal,Zaid,4.6,1223.2,23.2,68.1,6.48,161.8,70.2,154.0,,2.82
Maize,Maharashtra,Zaid,6.33,,29.1,70.0,6.2,67.5,70.6,67.6,216.7,4.56
Pulses,Punjab,Rabi,4.26,493.8,27.2,86.2,7.14,175.2,58.9,115.0,157.5,1.93
Maize,Haryana,Rabi,4.34,595.6,15.0,42.2,7.2,109.5,29.8,56.8,31.5,4.77
Pulses,Andhra Pradesh,Rabi,6.92,652.7,32.1,53.4,5.87,77.9,111.6,126.1,172.9,1.64
Potato,Punjab,Rabi,2.03,772.5,25.7,81.2,5.34,187.7,81.9,75.7,153.5,30.18
Groundnut,Tamil Nadu,Rabi,3.48,1097.9,23.7,51.0,6.35,73.3,24.1,76.7,178.8,3.01
Maize,Gujarat,Rabi,2.72,1143.4,23.3,71.3,6.26,203.0,84.5,65.7,157.5,5.49
Wheat,Maharashtra,Zaid,8.35,893.3,35.9,67.0,6.6,111.2,90.2,48.0,132.1,3.81
Maize,Gujarat,Kharif,1.59,442.6,30.1,77.0,7.27,64.0,66.6,70.3,113.6,4.9
Sugarcane,Gujarat,Kharif,3.25,1207.4,33.4,62.6,7.25,137.0,57.0,130.2,79.4,97.08
Wheat,Madhya Pradesh,Kharif,8.35,1243.0,35.8,60.1,6.49,161.9,53.5,73.0,71.9,4.22
Sugarcane,Punjab,Zaid,4.66,909.6,30.4,72.3,6.06,145.6,,123.3,239.2,99.03
Rice,Karnataka,Zaid,3.73,663.8,31.0,62.2,5.35,166.1,64.4,88.2,237.1,4.14
Sugarcane,West Bengal,Rabi,3.54,1321.1,25.4,69.7,6.46,157.6,41.2,137.3,129.2,99.63
Groundnut,Punjab,Kharif,1.19,907.6,34.7,61.0,5.51,133.0,113.2,149.4,149.4,3.22
Pulses,Gujarat,Kharif,5.32,782.8,24.6,47.5,5.97,106.8,40.9,60.7,159.0,1.64
Maize,Uttar Pradesh,Zaid,3.09,822.1,28.0,72.2,7.29,162.8,43.9,30.0,245.7,5.05
Rice,Tamil Nadu,Rabi,7.16,823.6,27.2,65.6,6.97,205.2,33.6,77.9,134.0,4.49
Wheat,Madhya Pradesh,Zaid,9.14,710.3,24.4,59.2,4.86,174.2,84.7,113.5,225.4,4.22
Wheat,Haryana,Rabi,4.62,1397.8,26.6,73.7,6.95,140.8,85.4,82.8,136.1,4.75
Sugarcane,Madhya Pradesh,Kharif,1.78,690.4,21.4,79.5,7.56,179.8,42.1,102.3,182.9,104.04
Rice,Haryana,Zaid,6.75,520.5,23.9,78.0,7.19,135.7,63.4,121.6,155.2,4.92
Sugarcane,Maharashtra,Kharif,3.67,1458.1,15.0,67.7,7.23,156.5,64.9,92.4,99.4,90.84
Cotton,Karnataka,Zaid,10.93,1086.0,26.2,85.4,7.44,155.7,72.3,99.3,101.3,2.28
Wheat,Punjab,Rabi,4.56,250.0,32.0,71.1,7.2,93.7,46.2,106.3,57.0,4.15
Wheat,Maharashtra,Zaid,1.87,1559.1,15.0,54.2,5.45,204.0,64.8,126.9,98.9,3.47
Wheat,West Bengal,Rabi,9.81,775.7,17.6,59.1,7.39,60.1,15.0,94.7,131.7,4.46
Groundnut,Punjab,Zaid,5.48,1064.0,28.0,85.0,7.24,136.6,62.1,125.5,220.1,2.94
Cotton,West Bengal,Rabi,3.65,1002.6,27.1,63.4,5.95,154.4,85.4,117.7,142.1,2.72
Wheat,Uttar Pradesh,Kharif,3.93,973.0,21.5,60.3,7.13,109.3,45.9,47.6,212.6,4.63
Rice,Madhya Pradesh,Zaid,4.37,941.3,26.6,55.0,7.68,108.4,49.2,148.1,254.2,4.57
Cotton,Madhya Pradesh,Zaid,8.52,1159.0,23.6,54.9,7.71,142.8,47.0,75.4,110.5,2.14
Potato,Uttar Pradesh,Rabi,4.43,836.3,20.5,56.9,6.16,118.4,77.1,93.9,96.0,25.57
Maize,Uttar Pradesh,Rabi,3.52,1246.0,25.4,80.4,6.76,155.5,39.3,35.8,130.5,5.31
Wheat,Madhya Pradesh,Zaid,6.19,1163.5,24.8,75.9,7.32,136.3,92.6,127.7,201.9,3.92
Maize,Uttar Pradesh,Zaid,4.92,546.6,22.5,77.2,7.25,52.6,68.2,50.5,58.4,4.73
Cotton,Tamil Nadu,Zaid,10.15,748.3,29.2,62.4,6.93,101.9,41.5,138.4,121.3,2.22
Groundnut,Karnataka,Kharif,2.57,1240.8,29.6,58.2,6.9,140.7,19.5,114.8,125.3,2.87
Groundnut,Karnataka,Zaid,5.5,859.1,31.9,70.5,6.12,162.0,83.1,119.7,158.3,2.54
Pulses,Punjab,Zaid,4.39,1169.4,23.2,66.0,7.32,87.8,45.0,72.0,89.3,1.53
Cotton,Madhya Pradesh,Kharif,6.17,1315.3,26.2,67.6,7.66,93.7,65.2,30.0,132.1,2.51
Cotton,Andhra Pradesh,Zaid,7.68,1468.0,25.7,82.3,6.25,130.4,75.4,72.4,109.4,2.33
Rice,Andhra Pradesh,Kharif,7.95,1291.8,29.0,80.7,7.16,131.8,40.9,129.4,234.3,4.67
Potato,Uttar Pradesh,Kharif,3.34,966.6,26.4,74.7,5.13,208.4,79.0,94.9,143.1,30.76
Cotton,Uttar Pradesh,Kharif,8.72,828.9,23.1,69.4,7.3,107.3,47.7,164.6,132.2,2.81
Pulses,Uttar Pradesh,Rabi,1.85,689.0,26.6,52.6,5.99,148.5,36.4,135.9,135.7,1.72
Maize,Madhya Pradesh,Zaid,5.73,1294.4,24.7,63.8,5.85,172.6,53.7,53.7,38.4,4.72
Sugarcane,West Bengal,Kharif,7.77,1470.4,26.8,60.4,6.4,118.1,75.1,,80.7,99.3
Maize,West Bengal,Kharif,5.03,1265.1,24.9,68.2,7.22,90.8,51.0,61.2,130.3,5.17
Wheat,Uttar Pradesh,Rabi,5.53,949.2,28.4,70.0,5.84,103.2,41.6,122.0,150.4,4.55
Cotton,Karnataka,Rabi,3.31,442.7,18.1,80.2,6.68,93.2,54.0,119.2,93.2,2.15
Maize,Andhra Pradesh,Kharif,2.22,1200.4,25.8,58.8,7.39,84.8,81.4,134.9,135.9,4.9
Rice,Maharashtra,Kharif,7.38,647.8,23.3,72.7,7.05,115.1,93.1,102.7,61.7,4.51
Sugarcane,Haryana,Rabi,6.53,557.4,31.8,60.1,6.55,152.0,57.0,78.7,112.5,106.28
Rice,Gujarat,Rabi,4.53,1254.0,25.1,64.2,7.86,107.5,27.1,89.0,83.4,4.15
Cotton,Maharashtra,Kharif,6.79,639.5,23.5,83.4,6.93,59.1,57.6,104.1,224.3,2.58
Pulses,Uttar Pradesh,Rabi,4.24,626.3,22.2,65.8,7.87,113.5,64.7,96.8,99.3,1.77
Pulses,Haryana,Zaid,2.61,559.7,24.8,75.2,6.61,133.3,61.6,145.2,123.2,1.78
Wheat,Karnataka,Kharif,7.08,1153.9,31.0,74.2,6.9,137.5,37.8,82.7,135.7,4.13
Wheat,Andhra Pradesh,Rabi,7.84,1030.5,27.1,64.4,6.05,141.7,69.7,42.3,108.5,4.61
Sugarcane,Gujarat,Zaid,7.77,806.4,25.6,67.7,6.58,190.7,34.6,30.0,188.7,93.43
Wheat,Maharashtra,Kharif,1.9,845.6,33.2,63.1,4.8,147.2,36.2,114.2,179.3,4.23
Potato,Punjab,Kharif,0.81,823.5,31.3,73.9,5.83,93.9,42.4,128.9,87.5,28.92
Wheat,Haryana,Rabi,8.99,1304.1,31.2,77.0,7.13,112.1,66.1,72.1,115.2,4.68
Sugarcane,Gujarat,Rabi,2.35,726.7,22.7,55.6,7.87,113.0,85.8,125.8,178.2,100.97
Pulses,Maharashtra,Rabi,1.47,655.4,26.0,95.0,8.09,99.7,20.1,69.7,115.3,1.61
Cotton,Madhya Pradesh,Kharif,5.23,1085.9,27.4,78.5,5.53,80.5,15.0,122.5,145.3,2.56
Maize,Punjab,Zaid,4.95,729.2,27.1,58.0,6.74,132.1,38.7,99.8,126.5,5.13
Cotton,Punjab,Zaid,10.49,1418.7,27.3,62.6,6.05,100.1,80.2,92.9,207.9,2.41
Rice,Tamil Nadu,Rabi,7.5,956.7,26.0,78.5,6.42,86.6,87.4,106.9,110.0,4.64
Wheat,Gujarat,Rabi,3.05,648.9,26.0,65.2,6.8,70.9,45.3,82.8,128.2,4.34
Pulses,Tamil Nadu,Zaid,6.21,1308.8,25.6,62.6,6.69,91.6,70.5,,83.3,1.69
Maize,Karnataka,Zaid,4.64,574.2,23.4,85.7,6.03,79.0,45.0,63.5,63.7,4.5
Pulses,West Bengal,Kharif,4.27,1110.1,25.9,65.2,6.0,197.1,52.3,86.8,47.9,1.76
Cotton,Punjab,Kharif,6.84,1206.0,30.2,66.1,5.85,83.1,40.2,101.4,213.2,
Cotton,Andhra Pradesh,Kharif,6.25,796.8,25.7,71.5,5.9,130.3,61.0,96.9,209.5,2.56
Pulses,West Bengal,Kharif,3.61,807.3,22.5,91.0,6.41,138.1,18.1,131.2,122.4,1.99
Sugarcane,Punjab,Zaid,8.92,250.0,27.5,68.7,6.66,112.0,51.4,73.9,95.8,99.26
Maize,Tamil Nadu,Kharif,5.35,1110.6,31.6,55.9,5.15,88.9,37.1,92.6,84.1,5.05
Sugarcane,Gujarat,Rabi,8.97,544.2,27.3,60.7,7.37,75.6,82.8,87.1,140.2,101.77
Sugarcane,Tamil Nadu,Rabi,8.2,609.9,34.3,79.2,6.96,204.2,66.7,118.5,110.4,99.05
Cotton,Tamil Nadu,Rabi,5.3,330.6,39.3,85.7,6.44,137.4,46.3,97.4,143.4,2.4
Maize,Tamil Nadu,Zaid,6.45,859.0,24.4,77.5,6.44,136.6,54.8,30.5,197.1,4.56
Groundnut,Gujarat,Rabi,2.02,1325.8,32.0,64.6,6.77,40.0,41.1,110.6,109.4,2.98
Maize,Madhya Pradesh,Zaid,1.4,737.7,28.1,74.1,6.3,155.2,24.2,142.9,168.9,5.0
Cotton,Maharashtra,Zaid,4.81,776.6,31.1,50.8,6.52,123.0,35.1,118.0,90.1,2.27
Groundnut,Maharashtra,Kharif,4.72,599.6,26.4,81.5,6.09,160.9,98.5,102.7,181.9,
Maize,Maharashtra,Rabi,3.83,799.7,27.4,63.2,6.01,126.5,53.8,30.0,192.0,4.77
Rice,Haryana,Kharif,2.38,1005.7,33.4,64.3,7.11,81.5,36.4,109.4,142.6,4.86
Potato,Madhya Pradesh,Zaid,1.38,388.9,35.0,80.8,8.2,118.9,70.8,84.0,84.8,19.84
Potato,Karnataka,Kharif,3.17,1159.2,24.6,73.1,6.64,141.4,74.3,130.7,107.4,25.47
Groundnut,Karnataka,Rabi,4.21,1212.7,17.7,66.3,7.61,91.5,74.2,132.1,168.4,2.86
Rice,Gujarat,Zaid,5.33,940.3,23.4,63.4,6.3,114.2,60.6,93.1,206.7,4.2
Pulses,Maharashtra,Zaid,1.87,569.0,30.6,77.0,6.34,147.6,38.9,137.0,231.2,1.67
Rice,Tamil Nadu,Zaid,3.34,460.8,25.4,56.9,6.51,186.1,25.3,116.6,88.2,4.2
Potato,Punjab,Kharif,1.83,1464.9,31.2,73.0,7.12,92.7,61.3,92.9,160.7,27.72
Maize,Uttar Pradesh,Zaid,2.23,744.7,25.3,71.5,6.64,155.5,50.5,86.2,126.8,4.39
Rice,Karnataka,Rabi,4.98,656.9,30.1,83.8,6.15,160.2,31.3,95.5,137.6,4.87
Pulses,Punjab,Rabi,1.51,412.3,37.6,73.9,8.05,100.8,32.5,77.3,147.2,1.86
Potato,Karnataka,Zaid,3.61,1066.8,27.7,84.6,6.52,101.5,44.0,37.5,188.8,23.38
Maize,Madhya Pradesh,Zaid,4.14,946.3,26.9,75.2,6.59,71.2,55.1,109.4,174.1,5.21
Pulses,West Bengal,Rabi,4.93,1129.2,26.4,80.6,5.99,111.5,31.8,114.4,131.1,1.93
Maize,Karnataka,Rabi,2.26,588.6,37.8,56.1,6.32,98.9,44.1,131.6,95.8,4.85
Sugarcane,West Bengal,Rabi,4.04,663.1,21.3,64.8,7.28,119.8,42.5,53.4,184.5,94.66
Cotton,Madhya Pradesh,Rabi,7.08,1097.9,28.2,76.1,5.7,41.9,54.8,130.0,172.9,2.61
Groundnut,Haryana,Zaid,2.0,1087.0,29.9,60.2,6.78,163.2,48.0,92.3,98.2,2.61
Pulses,Haryana,Kharif,2.11,1019.1,21.0,51.4,6.85,101.7,42.4,178.5,125.5,1.84
Maize,Gujarat,Kharif,4.79,890.8,28.7,68.4,6.12,95.1,65.2,132.2,85.6,4.72
Maize,Tamil Nadu,Zaid,3.67,1259.6,30.6,66.7,6.17,123.6,65.3,99.2,140.1,5.1
Sugarcane,Haryana,Rabi,1.7,1307.7,26.9,65.6,6.97,164.9,44.6,75.7,92.7,114.71
Pulses,Tamil Nadu,Zaid,1.88,990.5,25.0,74.6,7.51,118.9,25.5,70.6,168.4,1.72
Cotton,Maharashtra,Rabi,7.27,1095.2,38.1,79.6,7.3,104.5,68.0,55.9,194.6,2.39
Cotton,Karnataka,Kharif,8.86,845.0,15.8,88.4,6.61,128.6,41.8,77.6,37.6,2.47
Rice,West Bengal,Kharif,4.42,535.0,25.2,81.9,6.81,204.8,45.3,136.5,95.0,4.67
Pulses,Tamil Nadu,Zaid,3.69,510.1,25.8,74.7,6.19,152.5,92.9,87.5,197.6,1.49
Groundnut,Karnataka,Zaid,3.58,679.1,28.9,84.2,6.9,140.4,57.8,68.5,137.9,2.65
Wheat,Tamil Nadu,Rabi,9.47,488.8,31.6,50.5,6.8,82.6,59.6,92.7,101.8,4.53
Wheat,Andhra Pradesh,Rabi,9.53,1328.3,30.0,80.6,5.94,83.6,45.7,64.4,230.2,4.06
Groundnut,Madhya Pradesh,Zaid,1.85,567.2,24.4,61.3,6.65,113.4,48.1,103.5,185.7,2.4
Potato,West Bengal,Zaid,0.73,693.4,36.6,66.3,7.03,148.7,15.0,110.6,209.7,23.31
Rice,Uttar Pradesh,Zaid,3.88,540.2,28.3,71.7,6.22,138.1,65.8,146.4,55.6,4.2
Wheat,Punjab,Kharif,4.55,1166.2,27.3,85.1,5.62,133.4,51.9,98.5,163.3,4.9
Pulses,Andhra Pradesh,Kharif,6.88,327.2,29.9,71.7,5.66,109.5,70.8,127.8,126.8,1.67
Rice,Madhya Pradesh,Rabi,6.33,616.1,26.3,55.2,6.53,123.9,79.0,140.9,180.5,4.55
Groundnut,Andhra Pradesh,Zaid,5.68,1090.2,15.0,68.8,7.49,133.8,71.8,169.6,140.2,2.54
Wheat,Madhya Pradesh,Rabi,1.8,395.5,25.3,79.8,,110.8,33.3,159.8,172.2,3.64
Potato,Punjab,Rabi,4.63,1081.6,31.3,68.8,6.1,116.9,48.7,65.9,131.5,29.76
Potato,West Bengal,Rabi,3.07,722.7,30.2,84.6,6.39,124.5,95.0,112.7,173.6,28.16
Pulses,Maharashtra,Zaid,5.88,642.2,24.4,65.9,6.52,118.6,36.2,33.0,198.2,1.62
Sugarcane,Haryana,Kharif,8.04,1165.5,23.2,82.4,6.36,130.8,50.8,59.7,179.4,114.08
Maize,Maharashtra,Rabi,5.27,250.0,34.2,75.8,5.84,119.9,64.9,48.8,122.5,4.76
Cotton,Tamil Nadu,Kharif,6.12,582.4,16.6,51.1,6.43,150.5,70.9,105.2,190.7,
Maize,Gujarat,Zaid,5.34,807.8,28.7,53.0,6.9,124.2,15.0,67.9,108.4,3.95
Potato,Madhya Pradesh,Rabi,3.82,515.2,21.9,58.8,7.26,90.1,97.7,64.1,171.3,27.0
Pulses,Punjab,Zaid,1.4,695.5,29.0,62.0,6.94,145.4,53.8,135.9,54.6,1.78
Cotton,West Bengal,Kharif,8.83,913.8,27.6,72.8,6.48,71.2,82.3,87.3,183.3,2.88
Sugarcane,Punjab,Rabi,8.92,749.8,,62.8,7.36,183.4,43.3,132.0,197.5,97.08
Groundnut,Madhya Pradesh,Rabi,1.16,833.2,16.2,59.5,7.45,160.3,53.6,143.1,101.4,2.78
Rice,Punjab,Kharif,6.98,1017.6,34.2,83.6,6.39,144.2,45.8,121.4,212.3,4.71
Maize,Gujarat,Kharif,6.08,1294.5,25.3,79.1,7.32,67.6,44.7,125.7,242.9,5.13
Maize,Uttar Pradesh,Kharif,2.57,1478.4,22.3,64.7,6.81,118.0,32.6,135.4,48.4,5.4
Rice,Madhya Pradesh,Rabi,5.48,714.7,,78.1,6.8,194.7,58.7,126.8,140.5,4.49
Potato,Gujarat,Rabi,4.76,933.8,23.7,76.4,7.09,154.0,42.9,170.9,96.8,28.63
Cotton,Punjab,Rabi,11.79,1189.5,31.8,66.7,5.65,147.6,40.0,113.2,30.1,2.61
Sugarcane,West Bengal,Kharif,5.77,874.2,30.4,79.6,6.41,90.2,,127.7,146.7,104.25
Sugarcane,Uttar Pradesh,Rabi,4.35,688.9,21.8,63.9,6.55,86.8,92.2,105.3,168.0,97.07
Wheat,Madhya Pradesh,Zaid,7.47,678.8,23.7,84.3,6.88,228.1,38.0,134.4,166.9,3.83
Maize,Uttar Pradesh,Zaid,4.63,1021.9,30.0,85.7,5.99,79.6,32.2,132.4,111.3,4.92
Pulses,Andhra Pradesh,Rabi,4.11,1281.7,26.2,73.1,6.21,123.6,73.3,108.8,271.6,1.89
Groundnut,Tamil Nadu,Rabi,5.44,1171.3,26.0,73.9,6.67,114.4,92.4,50.9,166.4,3.01
Maize,West Bengal,Kharif,4.76,1027.0,24.8,72.9,7.51,115.0,48.2,129.5,150.9,5.28
Rice,Karnataka,Zaid,4.5,1087.4,23.7,48.9,6.28,102.7,34.8,74.4,171.3,3.88
Sugarcane,Uttar Pradesh,Rabi,2.91,977.3,33.8,59.3,6.63,56.4,43.8,,175.3,103.15
Sugarcane,Haryana,Kharif,8.62,1223.4,27.4,66.5,6.22,181.3,69.5,171.8,156.5,111.65
Pulses,Karnataka,Kharif,1.85,544.0,24.7,61.9,6.7,110.5,63.1,141.9,69.5,1.81
Groundnut,Gujarat,Kharif,3.04,606.0,21.7,71.8,5.89,156.7,33.0,141.1,109.7,2.73
Potato,Karnataka,Zaid,3.47,945.5,26.4,65.7,6.8,113.1,41.0,118.8,,22.38
Pulses,Maharashtra,Rabi,1.66,1086.2,20.7,76.8,6.72,83.6,84.4,168.3,219.2,1.85
Sugarcane,Tamil Nadu,Rabi,8.72,1159.6,17.9,55.4,8.18,170.2,74.0,127.8,63.7,85.75
Potato,Punjab,Zaid,4.0,574.4,21.1,65.3,6.86,65.0,56.0,118.0,99.6,27.02
Potato,Andhra Pradesh,Kharif,3.49,1294.4,26.2,95.0,6.72,98.4,32.0,85.3,145.7,25.41
Rice,West Bengal,Kharif,3.96,949.9,25.5,75.7,6.3,74.2,92.0,124.6,235.5,5.11
Rice,Haryana,Kharif,5.76,632.6,22.7,48.9,6.39,191.0,15.2,67.4,205.1,4.85
Cotton,Tamil Nadu,Kharif,7.76,556.7,21.0,71.8,6.64,184.0,64.6,99.4,114.2,2.63
Pulses,Gujarat,Kharif,3.13,668.9,32.5,81.2,7.12,56.0,44.2,79.7,233.5,1.91
Sugarcane,Uttar Pradesh,Rabi,6.08,570.5,28.3,72.4,5.33,86.2,62.7,45.3,238.1,93.71
Sugarcane,Uttar Pradesh,Zaid,4.58,1259.8,25.5,91.5,7.25,107.6,48.3,165.5,187.0,97.56
Wheat,West Bengal,Kharif,2.11,1027.2,22.4,58.3,5.79,115.6,65.4,92.1,208.9,4.81
Groundnut,Haryana,Rabi,3.27,953.8,17.6,60.5,6.38,85.6,28.4,123.6,175.7,2.97
Cotton,Punjab,Kharif,10.27,623.7,27.3,56.9,6.99,89.7,73.6,127.9,119.3,2.97
Wheat,Uttar Pradesh,Rabi,3.08,1040.5,27.7,67.6,7.46,156.8,67.5,102.0,103.3,3.9
Potato,Tamil Nadu,Kharif,3.83,958.1,21.0,56.2,7.02,119.7,15.0,117.8,165.1,26.57
Sugarcane,Andhra Pradesh,Zaid,8.02,745.6,23.4,56.5,5.64,154.4,41.2,111.4,105.8,85.87
Wheat,Gujarat,Kharif,1.97,386.0,19.6,85.3,6.78,150.2,15.0,86.9,137.2,4.22
Pulses,Andhra Pradesh,Kharif,6.08,461.7,31.0,55.3,6.32,133.7,33.7,110.5,153.1,1.83
Cotton,Maharashtra,Rabi,11.06,1495.8,33.5,58.5,7.81,40.0,62.8,88.1,39.1,2.22
Sugarcane,Gujarat,Kharif,3.1,426.8,25.5,52.1,6.14,197.9,56.6,111.6,106.9,
Pulses,West Bengal,Rabi,6.71,1100.2,22.9,85.1,6.69,168.9,42.2,140.3,156.7,1.82
Wheat,Punjab,Zaid,5.7,631.9,15.0,83.3,6.36,104.1,23.9,90.3,158.5,4.39
Sugarcane,Madhya Pradesh,Zaid,1.11,1047.2,32.9,69.2,7.94,40.0,78.1,113.0,167.4,81.93
Rice,Haryana,Rabi,1.08,1228.2,31.5,53.9,7.36,126.0,34.9,151.9,70.9,4.44
Rice,Tamil Nadu,Rabi,5.54,1489.5,29.9,63.5,6.46,150.0,75.0,83.3,161.7,4.54
Pulses,Tamil Nadu,Kharif,1.03,753.3,40.0,68.9,6.66,102.2,48.4,205.2,157.2,1.78
Wheat,Tamil Nadu,Rabi,6.43,869.8,26.5,68.2,6.99,92.7,43.8,82.2,148.2,4.7
Maize,Madhya Pradesh,Rabi,2.86,250.0,30.2,52.2,7.57,79.1,20.8,66.4,148.8,4.65
Potato,West Bengal,Zaid,3.92,557.5,32.8,92.0,7.88,123.0,40.6,128.9,191.0,21.78
Potato,Karnataka,Kharif,4.46,1257.6,30.1,50.0,6.45,165.7,29.0,116.9,154.1,26.33
Wheat,Punjab,Zaid,9.04,1155.6,22.5,73.3,6.21,40.0,44.2,69.5,120.9,4.51
Groundnut,Maharashtra,Zaid,1.5,1309.1,,87.8,6.27,88.6,87.2,109.0,113.5,2.61
Rice,Madhya Pradesh,Zaid,1.67,835.1,29.4,64.6,6.83,121.8,72.2,54.1,81.8,4.09
Rice,Maharashtra,Rabi,3.08,657.2,27.0,57.3,7.53,158.7,33.0,72.6,127.1,3.88
Sugarcane,Haryana,Zaid,1.93,1377.7,33.9,62.4,6.23,114.3,78.7,46.3,143.6,97.07
Wheat,Gujarat,Rabi,3.93,619.9,29.3,63.8,6.35,129.5,92.7,133.6,120.8,4.41
Rice,Uttar Pradesh,Zaid,1.79,1075.3,37.1,62.8,6.18,90.1,73.9,114.4,119.7,4.42
Groundnut,Maharashtra,Kharif,3.32,,34.1,70.3,7.47,96.8,52.8,67.1,180.3,2.54
Cotton,West Bengal,Kharif,8.3,1363.1,37.8,75.0,7.01,122.7,95.6,111.7,71.5,2.77
Rice,Uttar Pradesh,Kharif,5.21,1110.7,18.3,82.4,7.36,140.8,59.1,116.8,174.3,4.9
Cotton,Madhya Pradesh,Rabi,7.32,1291.7,23.7,73.7,7.56,148.2,72.2,117.0,97.5,2.55
Pulses,Punjab,Kharif,3.86,250.0,16.3,76.8,6.9,79.9,25.6,124.9,159.8,1.74
Pulses,Tamil Nadu,Zaid,3.24,1014.1,26.5,57.5,6.05,104.0,38.8,115.5,134.4,1.57
Potato,West Bengal,Kharif,3.97,1054.3,33.8,,5.93,137.2,46.8,116.5,217.2,27.76
Groundnut,Gujarat,Zaid,1.28,919.1,,64.1,6.51,,58.0,134.5,134.6,2.27
Wheat,Karnataka,Zaid,8.75,1155.9,30.6,64.4,7.2,110.9,64.0,82.9,190.7,3.92
Cotton,Karnataka,Rabi,11.72,1155.5,34.3,60.1,6.89,94.3,17.5,130.0,155.9,2.43
Maize,Uttar Pradesh,Rabi,1.84,694.7,25.6,60.7,5.48,145.7,56.2,62.9,,5.05
Groundnut,Maharashtra,Kharif,1.51,852.5,27.0,58.7,6.46,103.0,54.3,136.1,145.5,2.86
Groundnut,West Bengal,Kharif,3.0,250.0,31.0,68.3,6.79,131.8,41.3,104.2,101.1,2.87
Wheat,Maharashtra,Rabi,9.95,745.9,32.4,58.2,5.91,128.8,23.8,119.7,102.3,3.81
Wheat,Punjab,Rabi,7.0,1011.8,30.1,63.4,6.19,153.1,85.0,80.9,167.1,4.68
Wheat,Maharashtra,Zaid,5.16,1359.5,39.6,77.6,6.69,41.1,66.8,89.7,213.1,3.39
Maize,Uttar Pradesh,Rabi,2.36,475.7,31.6,88.6,6.9,89.8,77.2,116.9,77.9,5.05
Sugarcane,Maharashtra,Zaid,7.81,504.6,29.2,92.8,6.61,106.4,44.3,138.5,215.1,89.05
Potato,Karnataka,Zaid,4.04,1189.2,21.4,59.6,6.7,144.1,20.8,99.7,88.1,20.57
Maize,Madhya Pradesh,Rabi,6.23,315.3,32.7,65.8,6.27,95.0,15.0,135.6,79.4,4.97
Maize,Uttar Pradesh,Zaid,1.28,948.9,24.3,72.4,7.08,177.7,42.7,137.1,160.4,5.3
Groundnut,West Bengal,Rabi,4.25,1105.3,17.4,81.0,7.06,172.0,60.6,92.2,168.0,3.01
Rice,Punjab,Kharif,7.44,967.2,30.6,88.4,7.8,79.6,104.6,103.7,118.4,5.03
Pulses,Punjab,Zaid,2.12,1434.4,15.1,66.6,7.02,121.2,79.5,47.2,70.6,1.49
Sugarcane,Haryana,Zaid,3.89,578.4,23.4,50.7,5.99,136.8,79.0,86.3,20.0,99.56
Sugarcane,Andhra Pradesh,Zaid,8.87,1182.0,27.0,78.3,6.18,136.2,86.1,118.6,103.7,88.53
Maize,Karnataka,Rabi,1.66,1311.9,37.3,49.4,6.35,121.8,82.3,94.0,207.8,5.05
Maize,Maharashtra,Kharif,2.16,913.3,24.0,66.6,6.41,92.4,50.5,105.7,64.9,4.63
Cotton,Uttar Pradesh,Rabi,9.36,250.0,25.6,74.0,6.46,47.3,39.8,50.8,70.9,2.41
Cotton,Haryana,Zaid,11.7,677.6,26.6,72.9,7.52,85.3,74.2,30.0,199.0,2.37
Pulses,Karnataka,Zaid,5.73,761.4,24.5,54.8,7.54,86.3,37.1,103.7,69.0,1.57
Groundnut,Gujarat,Kharif,2.46,625.4,25.4,77.8,6.81,168.1,24.0,134.7,221.5,2.69
Maize,Punjab,Rabi,5.53,347.2,33.2,85.6,6.17,76.9,89.4,106.0,50.2,4.94
Potato,Punjab,Kharif,1.98,824.5,25.6,72.1,7.9,152.4,34.7,98.7,178.3,31.05
Wheat,Punjab,Zaid,8.57,1264.0,21.5,73.3,5.83,138.8,56.1,86.3,83.5,4.18
Maize,Maharashtra,Kharif,2.5,1390.6,32.2,60.2,6.67,112.5,33.2,103.6,168.1,5.36
Rice,Maharashtra,Rabi,6.14,660.0,24.5,67.1,5.79,126.5,81.5,30.0,285.1,4.74
Groundnut,Andhra Pradesh,Kharif,3.68,867.7,24.9,66.8,7.36,138.0,58.9,131.5,38.5,2.93
Maize,Karnataka,Kharif,5.29,250.0,24.3,69.0,6.25,68.2,64.3,50.4,128.7,4.77
Maize,Maharashtra,Kharif,4.67,895.7,26.3,50.9,5.94,54.2,75.8,85.0,135.1,5.13
Sugarcane,Tamil Nadu,Zaid,5.35,780.4,30.1,73.1,6.37,173.4,46.3,30.0,152.7,93.95
Maize,Haryana,Rabi,2.04,1093.3,26.6,73.2,6.74,40.0,58.9,90.2,239.7,5.63
Groundnut,Tamil Nadu,Kharif,2.71,981.6,15.0,44.4,5.8,136.0,33.5,92.4,159.7,2.81
Potato,Uttar Pradesh,Kharif,0.65,484.4,25.7,47.1,7.69,108.7,63.8,47.9,300.0,28.56
Maize,Karnataka,Zaid,5.96,585.9,32.4,93.0,6.46,110.8,63.0,54.4,85.8,4.14
Sugarcane,West Bengal,Kharif,5.02,807.0,31.0,39.0,6.36,107.2,55.7,113.6,108.1,82.63
Wheat,Punjab,Rabi,8.68,622.3,34.7,83.4,6.68,81.1,59.3,117.1,128.1,4.5
Wheat,Punjab,Kharif,6.46,654.0,28.9,65.9,6.03,212.9,38.3,133.9,147.6,4.51
Potato,Maharashtra,Kharif,4.26,477.2,26.6,74.5,6.99,89.9,58.6,49.9,183.1,26.23
Potato,Punjab,Rabi,3.69,553.2,15.6,79.2,6.17,99.7,56.3,84.5,127.7,25.87
Rice,Maharashtra,Zaid,3.1,980.0,26.5,67.5,5.84,205.5,101.6,145.2,229.7,4.1
Potato,Andhra Pradesh,Zaid,1.48,1066.2,40.0,63.8,6.33,179.0,35.0,113.1,199.7,24.54
Rice,West Bengal,Kharif,3.98,655.9,26.3,42.2,7.97,97.8,49.7,118.5,200.0,4.53
Wheat,Andhra Pradesh,Zaid,4.26,616.5,31.5,63.0,7.35,191.3,62.8,89.4,160.6,4.16
Groundnut,Uttar Pradesh,Kharif,2.14,455.9,26.2,67.6,5.86,40.0,73.7,67.6,140.3,2.37
Pulses,Karnataka,Rabi,6.36,1211.5,16.1,58.4,6.65,139.4,57.1,81.0,146.6,1.8
Sugarcane,Maharashtra,Kharif,3.69,302.2,32.1,59.7,7.07,120.0,21.9,120.2,20.0,81.99
Pulses,West Bengal,Zaid,5.95,1025.9,33.8,67.8,6.68,159.4,49.5,117.1,204.3,1.84
Groundnut,Haryana,Rabi,2.13,826.4,17.6,80.2,6.08,143.1,65.7,41.1,221.1,3.14
Maize,Gujarat,Rabi,1.53,745.1,31.1,69.6,6.16,62.0,112.6,103.2,85.1,4.52
Maize,Andhra Pradesh,Rabi,1.98,1250.0,32.3,64.2,6.49,107.8,28.8,83.1,209.8,4.76
Pulses,Andhra Pradesh,Kharif,1.32,1472.1,32.8,65.5,6.44,130.1,56.0,110.6,226.3,1.53
Wheat,Tamil Nadu,Rabi,7.71,510.2,29.0,81.0,6.04,119.0,69.7,97.3,94.2,4.39
Maize,Tamil Nadu,Rabi,5.12,561.2,23.0,95.0,5.97,144.6,61.5,74.0,,5.02
Maize,Karnataka,Kharif,4.59,738.2,28.3,68.1,8.14,200.7,47.8,122.3,63.6,5.29
Rice,Madhya Pradesh,Kharif,5.27,1074.4,29.1,57.1,6.24,158.3,43.4,159.2,137.5,4.82
Potato,Gujarat,Zaid,2.64,1534.2,26.0,56.7,7.6,160.2,45.4,97.6,40.9,23.79
Pulses,Andhra Pradesh,Kharif,3.87,250.0,34.8,47.8,7.59,117.1,72.9,169.3,119.2,1.63
Maize,Tamil Nadu,Rabi,3.91,573.7,23.5,62.6,6.29,169.9,58.8,96.0,264.7,5.37
Rice,Punjab,Rabi,3.02,1049.3,28.9,68.5,7.36,40.0,77.3,127.2,126.5,4.72
Rice,Tamil Nadu,Kharif,3.67,793.8,28.0,49.4,5.81,136.9,75.9,77.5,136.4,4.91
Sugarcane,Punjab,Kharif,2.37,627.2,29.2,78.6,7.84,129.6,45.6,30.0,121.3,95.87
Cotton,Tamil Nadu,Zaid,9.15,582.6,33.7,62.8,7.44,69.8,76.4,101.3,168.2,2.23
Sugarcane,Haryana,Kharif,3.92,870.7,26.7,56.6,7.53,194.1,40.9,84.0,207.7,111.45
Maize,Andhra Pradesh,Zaid,1.09,520.2,26.1,78.2,6.74,98.1,40.1,109.1,192.1,4.56
Cotton,West Bengal,Zaid,9.57,891.3,23.8,68.6,5.24,95.2,15.0,106.8,153.7,2.39
Cotton,Punjab,Zaid,3.37,1335.3,26.0,65.6,,126.4,15.0,91.0,80.3,2.39
Rice,Gujarat,Zaid,7.99,924.2,26.9,72.4,6.78,181.9,23.6,171.3,135.2,4.02
Maize,Punjab,Zaid,5.01,590.9,32.4,39.3,6.09,138.6,18.9,40.9,134.3,5.02
Potato,Karnataka,Zaid,2.63,868.7,30.2,37.0,6.45,128.7,58.6,107.1,191.6,24.87
Rice,Haryana,Zaid,5.97,719.8,24.1,48.8,6.23,179.9,37.3,76.4,119.1,4.96
Cotton,Karnataka,Zaid,8.68,1034.6,25.9,65.4,6.12,124.2,66.1,64.5,55.4,2.1
Potato,Uttar Pradesh,Kharif,2.31,867.0,21.2,78.3,6.61,143.0,17.4,134.4,77.7,27.59
Rice,Tamil Nadu,Rabi,7.22,250.0,25.5,79.3,7.38,165.6,72.1,109.4,159.2,4.79
Wheat,Karnataka,Kharif,7.05,787.3,26.1,72.5,6.71,157.8,73.8,101.6,123.2,4.07
Wheat,Tamil Nadu,Kharif,4.66,850.5,17.3,73.6,6.26,71.6,47.4,156.1,191.2,4.43
Maize,Maharashtra,Zaid,4.53,251.7,25.9,79.6,7.63,133.3,42.4,114.3,171.0,4.28
Wheat,Gujarat,Rabi,6.11,348.4,27.8,53.1,,130.7,66.6,113.3,51.0,3.93
Wheat,Tamil Nadu,Zaid,4.98,352.2,24.1,62.9,6.07,118.2,59.7,69.4,170.2,3.99
Groundnut,Tamil Nadu,Rabi,1.2,874.9,34.5,73.3,7.89,113.1,52.3,106.6,199.6,3.03
Pulses,Gujarat,Kharif,2.5,1220.0,23.3,63.6,5.73,131.2,92.8,109.1,20.0,1.76
Cotton,Tamil Nadu,Rabi,5.4,1107.3,34.9,60.3,6.82,60.8,38.1,104.6,114.9,2.63
Rice,Karnataka,Zaid,3.65,766.6,29.6,40.6,7.03,138.7,44.5,55.7,200.4,4.12
Wheat,Haryana,Zaid,8.5,939.9,29.2,59.3,7.67,190.4,22.7,152.8,104.6,4.21
Maize,Tamil Nadu,Kharif,3.31,802.5,32.0,78.3,6.24,86.9,68.4,125.6,224.1,5.27
Sugarcane,West Bengal,Rabi,3.54,902.8,25.9,66.7,6.69,56.4,71.8,129.5,143.5,99.44
Wheat,Gujarat,Kharif,5.18,583.9,29.5,72.2,6.65,140.6,78.7,138.8,138.9,4.59
Groundnut,Andhra Pradesh,Zaid,2.18,,,76.9,7.96,81.0,63.2,66.9,153.1,2.52
Cotton,Tamil Nadu,Zaid,6.28,535.5,24.8,63.3,7.77,91.8,97.9,77.3,201.2,2.1
Rice,Andhra Pradesh,Zaid,2.31,448.4,23.1,79.2,6.76,155.0,71.8,75.8,198.6,3.73
Wheat,Andhra Pradesh,Kharif,8.48,1514.3,24.8,70.3,6.78,163.4,67.7,39.5,100.5,4.29
Pulses,Maharashtra,Zaid,2.73,1109.6,,68.7,6.95,94.1,52.8,111.9,145.6,1.59
Pulses,Tamil Nadu,Rabi,1.99,838.2,26.8,75.0,6.62,63.2,41.7,71.8,107.3,1.84
Maize,Maharashtra,Kharif,5.83,1026.1,32.3,67.9,7.15,153.5,44.1,91.3,177.5,4.58
Pulses,Karnataka,Kharif,5.45,1045.4,23.3,74.2,6.27,182.9,72.7,145.2,26.1,1.73
Cotton,Haryana,Kharif,2.1,896.6,30.2,56.3,6.49,45.9,57.6,88.2,149.5,2.6
Rice,Haryana,Kharif,7.73,1419.2,34.0,55.8,5.68,121.8,46.6,94.9,133.7,5.37
Rice,Andhra Pradesh,Kharif,7.64,757.8,32.1,62.2,6.68,152.4,70.6,99.3,128.6,5.09
Groundnut,Tamil Nadu,Rabi,4.74,433.6,23.7,84.3,6.78,214.6,71.8,68.3,150.2,2.67
Wheat,Uttar Pradesh,Rabi,2.71,1036.7,27.5,57.3,6.34,160.6,15.0,97.0,241.2,4.42
Cotton,Maharashtra,Rabi,4.53,732.3,22.3,55.6,5.31,173.7,39.4,82.8,152.6,2.37
Maize,Maharashtra,Rabi,5.5,554.0,15.0,70.1,,113.4,71.5,162.6,169.4,4.96
Pulses,Gujarat,Rabi,5.83,1303.1,33.8,69.4,7.0,71.5,61.7,83.2,60.6,1.65
Rice,Tamil Nadu,Rabi,4.07,629.1,27.2,88.9,5.45,61.6,105.8,67.6,258.6,4.67
Maize,Karnataka,Zaid,2.82,561.0,24.0,58.0,5.82,91.2,57.0,72.5,128.0,4.54
Rice,Uttar Pradesh,Kharif,1.16,710.4,21.9,88.4,8.2,148.4,71.8,73.6,224.8,4.82
Maize,Karnataka,Kharif,2.44,1027.5,24.3,67.1,5.52,110.4,84.1,96.4,57.3,5.02
Rice,Madhya Pradesh,Kharif,3.36,1086.6,30.1,68.9,5.65,154.4,15.0,53.2,148.3,4.14
Wheat,Uttar Pradesh,Rabi,5.48,715.9,31.7,79.9,6.74,149.3,48.4,73.3,211.4,4.39
Cotton,Uttar Pradesh,Kharif,2.37,847.1,28.1,39.4,7.1,101.5,65.3,108.7,116.7,2.55
Rice,Maharashtra,Zaid,7.05,1155.4,29.7,68.8,5.63,212.2,81.1,45.2,170.5,4.56
Wheat,Gujarat,Rabi,5.9,899.8,23.7,59.7,6.68,147.1,36.8,45.9,72.9,4.15
Groundnut,Gujarat,Kharif,3.01,814.0,19.5,73.8,5.28,172.9,67.5,135.9,171.0,2.63
Cotton,Maharashtra,Rabi,6.05,763.9,22.1,56.4,6.04,61.3,45.0,137.4,232.1,2.42
Cotton,West Bengal,Zaid,7.4,880.9,31.8,76.1,7.72,118.6,31.4,117.4,187.3,2.42
Groundnut,Tamil Nadu,Kharif,5.05,932.9,27.6,61.3,7.22,121.4,29.8,57.2,174.3,2.88
Groundnut,Gujarat,Kharif,4.63,655.7,29.6,79.6,5.57,182.6,85.2,94.8,215.2,2.88
Rice,Uttar Pradesh,Kharif,4.89,1037.7,36.0,66.5,6.51,40.0,76.6,133.2,205.4,
Potato,Gujarat,Kharif,2.77,,27.0,75.6,5.85,118.3,37.0,103.1,190.0,28.63
Sugarcane,Tamil Nadu,Rabi,3.69,1380.8,19.2,95.0,6.15,46.9,60.0,152.3,93.4,98.38
Rice,Gujarat,Zaid,5.44,1015.6,23.9,74.0,6.43,173.8,68.0,88.8,44.5,4.03
Rice,Tamil Nadu,Kharif,4.31,753.3,22.5,72.7,5.99,93.2,59.9,131.7,150.6,4.55
Rice,Tamil Nadu,Rabi,1.12,525.7,15.0,64.9,7.37,124.2,58.3,81.1,85.8,4.8
Sugarcane,Andhra Pradesh,Kharif,3.15,1434.2,25.4,73.8,6.44,106.1,104.0,150.1,157.6,104.6
Wheat,Punjab,Zaid,3.03,1237.9,32.6,77.7,6.54,70.1,74.9,76.7,239.2,4.05
Maize,Gujarat,Kharif,2.91,597.1,24.9,57.7,6.85,136.2,24.6,104.5,124.2,4.82
Rice,Madhya Pradesh,Rabi,6.28,1234.7,22.5,81.5,6.07,163.1,53.4,107.8,198.8,4.49
Groundnut,Haryana,Kharif,5.93,808.0,25.3,79.6,6.01,171.6,54.3,125.1,101.1,3.17
Cotton,Haryana,Rabi,2.9,250.0,17.3,88.5,7.39,117.5,42.8,81.0,155.5,2.49
Maize,Uttar Pradesh,Rabi,3.18,,33.6,68.0,7.35,56.9,63.2,91.7,93.9,5.01
Rice,West Bengal,Rabi,5.35,907.3,33.2,59.6,7.4,58.8,95.4,92.4,176.7,4.49
Rice,Punjab,Kharif,4.24,730.4,26.7,70.5,6.66,203.1,53.9,37.0,144.4,5.21
Rice,Punjab,Zaid,3.86,1130.9,31.7,81.0,5.87,75.6,67.0,123.9,134.1,4.5
Potato,Punjab,Rabi,4.18,1068.2,19.0,76.5,7.61,41.6,33.0,85.8,136.7,27.85
Potato,Maharashtra,Rabi,2.22,1156.2,25.0,73.1,6.15,189.7,76.6,99.7,106.3,24.82
Sugarcane,Uttar Pradesh,Kharif,8.24,1120.0,34.6,57.1,7.17,111.6,46.1,104.5,157.8,104.44
Groundnut,Punjab,Kharif,1.97,1294.9,31.4,60.9,6.6,74.2,28.4,155.4,150.3,3.13
Potato,Karnataka,Rabi,2.78,653.7,40.0,64.7,6.11,86.4,69.7,79.3,141.2,24.57
Groundnut,Andhra Pradesh,Zaid,5.56,453.1,26.8,67.1,6.49,131.7,76.7,35.7,222.2,2.67
Groundnut,Andhra Pradesh,Rabi,2.21,416.7,28.3,57.0,7.71,199.8,86.0,73.2,146.4,2.76
Groundnut,Andhra Pradesh,Kharif,1.61,1260.5,39.1,61.8,7.11,95.9,53.0,117.4,214.5,2.76
Pulses,Haryana,Rabi,5.56,929.1,26.8,71.7,7.21,128.7,56.4,76.4,86.6,1.85
Rice,West Bengal,Kharif,5.65,921.1,28.1,72.1,5.72,121.5,57.4,74.1,147.0,4.5
Rice,Andhra Pradesh,Kharif,2.88,329.2,30.3,88.8,5.89,131.4,19.3,156.0,177.9,4.24
Maize,Madhya Pradesh,Zaid,2.4,1280.2,31.9,39.6,5.79,122.2,46.3,106.8,152.1,4.79
Pulses,Andhra Pradesh,Rabi,6.35,865.1,30.0,76.5,6.66,121.7,58.4,130.4,158.6,1.8
Groundnut,Andhra Pradesh,Rabi,5.58,517.0,26.0,80.7,7.62,94.0,87.3,115.7,195.7,2.99
Rice,Gujarat,Rabi,3.2,406.5,22.8,76.1,6.81,40.0,15.0,78.9,226.2,4.03
Potato,Madhya Pradesh,Zaid,1.15,1108.1,22.5,66.7,6.59,125.3,56.8,131.7,200.5,24.19
Rice,Karnataka,Zaid,5.53,540.5,26.7,70.0,6.72,122.4,51.5,129.3,123.3,4.25
Potato,Haryana,Kharif,0.58,1102.6,34.0,60.7,6.1,184.9,53.3,52.1,223.2,30.42
Pulses,Andhra Pradesh,Rabi,2.97,715.2,15.5,81.7,6.73,91.0,39.5,145.1,170.9,1.75
Sugarcane,West Bengal,Zaid,6.41,1315.0,21.9,63.0,6.97,123.2,68.1,129.3,183.6,92.48
Wheat,West Bengal,Zaid,2.14,1220.9,20.7,88.2,5.52,90.0,55.1,121.4,168.1,3.79
Rice,Tamil Nadu,Zaid,6.8,930.5,22.8,77.8,6.29,118.4,48.1,112.8,89.1,3.92
Pulses,Madhya Pradesh,Kharif,6.09,883.7,30.1,62.7,5.08,115.7,43.5,101.2,226.1,1.88
Cotton,Tamil Nadu,Zaid,11.58,,29.9,76.4,6.59,161.0,22.2,30.0,222.6,2.41
Maize,Gujarat,Rabi,3.71,1061.1,22.4,74.0,6.47,120.4,81.2,129.4,78.3,5.12
Pulses,Punjab,Rabi,4.85,453.6,29.7,72.3,7.26,147.8,26.2,98.7,90.6,1.79
Groundnut,Uttar Pradesh,Zaid,4.53,1348.4,27.4,78.8,5.65,67.3,36.5,145.5,212.6,2.72
Potato,Andhra Pradesh,Kharif,1.12,836.6,21.6,68.7,7.32,160.6,32.0,165.4,91.1,25.18
Sugarcane,Haryana,Zaid,5.52,474.3,21.9,75.0,7.26,60.3,53.8,95.7,113.7,92.54
Rice,Maharashtra,Zaid,6.19,896.9,24.2,87.9,6.52,130.4,60.3,61.0,193.2,4.36
Sugarcane,Andhra Pradesh,Rabi,3.22,937.5,27.3,68.7,6.12,135.4,45.0,94.3,145.8,92.23
Sugarcane,Tamil Nadu,Zaid,7.11,1153.8,17.7,92.5,6.98,160.0,50.7,105.3,196.5,86.52
Cotton,West Bengal,Rabi,11.28,795.9,27.9,73.4,6.21,43.2,20.7,72.0,181.7,2.77
Sugarcane,Tamil Nadu,Zaid,6.32,1258.7,28.2,73.1,6.51,62.8,53.9,103.4,20.0,91.74
Potato,West Bengal,Zaid,3.11,848.2,20.8,75.9,6.71,131.5,55.4,125.4,107.8,23.83
Maize,Maharashtra,Zaid,5.01,637.5,25.6,60.5,7.25,69.4,33.6,155.4,249.7,4.06
Potato,West Bengal,Rabi,1.12,1147.5,24.1,76.1,7.81,106.1,56.6,85.0,115.3,25.62
Pulses,West Bengal,Zaid,3.08,633.3,28.6,65.6,6.95,142.9,50.1,141.5,118.9,1.52
Wheat,Madhya Pradesh,Rabi,7.26,927.2,20.1,62.4,5.64,125.7,61.6,107.2,178.8,4.16
Rice,Gujarat,Kharif,6.62,538.0,29.4,74.2,7.32,137.6,48.0,115.9,133.1,4.24
Pulses,Tamil Nadu,Zaid,6.72,816.6,20.2,69.3,,55.5,20.7,80.9,105.2,1.55
Rice,Andhra Pradesh,Kharif,3.35,1138.1,34.6,77.8,7.63,111.3,43.9,61.8,125.4,4.45
Potato,Gujarat,Rabi,1.42,307.5,29.1,64.6,7.03,157.0,65.7,83.3,272.5,27.37
Pulses,Haryana,Rabi,6.46,977.3,35.6,61.1,7.11,46.0,52.4,111.5,152.0,1.91
Sugarcane,Karnataka,Zaid,1.36,1172.4,21.7,86.4,8.08,158.5,63.0,72.3,106.2,82.69
Groundnut,Tamil Nadu,Kharif,2.82,550.4,26.6,59.8,6.63,160.8,15.0,115.0,252.6,3.13
Wheat,Haryana,Rabi,6.71,1088.6,28.0,54.8,6.83,177.9,58.9,119.7,168.7,4.57
Groundnut,Gujarat,Zaid,1.51,1127.6,22.8,74.5,7.53,179.4,38.9,100.4,141.2,2.68
Wheat,Maharashtra,Zaid,3.29,507.6,31.1,65.9,7.46,154.0,77.6,74.2,179.3,3.02
Rice,Punjab,Rabi,2.07,1167.3,17.0,88.1,7.23,195.6,48.9,96.1,100.0,4.67
Potato,Andhra Pradesh,Rabi,2.47,1094.8,25.5,68.8,6.57,74.7,95.0,44.4,46.0,27.61
Pulses,Haryana,Zaid,3.11,1050.1,29.6,70.6,6.67,180.4,60.4,123.9,157.6,1.75
Wheat,Maharashtra,Zaid,1.64,813.2,23.7,76.3,6.37,148.2,49.9,39.0,130.7,3.8
Cotton,Punjab,Rabi,6.11,893.8,34.0,66.2,6.43,97.3,65.9,85.8,201.7,2.85
Groundnut,Punjab,Rabi,1.48,1303.2,26.9,65.5,7.56,154.4,81.5,129.3,104.8,3.22
Sugarcane,Punjab,Rabi,6.02,879.7,25.5,69.5,6.31,135.9,85.3,68.9,200.5,107.1
Sugarcane,Andhra Pradesh,Rabi,3.64,804.7,26.6,52.2,6.96,163.3,55.6,47.5,142.5,94.73
Groundnut,Punjab,Kharif,2.83,1160.2,30.0,68.0,6.62,178.5,67.5,131.2,154.1,3.2
Rice,Gujarat,Kharif,2.36,1043.4,28.4,72.2,6.92,75.3,42.8,88.6,187.0,4.74
Sugarcane,West Bengal,Zaid,6.54,1288.7,16.7,63.7,6.91,111.6,53.5,110.3,181.6,90.11
Cotton,Madhya Pradesh,Rabi,9.69,888.7,36.7,64.3,8.1,173.2,69.9,149.9,105.9,2.54
Pulses,West Bengal,Kharif,1.36,1156.7,31.0,72.0,6.3,140.1,38.7,154.8,132.2,1.84
Sugarcane,Andhra Pradesh,Kharif,6.85,842.1,15.0,92.9,5.89,177.1,33.5,176.4,89.1,109.56
Potato,Haryana,Kharif,0.58,607.4,29.2,56.9,6.72,170.4,53.4,142.9,122.1,27.88
Maize,Madhya Pradesh,Rabi,6.79,905.5,26.9,59.7,6.14,172.8,41.9,51.6,117.8,4.56
Groundnut,Uttar Pradesh,Kharif,4.16,789.1,32.3,63.8,5.93,199.6,41.1,107.8,91.4,2.96
Sugarcane,Tamil Nadu,Rabi,2.55,843.2,21.0,85.1,6.66,106.2,68.3,90.2,182.9,91.56
Maize,Gujarat,Kharif,1.82,767.4,32.4,62.2,8.2,223.8,90.8,193.3,154.4,5.58
Potato,West Bengal,Kharif,0.9,610.2,23.0,54.8,6.1,52.9,90.3,62.8,114.1,27.41
Groundnut,Haryana,Zaid,2.78,855.3,27.1,90.9,6.55,76.5,52.1,69.4,98.6,3.13
Cotton,Tamil Nadu,Rabi,11.48,803.1,28.9,62.0,7.12,72.0,74.6,87.9,20.0,2.8
Rice,West Bengal,Rabi,5.25,662.1,24.5,47.2,5.93,172.6,47.3,163.7,47.8,4.34
Potato,West Bengal,Kharif,1.69,590.3,27.0,88.7,7.31,68.9,56.2,95.8,189.6,27.7
Cotton,Gujarat,Kharif,6.69,438.4,27.6,51.2,7.09,118.3,50.4,95.9,111.9,2.63
Maize,Uttar Pradesh,Rabi,3.1,1651.0,30.8,46.8,7.63,188.0,28.2,66.0,177.6,4.55
Groundnut,Andhra Pradesh,Kharif,3.71,660.5,27.9,38.9,6.67,113.8,22.2,,160.2,2.97
Rice,Haryana,Rabi,2.28,540.9,15.1,70.2,7.91,88.4,53.9,104.9,78.8,4.81
Cotton,Maharashtra,Kharif,3.19,825.5,22.4,75.3,6.23,122.4,55.7,72.5,211.0,2.69
Maize,Tamil Nadu,Rabi,1.16,1050.8,28.2,65.1,7.47,103.3,42.2,104.6,177.5,5.29
Wheat,West Bengal,Zaid,8.35,1228.0,28.4,75.8,6.58,69.6,64.2,56.9,49.3,3.78
Maize,Gujarat,Kharif,2.28,703.8,26.6,60.6,7.26,178.2,16.6,169.8,155.8,5.29
Groundnut,Haryana,Kharif,1.65,1016.0,25.8,79.5,5.35,146.0,66.5,67.1,98.4,3.14
Pulses,Andhra Pradesh,Kharif,1.69,1087.6,26.0,78.9,7.35,169.7,77.5,85.0,219.3,1.9
Sugarcane,Andhra Pradesh,Rabi,3.42,715.2,36.0,74.3,6.76,119.4,39.3,73.9,87.0,92.72
Potato,Haryana,Zaid,4.18,1060.3,32.2,88.0,7.5,62.7,15.0,127.7,137.1,25.95
Groundnut,West Bengal,Zaid,2.11,726.1,27.4,70.0,7.1,165.1,17.0,58.1,195.4,2.55
Groundnut,West Bengal,Rabi,5.4,785.6,19.5,90.7,6.3,127.1,49.4,115.0,268.0,2.98
Rice,Uttar Pradesh,Zaid,4.98,1424.5,23.4,58.7,7.32,196.8,65.6,137.7,114.3,4.13
Potato,West Bengal,Kharif,4.87,1103.7,21.3,73.9,7.22,77.5,89.8,135.1,46.2,27.23
Wheat,Haryana,Kharif,3.48,1097.3,30.5,69.7,6.09,149.1,47.4,119.6,212.7,4.52
Maize,Madhya Pradesh,Zaid,1.02,697.1,32.2,86.7,6.94,140.0,29.6,93.5,148.8,3.8
Wheat,Maharashtra,Rabi,1.26,1070.8,38.8,61.2,4.85,91.9,48.0,140.3,177.4,3.87
Potato,Maharashtra,Rabi,4.2,422.1,26.3,55.8,6.34,109.9,27.3,93.0,78.1,25.04
Groundnut,Tamil Nadu,Kharif,4.03,808.9,26.8,68.5,6.62,158.2,92.3,157.3,174.2,3.24
Maize,Gujarat,Kharif,1.5,439.3,30.9,94.9,6.47,148.1,69.9,117.0,259.2,4.84
Wheat,West Bengal,Zaid,4.65,1342.4,26.4,49.4,7.4,129.3,70.8,100.7,143.9,4.4
Groundnut,Haryana,Rabi,1.51,380.6,30.8,74.6,6.8,153.0,24.8,73.9,177.7,3.03
Maize,Maharashtra,Rabi,6.97,1331.4,28.2,66.2,6.87,213.6,40.2,100.1,98.1,4.95
Rice,Gujarat,Kharif,7.48,416.7,24.8,73.4,6.27,111.6,61.5,121.0,152.9,4.91
Rice,Madhya Pradesh,Zaid,6.68,1209.2,21.2,89.0,7.91,141.7,32.5,75.8,96.6,4.09
Cotton,Tamil Nadu,Rabi,4.76,937.6,31.8,64.1,6.95,153.2,58.4,100.7,,2.62
Maize,Madhya Pradesh,Zaid,1.66,696.6,24.9,68.9,5.26,109.6,38.8,103.3,25.6,4.58
Cotton,Haryana,Zaid,2.57,943.0,32.0,44.3,5.96,193.0,20.9,96.7,187.1,2.53
Groundnut,Maharashtra,Rabi,5.14,1355.4,27.4,71.0,6.02,104.8,72.7,105.3,156.3,2.73
Rice,Gujarat,Zaid,3.63,1269.2,34.4,79.2,5.87,166.2,32.8,148.1,175.8,4.14
Cotton,Haryana,Zaid,10.27,1319.6,30.2,74.2,6.03,147.4,79.3,77.5,106.1,2.35
Rice,Haryana,Zaid,5.65,428.7,24.8,48.6,6.36,183.3,50.9,48.2,239.4,4.63
Wheat,Gujarat,Rabi,8.83,584.4,26.9,66.4,5.56,207.7,40.6,99.0,,4.27
Potato,Gujarat,Kharif,4.86,1174.7,21.3,56.1,7.17,119.8,54.2,53.1,165.0,25.88
Wheat,West Bengal,Kharif,3.95,521.4,32.0,50.3,7.41,106.9,37.5,144.3,59.0,4.1
Maize,Haryana,Kharif,4.9,1105.7,33.0,55.6,5.92,114.2,76.0,118.4,125.0,5.61
Groundnut,Andhra Pradesh,Rabi,1.19,794.2,21.6,80.6,6.7,93.2,47.1,39.7,113.6,2.82
Cotton,West Bengal,Zaid,5.58,1079.7,28.8,,6.83,158.4,71.0,43.2,80.6,2.47
Maize,Uttar Pradesh,Rabi,5.41,1021.7,29.6,81.6,6.5,143.1,84.2,122.7,149.5,5.62
Maize,Punjab,Rabi,3.42,810.6,21.6,78.6,6.73,172.2,75.3,144.6,89.3,5.72
Rice,Punjab,Kharif,1.31,746.6,25.6,89.4,5.27,164.5,73.9,138.5,191.3,5.25
Maize,Gujarat,Kharif,3.84,776.2,26.0,68.4,6.76,91.2,79.4,119.4,63.6,5.6
Maize,Andhra Pradesh,Rabi,2.23,1119.0,19.3,53.7,6.75,,45.2,30.0,137.2,4.53
Sugarcane,Haryana,Zaid,7.01,586.5,,57.8,7.09,207.1,58.9,99.1,118.2,82.93
Rice,Tamil Nadu,Zaid,1.85,646.0,19.5,67.9,7.73,64.3,46.6,109.5,103.4,4.15
Wheat,Haryana,Rabi,3.26,1153.2,28.8,56.6,7.15,128.7,41.5,,183.2,4.65
Sugarcane,Karnataka,Kharif,8.55,773.2,20.9,52.3,6.2,183.5,65.0,69.6,173.4,99.88
Groundnut,Haryana,Kharif,5.46,471.6,28.1,57.1,5.65,71.3,72.0,152.0,118.2,2.99
Potato,Haryana,Rabi,4.07,1765.3,39.2,75.8,6.48,107.1,23.6,108.0,35.1,27.05
Rice,Uttar Pradesh,Kharif,1.87,1116.2,24.8,57.6,8.2,207.3,84.1,122.4,70.3,4.74
Sugarcane,Uttar Pradesh,Zaid,6.29,997.5,20.9,53.6,6.05,158.8,55.7,130.9,93.1,103.8
Potato,Maharashtra,Kharif,0.94,1032.5,31.9,78.7,7.46,120.8,70.5,119.1,124.6,28.25
Pulses,Tamil Nadu,Kharif,4.22,1200.1,29.3,72.8,6.81,77.7,57.5,75.1,107.7,1.75
Pulses,West Bengal,Rabi,6.39,677.0,27.7,75.8,7.56,118.0,65.7,61.6,244.8,1.89
Rice,Haryana,Kharif,4.03,1373.9,36.6,61.3,7.36,137.3,76.9,37.0,123.9,5.26
Sugarcane,Karnataka,Zaid,7.5,878.2,27.1,63.8,6.21,136.8,49.0,143.6,172.6,86.3
Maize,West Bengal,Kharif,4.45,250.0,25.0,73.4,5.3,131.2,72.3,130.7,34.1,4.86
Potato,Karnataka,Zaid,1.98,1544.8,20.4,75.4,6.56,79.5,56.8,85.4,50.2,25.25
Rice,Karnataka,Zaid,1.88,1379.7,31.8,70.5,6.55,140.0,69.0,112.6,100.1,3.5
Groundnut,West Bengal,Zaid,4.07,1016.8,31.7,66.6,7.12,84.4,68.9,60.7,92.3,2.58
Rice,Madhya Pradesh,Kharif,7.41,1648.3,29.9,72.8,7.05,177.6,68.2,127.0,157.3,4.32
Maize,Tamil Nadu,Rabi,6.31,511.9,26.7,65.7,7.27,99.3,48.2,135.5,134.8,4.91
Potato,Madhya Pradesh,Kharif,1.69,1097.1,35.4,55.6,6.03,128.5,71.9,88.7,107.8,24.72
Wheat,Punjab,Rabi,1.05,1093.2,27.6,48.1,6.43,177.6,40.4,119.2,161.1,4.55
Potato,Karnataka,Kharif,2.94,1125.5,32.9,,6.91,132.9,44.2,194.3,157.5,26.7
Groundnut,Maharashtra,Kharif,3.37,1304.2,27.6,67.4,7.08,138.6,70.5,147.8,121.4,2.71
Sugarcane,Karnataka,Zaid,4.86,1354.7,32.6,71.1,6.69,155.9,65.4,85.2,166.5,76.04
Rice,Madhya Pradesh,Rabi,2.79,765.0,28.7,61.6,7.2,131.5,57.0,121.6,93.1,4.21
Potato,Uttar Pradesh,Rabi,3.83,1223.5,28.3,79.5,7.29,119.4,41.6,104.2,213.1,29.21
Groundnut,Madhya Pradesh,Zaid,1.63,834.6,24.1,62.5,7.14,175.6,69.3,90.2,98.3,2.67
Wheat,Karnataka,Kharif,2.4,1128.8,29.8,70.4,7.18,140.7,56.4,124.7,128.1,4.21
Rice,Maharashtra,Kharif,7.73,1130.2,22.6,65.4,6.06,111.6,46.6,148.4,184.0,4.85
Wheat,Tamil Nadu,Kharif,6.82,450.3,27.2,45.4,6.4,92.3,60.4,154.6,151.6,4.73
Groundnut,Maharashtra,Kharif,4.04,941.1,29.6,76.0,6.42,113.4,17.6,114.6,107.7,2.77
Pulses,Maharashtra,Rabi,1.04,558.0,26.2,43.9,5.8,120.8,31.9,95.9,215.2,1.9
Sugarcane,Haryana,Kharif,3.64,1385.1,17.9,72.7,6.09,40.0,37.8,75.4,208.4,96.6
Potato,Maharashtra,Rabi,0.64,939.3,20.4,70.4,6.33,140.0,44.5,148.8,73.7,23.84
Groundnut,Gujarat,Zaid,2.53,1363.6,37.6,84.8,6.58,59.9,62.1,,125.8,2.26
Wheat,Punjab,Kharif,9.1,762.8,26.8,77.2,5.79,187.0,56.2,37.4,131.5,4.14
Wheat,Andhra Pradesh,Zaid,5.71,1392.8,23.7,63.7,7.32,140.3,38.2,90.3,169.7,3.71
Groundnut,Maharashtra,Zaid,4.91,795.6,22.1,67.4,6.2,57.3,55.8,175.7,173.7,2.43
Rice,Karnataka,Rabi,3.73,461.5,27.6,72.2,6.2,85.1,31.6,153.5,131.6,4.52
Maize,Tamil Nadu,Kharif,4.65,994.3,29.7,93.1,7.61,163.0,60.1,91.7,86.0,5.38
Pulses,Punjab,Zaid,6.37,547.5,23.6,35.3,7.28,126.2,49.1,83.8,199.4,1.71
Cotton,Andhra Pradesh,Zaid,7.55,651.3,36.6,74.7,8.01,55.6,15.0,152.6,195.0,2.24
Groundnut,Gujarat,Rabi,1.88,1099.6,31.5,52.7,5.58,85.2,57.5,93.4,106.8,2.82
Potato,Maharashtra,Zaid,1.42,1020.3,25.5,41.0,7.27,132.7,21.7,124.1,199.7,21.68
Cotton,Gujarat,Kharif,3.05,1029.3,30.1,58.3,6.3,142.3,85.5,54.8,169.5,2.66
Sugarcane,Maharashtra,Rabi,1.6,314.8,23.2,76.7,7.15,152.1,67.2,120.9,146.5,91.34
Sugarcane,Maharashtra,Zaid,1.66,844.5,24.2,60.3,6.11,140.2,22.9,54.5,152.5,90.71
Maize,Uttar Pradesh,Kharif,1.93,834.5,34.1,65.9,5.05,196.5,82.7,139.6,149.3,5.24
Wheat,West Bengal,Rabi,1.1,272.7,24.7,69.4,7.47,68.2,83.8,75.1,148.0,4.02
Maize,Haryana,Zaid,6.11,1025.7,22.6,57.1,5.2,60.3,59.1,120.2,175.4,4.96
Potato,Andhra Pradesh,Zaid,4.75,498.1,36.0,79.7,7.39,118.9,49.3,61.6,126.7,21.47
Sugarcane,Andhra Pradesh,Zaid,5.36,935.8,31.7,52.5,7.69,166.7,33.3,119.5,226.4,80.13
Sugarcane,Karnataka,Zaid,4.13,924.6,32.1,53.4,6.4,128.3,51.7,65.8,135.2,92.76
Groundnut,Haryana,Rabi,3.28,1050.5,32.1,66.7,6.76,75.1,56.4,107.6,51.7,2.76
Maize,Madhya Pradesh,Rabi,4.86,857.6,27.9,64.8,5.68,166.5,71.1,112.4,98.0,4.96
Potato,Maharashtra,Zaid,1.24,1013.7,24.3,80.1,6.75,100.3,79.1,132.9,129.2,24.96
Wheat,Punjab,Zaid,3.57,1036.7,37.9,51.1,7.21,118.0,22.0,55.8,176.1,4.57
Pulses,Andhra Pradesh,Rabi,6.85,489.1,25.8,77.1,7.49,103.8,76.5,120.4,191.7,1.88
Pulses,Andhra Pradesh,Zaid,6.99,762.8,31.7,70.0,6.64,193.9,63.8,115.9,92.6,1.62
Sugarcane,Karnataka,Kharif,5.62,1237.5,25.2,69.5,6.36,80.2,39.7,138.9,181.1,89.3
Cotton,Andhra Pradesh,Kharif,11.2,563.9,18.5,59.7,6.16,135.5,35.6,34.5,138.8,2.73
Cotton,Punjab,Kharif,9.56,600.6,24.8,78.0,6.35,171.0,69.4,81.6,127.0,3.03
Groundnut,Punjab,Rabi,3.19,764.0,25.0,56.9,7.51,132.5,37.8,70.2,159.0,3.07
Cotton,Madhya Pradesh,Zaid,3.77,954.1,35.6,76.5,6.87,176.2,68.1,111.1,156.1,2.18
Cotton,Punjab,Zaid,5.35,1079.1,31.2,54.0,6.7,87.7,49.3,73.8,144.2,2.59
Cotton,Gujarat,Kharif,6.54,1068.1,23.9,67.8,7.43,103.7,61.6,134.9,168.7,
Wheat,Punjab,Rabi,3.35,642.3,32.2,73.3,6.29,101.2,48.0,80.3,140.7,4.31
Maize,Madhya Pradesh,Rabi,5.16,975.6,32.3,42.7,6.98,217.0,42.8,102.3,203.3,5.58
Maize,Madhya Pradesh,Kharif,5.05,702.8,28.7,79.8,6.96,57.0,48.2,138.4,65.0,4.97
Groundnut,Tamil Nadu,Kharif,2.09,1036.2,34.7,65.0,6.63,62.3,69.1,136.1,225.8,2.87
Wheat,Tamil Nadu,Rabi,2.87,657.0,15.0,81.1,7.58,120.8,69.8,85.3,87.2,4.49
Sugarcane,Uttar Pradesh,Rabi,6.6,853.7,26.5,62.4,6.64,128.4,39.9,72.3,149.5,101.95
Rice,Maharashtra,Kharif,7.18,511.7,27.7,45.7,6.29,157.0,84.0,94.6,231.6,4.82
Wheat,Andhra Pradesh,Zaid,5.01,1032.1,31.5,71.3,7.87,215.4,49.7,133.7,109.6,3.92
Cotton,Andhra Pradesh,Zaid,4.92,629.1,27.4,72.7,7.06,94.5,46.5,101.4,99.6,2.39
Groundnut,Punjab,Zaid,1.79,666.6,25.9,68.0,6.94,150.5,59.0,129.7,206.6,2.93
Maize,Uttar Pradesh,Zaid,3.71,654.6,29.5,75.0,7.66,139.1,42.2,46.7,145.3,4.6
Rice,Maharashtra,Kharif,5.25,503.7,28.8,69.2,7.39,136.2,52.6,113.4,201.2,4.73
Sugarcane,Maharashtra,Rabi,3.91,850.5,31.7,84.5,6.3,128.0,70.7,175.3,193.0,100.68
Potato,West Bengal,Rabi,3.68,1001.4,20.0,53.6,6.49,155.1,57.8,87.6,160.5,28.46
Pulses,Uttar Pradesh,Rabi,1.25,999.7,26.6,91.1,6.41,157.5,72.9,111.4,156.4,1.84
Wheat,Maharashtra,Rabi,7.14,1558.4,30.6,74.7,6.65,173.1,27.2,124.4,111.3,3.49
Wheat,Tamil Nadu,Kharif,3.84,450.9,27.6,83.0,7.9,95.8,62.9,116.0,269.6,4.77
Rice,West Bengal,Rabi,4.35,909.9,30.0,62.1,6.08,156.4,21.2,102.8,107.7,4.35
Pulses,West Bengal,Zaid,4.48,1059.8,19.1,78.2,7.55,113.5,86.4,77.8,216.5,1.72
Rice,Tamil Nadu,Rabi,1.06,1476.2,27.4,59.9,5.09,124.8,57.6,139.7,226.0,4.41
Maize,Andhra Pradesh,Kharif,4.71,1509.2,27.4,57.9,6.44,186.0,58.7,97.6,181.5,5.66
Pulses,Haryana,Kharif,2.76,1420.5,29.9,90.8,7.66,126.4,46.8,73.6,200.6,1.78
Groundnut,Uttar Pradesh,Kharif,4.54,1016.6,24.8,62.1,6.8,224.1,54.8,113.4,80.9,3.14
Wheat,Maharashtra,Rabi,9.88,1171.5,31.0,88.6,6.35,68.1,82.2,154.2,146.1,4.65
Rice,Haryana,Kharif,6.11,1088.9,26.9,56.6,6.39,122.0,74.2,78.8,183.9,5.22
Wheat,Karnataka,Zaid,1.69,848.3,27.2,60.9,6.01,163.8,45.4,173.0,177.2,4.51
Rice,West Bengal,Kharif,5.47,858.6,31.7,66.6,5.36,228.8,57.7,138.9,214.1,5.65
Groundnut,Maharashtra,Zaid,2.75,511.9,28.8,68.4,7.14,154.2,78.8,94.5,157.8,2.75
Sugarcane,Andhra Pradesh,Zaid,7.08,1112.0,27.3,66.5,8.0,77.7,76.5,55.9,44.2,81.62
Maize,Madhya Pradesh,Rabi,6.23,904.1,,79.3,7.98,112.4,50.7,110.8,233.2,5.28
Sugarcane,Uttar Pradesh,Kharif,2.26,1027.4,25.5,60.9,7.17,139.5,22.9,140.0,276.1,99.35
Rice,Madhya Pradesh,Rabi,1.04,641.8,34.1,61.2,6.29,92.9,66.2,101.6,231.0,4.44
Wheat,Uttar Pradesh,Rabi,1.92,697.3,21.7,73.0,6.98,72.3,58.9,96.9,131.0,4.23
Sugarcane,Tamil Nadu,Zaid,6.4,611.4,32.3,62.4,7.67,167.8,60.3,126.0,105.8,99.71
Sugarcane,Madhya Pradesh,Rabi,8.84,917.7,24.8,82.4,6.35,116.8,38.5,31.3,188.3,91.57
Sugarcane,Tamil Nadu,Kharif,6.88,455.4,17.2,77.2,6.56,103.5,19.7,135.0,100.7,98.54
Sugarcane,Maharashtra,Rabi,1.83,943.7,27.7,68.3,7.14,40.0,56.6,74.3,224.7,96.08
Rice,Maharashtra,Kharif,3.49,843.3,33.3,78.4,7.31,142.2,43.3,84.0,159.2,4.67
Groundnut,Andhra Pradesh,Zaid,5.71,887.1,23.6,69.7,7.34,86.3,66.5,154.7,103.6,2.59
Maize,West Bengal,Zaid,2.51,490.1,23.0,71.4,6.51,180.5,50.4,143.9,152.3,4.53
Pulses,Andhra Pradesh,Rabi,3.03,836.4,29.8,47.6,8.17,89.7,,126.9,220.7,1.92
Cotton,Andhra Pradesh,Rabi,6.65,1149.6,27.4,70.3,6.86,126.6,67.5,67.0,53.5,2.46
Rice,Karnataka,Rabi,2.88,877.8,30.3,62.0,6.26,182.9,37.5,54.3,214.5,4.43
Sugarcane,Andhra Pradesh,Zaid,6.35,739.9,27.5,67.8,6.57,140.6,77.1,66.7,230.2,95.67
Cotton,Maharashtra,Rabi,4.51,624.5,22.3,61.5,5.85,74.6,58.7,121.0,31.0,2.44
Potato,Gujarat,Kharif,1.88,555.6,32.6,61.3,7.5,105.5,70.7,90.4,90.5,24.67
Rice,Maharashtra,Kharif,3.26,1001.6,29.7,53.4,7.15,111.7,87.2,76.2,159.6,4.53
Wheat,Uttar Pradesh,Rabi,4.48,1099.3,18.2,82.0,6.52,75.2,60.7,41.4,149.4,3.87
Pulses,Madhya Pradesh,Kharif,5.98,535.0,27.4,64.6,7.85,208.3,86.7,116.4,149.3,1.81
Wheat,Madhya Pradesh,Zaid,3.01,514.4,34.7,79.6,5.3,184.9,15.0,105.8,179.2,3.74
Sugarcane,Haryana,Rabi,1.46,1387.8,28.1,66.4,7.27,104.9,57.5,88.0,179.3,
Rice,West Bengal,Rabi,4.32,620.1,24.0,55.9,6.52,40.0,42.0,56.3,210.4,5.01
Potato,Gujarat,Zaid,3.17,877.5,36.0,60.7,6.38,122.9,35.7,90.6,192.9,25.42
Pulses,Maharashtra,Rabi,1.04,447.7,23.2,59.3,7.67,128.8,30.0,94.8,139.5,1.8
Cotton,Andhra Pradesh,Rabi,2.04,813.3,28.4,73.5,6.62,124.2,30.6,99.4,20.0,2.42
Maize,Tamil Nadu,Kharif,1.86,1136.8,22.6,76.0,6.96,152.7,47.6,90.0,103.9,5.88
Cotton,Uttar Pradesh,Rabi,6.62,627.0,31.5,70.9,7.7,167.4,59.7,77.9,140.4,2.63
Groundnut,Tamil Nadu,Kharif,2.39,866.3,27.3,81.8,6.96,149.2,57.0,105.7,116.6,3.06
Wheat,Tamil Nadu,Kharif,7.73,804.5,29.3,59.5,7.53,100.8,76.9,85.5,194.6,4.44
Groundnut,Madhya Pradesh,Kharif,3.55,802.1,21.2,47.9,7.15,166.4,57.9,72.1,233.9,2.73
Sugarcane,Karnataka,Zaid,3.8,892.9,27.9,53.6,6.65,138.6,68.2,55.7,209.0,86.79
Groundnut,Gujarat,Kharif,2.24,996.3,37.5,58.5,6.39,110.5,32.7,170.5,173.8,2.75
Potato,Punjab,Kharif,2.27,668.2,20.3,77.0,6.66,138.7,71.2,81.5,195.1,31.27
Pulses,West Bengal,Rabi,1.5,971.3,26.0,72.8,5.81,80.7,49.7,107.7,167.0,1.71
Rice,Punjab,Rabi,5.05,251.1,28.2,67.7,6.91,129.0,31.9,145.6,205.0,4.95
Groundnut,Punjab,Zaid,5.16,674.6,18.3,74.3,7.27,99.8,32.0,95.8,138.9,2.7
Groundnut,Uttar Pradesh,Zaid,1.9,880.3,25.0,57.3,6.76,90.6,58.9,107.4,63.2,2.75
Cotton,Madhya Pradesh,Kharif,9.01,662.9,20.7,68.7,7.09,118.3,38.5,155.5,171.1,2.85
Maize,Haryana,Rabi,2.75,1433.6,28.0,68.5,7.6,166.4,44.4,105.1,213.7,5.64
Sugarcane,West Bengal,Zaid,6.38,967.3,24.0,51.6,7.43,186.0,72.8,124.9,141.0,93.14
Pulses,Madhya Pradesh,Rabi,2.38,750.0,26.4,72.6,6.52,107.9,82.8,137.3,191.4,1.97
Sugarcane,Uttar Pradesh,Zaid,2.37,864.4,25.8,66.9,6.08,120.0,63.8,105.5,117.5,86.69
Rice,Andhra Pradesh,Zaid,4.48,606.0,28.2,63.7,6.84,146.4,79.3,96.2,170.1,4.4
Sugarcane,Gujarat,Rabi,6.9,1030.1,32.8,68.2,8.2,143.0,52.1,106.9,98.0,97.97
Rice,Uttar Pradesh,Rabi,6.17,274.7,25.4,80.9,7.88,148.2,62.9,116.4,160.7,4.77
Pulses,Karnataka,Zaid,2.5,395.9,27.6,80.9,6.93,109.3,43.9,78.2,58.2,1.34
Wheat,Punjab,Zaid,5.58,1126.7,29.1,66.9,7.66,66.5,72.0,179.2,231.1,4.52
Wheat,Uttar Pradesh,Kharif,6.49,1129.3,29.8,53.8,6.77,86.9,56.5,83.2,104.1,4.81
Rice,West Bengal,Zaid,2.25,1110.5,28.4,68.1,6.44,110.0,38.8,47.5,98.8,4.03
Cotton,Gujarat,Kharif,7.82,635.0,20.7,43.4,6.74,46.2,51.4,136.4,91.3,2.65
Pulses,Tamil Nadu,Rabi,3.55,811.5,21.0,65.6,7.67,74.0,52.7,62.4,159.6,1.52
Cotton,West Bengal,Zaid,5.35,582.2,22.8,73.4,5.7,117.3,83.2,101.7,114.8,2.5
Sugarcane,Uttar Pradesh,Rabi,8.95,718.1,20.5,58.7,6.45,40.0,48.0,146.2,62.7,98.61
Potato,Gujarat,Kharif,0.62,1170.7,30.3,71.5,6.57,93.3,45.1,79.9,158.6,28.36
Maize,Karnataka,Rabi,1.33,625.3,23.4,63.4,7.0,154.3,46.6,140.4,137.1,5.13
Wheat,Haryana,Zaid,2.76,593.0,15.0,70.2,6.79,141.4,53.8,132.3,164.9,4.42
Groundnut,Karnataka,Zaid,2.5,563.1,20.2,62.8,7.46,131.3,69.3,86.8,94.6,2.12
Rice,Tamil Nadu,Zaid,2.68,607.8,22.1,63.9,6.86,125.4,43.9,52.4,153.8,3.88
Cotton,Haryana,Rabi,8.75,712.0,24.6,64.8,7.81,99.3,73.9,129.1,106.6,2.96
Rice,Haryana,Zaid,4.37,853.3,19.3,60.3,7.23,104.7,34.1,,86.2,4.18
Cotton,Karnataka,Rabi,6.27,589.6,30.8,64.0,5.09,168.3,65.9,33.0,223.8,2.4
Sugarcane,Uttar Pradesh,Rabi,2.12,575.6,35.2,69.4,6.67,50.1,19.2,137.5,105.2,99.74
Maize,Karnataka,Zaid,4.52,973.4,22.1,55.7,7.11,150.5,35.6,99.8,227.3,4.45
Pulses,Uttar Pradesh,Rabi,5.34,694.9,21.8,83.3,7.14,141.1,63.3,129.3,,1.86
Potato,Tamil Nadu,Zaid,3.86,1126.0,30.1,64.7,6.86,110.6,60.7,48.6,153.8,25.95
Maize,Andhra Pradesh,Rabi,3.63,534.7,21.8,71.6,6.59,90.0,16.1,64.6,204.1,4.78
Cotton,Haryana,Rabi,2.97,766.2,30.0,60.2,6.61,91.7,75.7,75.6,61.7,2.55
Rice,Gujarat,Zaid,2.82,558.0,30.4,68.0,7.09,66.0,94.9,30.0,125.2,4.02
Rice,Tamil Nadu,Kharif,6.78,647.3,32.6,68.5,5.38,44.6,68.2,59.2,140.1,4.42
Cotton,Haryana,Zaid,5.61,250.0,24.3,77.1,6.84,148.4,59.7,,97.7,2.62
Groundnut,Karnataka,Kharif,2.75,689.4,27.6,57.1,6.4,152.5,29.5,91.2,69.5,2.83
Cotton,Haryana,Kharif,3.95,978.4,36.3,57.0,5.97,159.9,97.4,114.8,130.0,2.89
Pulses,Maharashtra,Rabi,3.39,907.7,21.3,71.7,6.49,136.8,40.6,139.3,94.5,1.71
Rice,Haryana,Rabi,3.6,1315.4,19.7,62.5,6.86,116.9,71.1,117.2,82.0,4.57
Pulses,Gujarat,Kharif,5.78,303.3,21.1,70.1,6.84,98.0,54.3,73.6,160.5,1.77
Wheat,West Bengal,Zaid,3.5,669.5,34.8,53.1,6.89,158.4,47.2,135.7,232.3,3.89
Potato,Maharashtra,Zaid,2.72,724.5,26.4,40.4,,90.3,42.0,88.0,71.2,23.58
Maize,Gujarat,Kharif,6.72,674.5,21.7,84.4,5.53,126.4,58.8,78.7,159.1,5.32
Pulses,Punjab,Kharif,2.57,250.0,21.2,82.7,8.2,87.6,39.8,116.1,114.6,1.93
Maize,Punjab,Zaid,3.04,533.8,30.5,58.8,6.58,112.9,72.6,177.3,125.3,4.98
Wheat,Uttar Pradesh,Kharif,3.38,874.9,,58.6,6.49,86.7,77.4,161.5,202.8,4.77
Rice,Haryana,Rabi,4.24,701.9,26.2,67.0,6.74,173.7,20.7,146.5,119.1,4.76
Sugarcane,Gujarat,Kharif,6.74,1122.8,28.2,72.9,6.73,108.4,70.5,77.9,104.7,103.54
Pulses,Karnataka,Rabi,2.2,952.1,34.8,61.0,6.4,158.6,38.6,77.8,171.9,1.93
Cotton,West Bengal,Rabi,5.7,1320.0,30.7,64.6,7.73,132.4,36.9,139.5,130.5,2.86
Pulses,Gujarat,Rabi,1.51,1134.6,34.8,72.3,7.71,53.0,63.5,165.0,140.6,1.72
Sugarcane,Madhya Pradesh,Zaid,2.35,817.9,18.5,43.6,7.12,82.6,90.2,83.2,188.0,89.78
Maize,Madhya Pradesh,Kharif,5.9,1428.4,27.7,71.9,7.12,186.3,92.4,96.9,155.7,5.08
Sugarcane,West Bengal,Rabi,2.29,1282.1,33.3,82.8,6.27,45.8,77.8,106.9,106.5,96.71
Cotton,Madhya Pradesh,Zaid,6.19,956.1,30.8,70.9,6.29,155.4,54.6,129.0,115.9,2.25
Rice,Andhra Pradesh,Kharif,5.55,898.5,30.5,67.1,7.25,106.1,37.7,71.3,147.6,4.6
Rice,West Bengal,Zaid,1.59,636.1,27.4,62.8,7.13,119.9,53.6,118.7,210.8,4.09
Rice,Madhya Pradesh,Rabi,4.94,973.6,33.9,60.8,6.39,130.1,46.9,118.2,196.9,4.37
Sugarcane,Tamil Nadu,Zaid,5.5,673.3,26.2,78.4,7.36,79.8,33.9,177.9,110.5,98.52
Wheat,Gujarat,Rabi,9.18,1203.5,32.6,70.7,6.8,120.2,40.7,47.9,,4.14
Potato,Punjab,Rabi,2.99,746.6,15.0,83.3,7.24,139.6,68.8,,85.5,29.11
Potato,Madhya Pradesh,Zaid,1.76,726.8,18.1,90.0,6.51,156.0,70.3,115.8,223.8,22.62
Wheat,Haryana,Rabi,9.77,687.4,30.3,47.8,6.07,129.2,65.5,123.6,30.0,4.3
Pulses,West Bengal,Rabi,3.21,494.1,16.7,49.6,7.15,117.5,67.2,88.2,41.6,1.71
Groundnut,Karnataka,Kharif,4.25,1325.4,29.2,60.2,,122.8,52.5,90.1,118.1,2.54
Groundnut,Andhra Pradesh,Zaid,3.5,342.2,24.9,89.0,5.38,149.6,46.4,168.7,34.9,2.35
Maize,West Bengal,Kharif,1.99,686.0,20.9,53.5,8.05,105.1,58.2,87.4,208.9,5.3
Cotton,Maharashtra,Zaid,4.19,1197.8,23.0,59.4,6.64,126.8,91.5,77.4,20.0,2.39
Pulses,Haryana,Zaid,1.27,814.3,26.8,70.5,6.33,155.3,57.0,156.1,137.7,1.39
Groundnut,West Bengal,Rabi,3.18,250.0,28.6,63.6,6.42,201.2,39.5,59.4,149.5,3.07
Rice,Haryana,Zaid,6.06,1491.7,27.5,64.0,7.04,116.7,41.9,118.7,123.0,4.47
Potato,Punjab,Zaid,2.3,1198.9,,48.0,6.06,128.7,21.4,125.2,88.9,24.31
Pulses,Gujarat,Kharif,1.7,250.0,33.4,68.8,6.77,216.8,105.5,30.0,153.9,1.84
Maize,Uttar Pradesh,Rabi,6.38,1193.8,30.4,50.8,6.93,136.2,59.3,96.0,117.9,5.31
Potato,Maharashtra,Zaid,1.64,672.3,25.2,72.2,6.64,73.9,110.2,170.0,140.9,23.71
Groundnut,Madhya Pradesh,Zaid,2.1,806.3,25.7,74.2,6.94,121.1,79.0,79.4,153.8,2.56
Groundnut,Karnataka,Rabi,4.36,345.1,24.2,64.6,7.46,161.2,15.0,123.3,180.4,2.68
Sugarcane,Punjab,Kharif,2.22,1067.3,23.8,58.3,6.58,118.3,63.8,137.8,156.8,108.77
Pulses,Maharashtra,Kharif,3.88,1090.8,21.9,39.5,7.32,73.8,50.9,91.5,180.3,1.64
Potato,Uttar Pradesh,Rabi,2.2,354.2,33.8,60.5,8.2,56.7,28.0,109.4,151.6,26.38
Wheat,Haryana,Rabi,3.13,896.7,26.9,72.1,6.75,154.6,70.4,137.3,121.1,4.81
Potato,Karnataka,Rabi,2.82,1327.1,24.3,77.9,6.09,125.4,67.3,103.4,71.7,25.72
Potato,Punjab,Kharif,2.53,879.4,28.7,79.2,7.71,124.8,16.1,157.2,243.2,31.66
Cotton,Haryana,Kharif,11.22,673.0,24.0,77.1,7.1,156.4,44.6,110.0,139.0,2.75
Maize,Maharashtra,Kharif,6.9,1165.1,31.9,59.8,6.2,69.7,44.2,104.1,295.8,4.85
Groundnut,Haryana,Kharif,3.81,942.3,31.8,76.3,5.33,132.4,65.4,72.2,130.2,2.9
Groundnut,Gujarat,Kharif,2.54,721.5,18.1,88.1,6.65,161.7,29.2,67.9,177.0,2.84
Rice,West Bengal,Kharif,4.6,1126.1,27.8,56.9,6.23,,51.9,130.3,163.0,4.8
Potato,Uttar Pradesh,Zaid,3.88,699.5,20.7,53.2,6.86,113.0,90.9,157.8,123.7,23.62
Cotton,Maharashtra,Zaid,9.65,1177.5,25.1,65.1,7.16,81.0,50.3,167.5,163.1,2.35
Wheat,Tamil Nadu,Zaid,2.72,1340.6,33.3,64.7,6.71,110.0,84.4,95.9,228.6,4.18
Rice,Haryana,Rabi,6.61,1001.6,29.4,62.6,6.68,149.6,49.9,89.3,226.5,4.64
Wheat,Madhya Pradesh,Kharif,2.03,700.6,28.6,68.4,6.04,149.9,82.9,101.6,88.0,4.3
Wheat,Karnataka,Zaid,7.59,720.1,36.1,90.6,7.68,113.8,50.3,37.8,107.6,3.85
Potato,Uttar Pradesh,Kharif,3.39,951.4,27.4,66.8,5.75,140.1,49.9,33.9,209.5,
Maize,Gujarat,Kharif,3.95,746.9,23.5,65.2,7.1,145.4,51.1,76.2,64.5,4.94
Groundnut,West Bengal,Zaid,2.14,750.2,32.7,68.4,7.06,94.2,104.2,41.6,35.9,2.21
Maize,West Bengal,Rabi,5.95,819.7,30.5,76.9,5.76,40.0,38.5,84.0,150.9,4.86
Maize,West Bengal,Zaid,6.66,1180.4,27.5,87.6,6.32,192.0,63.3,115.6,101.6,5.09
Rice,Madhya Pradesh,Zaid,6.76,1135.0,31.9,88.8,6.04,170.9,25.3,117.9,138.1,4.58
Rice,Maharashtra,Zaid,6.84,1076.7,32.0,60.5,6.79,168.3,62.7,49.2,118.3,4.02
Maize,Tamil Nadu,Rabi,5.9,1076.0,25.2,74.9,7.23,129.0,82.9,109.4,220.6,5.44
Pulses,Haryana,Rabi,4.5,557.1,30.9,63.9,6.44,120.0,58.1,76.4,93.8,1.79
Pulses,Haryana,Rabi,6.6,840.5,22.9,68.5,5.45,76.6,59.2,54.7,228.6,2.09
Groundnut,Gujarat,Zaid,2.79,1068.1,28.3,50.0,7.26,106.3,41.8,142.2,107.9,2.34
Potato,Madhya Pradesh,Zaid,0.69,1068.0,24.4,77.9,7.11,88.4,53.3,167.2,248.0,24.45
Cotton,Punjab,Zaid,3.49,1279.1,32.4,67.4,5.84,54.5,53.8,111.4,220.0,2.61
Pulses,Gujarat,Rabi,1.54,823.5,29.2,60.5,7.7,89.6,69.7,146.0,183.5,1.92
Maize,Tamil Nadu,Kharif,4.71,424.9,28.7,70.8,7.82,130.9,56.9,137.5,59.1,5.0
Wheat,Maharashtra,Rabi,3.8,1076.3,28.7,76.1,6.32,193.6,,105.0,125.4,4.7
Pulses,Gujarat,Zaid,1.2,433.2,27.3,66.5,6.05,199.2,22.8,87.7,187.9,1.35
Cotton,Punjab,Zaid,8.64,713.9,33.9,64.7,5.83,139.2,54.5,101.5,95.7,2.48
Maize,Haryana,Zaid,2.87,721.7,31.6,67.7,4.8,,65.7,130.8,129.7,4.54
Sugarcane,Haryana,Kharif,1.4,880.7,28.7,73.4,7.25,139.3,102.7,132.4,209.0,107.76
Potato,Uttar Pradesh,Rabi,4.97,906.6,18.8,36.2,5.73,94.7,15.0,79.5,157.1,29.05
Pulses,Tamil Nadu,Zaid,4.87,1126.8,32.1,85.4,6.88,163.8,69.5,134.3,78.3,
Maize,Gujarat,Rabi,1.42,1049.7,31.6,62.7,8.06,153.6,83.7,98.6,204.5,5.75
Sugarcane,Uttar Pradesh,Zaid,3.36,991.0,28.6,93.9,6.84,137.5,37.4,112.9,118.6,86.1
Rice,Haryana,Zaid,5.28,649.1,16.7,75.4,5.49,184.9,38.1,117.2,119.8,4.38
Groundnut,Madhya Pradesh,Kharif,3.26,1499.3,25.0,61.2,6.74,118.4,56.8,94.7,96.5,2.77
Groundnut,Gujarat,Kharif,4.94,612.3,19.2,79.8,7.63,93.7,79.2,178.5,90.8,2.71
Pulses,Karnataka,Kharif,4.84,667.6,24.3,81.2,6.7,135.3,52.0,109.0,68.5,1.73
Pulses,Maharashtra,Kharif,1.67,1242.8,30.5,58.3,6.9,125.2,42.3,125.0,300.0,1.65
Wheat,Maharashtra,Zaid,3.36,624.7,28.0,65.9,7.17,166.6,42.3,116.1,80.6,3.58
Sugarcane,Andhra Pradesh,Kharif,2.85,722.3,30.4,80.1,7.44,159.9,70.4,106.2,207.6,104.0
Rice,Uttar Pradesh,Zaid,6.22,589.2,29.0,90.8,7.21,126.0,71.5,129.1,27.4,4.38
Pulses,Madhya Pradesh,Kharif,2.0,529.5,35.0,80.3,6.62,125.6,31.8,107.2,28.1,1.6
Wheat,Tamil Nadu,Kharif,1.21,1179.7,26.0,52.6,7.22,110.7,52.0,126.3,133.7,4.4
Maize,Madhya Pradesh,Kharif,2.73,342.2,29.4,52.7,5.46,88.1,41.4,86.2,60.2,5.4
Rice,Uttar Pradesh,Rabi,2.32,843.7,25.8,82.3,6.16,65.2,17.0,145.7,121.1,4.59
Wheat,Tamil Nadu,Rabi,2.16,750.4,26.4,63.0,7.39,62.5,67.1,130.6,149.8,4.39
Wheat,Uttar Pradesh,Rabi,3.12,1163.8,23.1,71.2,5.55,139.9,52.1,106.4,161.2,4.32
Wheat,Madhya Pradesh,Zaid,1.05,1468.7,29.1,71.9,7.03,50.8,65.9,97.5,115.0,3.19
Groundnut,Maharashtra,Zaid,4.58,576.3,28.7,56.6,6.68,59.0,24.8,40.0,39.3,2.41
Rice,Karnataka,Rabi,5.23,647.8,24.0,57.7,6.84,53.3,75.0,114.7,238.7,4.86
Maize,Karnataka,Rabi,1.24,1002.8,30.0,69.5,6.73,106.0,65.1,69.3,212.3,5.28
Cotton,West Bengal,Kharif,2.39,1168.7,27.2,79.2,6.05,99.5,43.2,56.7,193.0,2.65
Potato,Andhra Pradesh,Kharif,3.03,548.6,27.9,87.4,6.69,171.1,88.9,73.7,192.0,27.53
Groundnut,West Bengal,Zaid,1.9,818.2,23.1,71.4,6.09,156.9,52.2,118.4,179.3,2.65
Wheat,Maharashtra,Rabi,7.03,600.1,25.5,86.5,5.83,,100.4,103.6,209.8,4.69
Cotton,Uttar Pradesh,Zaid,8.4,630.5,22.4,57.3,6.88,139.6,49.0,155.5,202.5,2.56
Rice,Tamil Nadu,Zaid,7.97,1204.7,28.3,71.4,5.84,148.5,41.6,74.8,187.0,4.79
Potato,Karnataka,Rabi,1.44,,18.7,70.7,7.13,174.1,62.4,179.5,68.0,27.52
Maize,Gujarat,Kharif,3.9,1180.9,23.7,62.3,6.52,118.2,71.2,99.3,149.8,5.21
Potato,West Bengal,Rabi,3.13,820.1,21.1,76.4,5.7,140.0,40.2,71.8,214.7,26.56
Pulses,Maharashtra,Rabi,6.13,792.6,26.6,79.2,6.33,64.5,54.2,50.9,124.0,1.62
Rice,Haryana,Rabi,2.59,1196.2,29.5,55.2,5.67,144.7,15.0,77.3,146.6,5.13
Potato,Uttar Pradesh,Rabi,4.13,1407.4,29.8,85.1,5.52,63.6,36.5,116.0,157.9,24.2
Groundnut,Tamil Nadu,Zaid,2.12,1110.6,23.4,41.4,7.0,150.9,62.8,112.0,172.1,2.49
Wheat,West Bengal,Rabi,4.23,791.4,18.7,30.0,7.33,188.2,73.5,49.7,137.3,4.16
Maize,Maharashtra,Zaid,1.07,345.7,19.1,76.4,6.05,168.9,58.8,203.5,51.3,5.12
Potato,Uttar Pradesh,Zaid,4.9,687.9,25.6,60.1,7.24,187.1,68.8,70.6,164.0,27.85
Pulses,Maharashtra,Kharif,3.89,827.2,22.6,62.6,7.65,137.0,40.7,79.7,99.3,1.56
Groundnut,Punjab,Rabi,2.51,657.9,31.2,41.1,5.51,40.0,24.1,91.4,116.5,2.82
Cotton,Karnataka,Zaid,9.14,1056.4,17.7,66.0,6.36,137.3,71.0,59.1,91.4,2.35
Wheat,Andhra Pradesh,Kharif,2.37,459.3,28.4,51.8,7.18,113.9,73.9,81.7,72.3,4.48
Cotton,Haryana,Rabi,3.07,943.1,31.4,66.2,7.03,163.1,56.9,104.4,137.6,2.79
Groundnut,Tamil Nadu,Rabi,1.13,677.2,31.3,78.8,6.96,166.3,21.1,,132.1,2.65
Groundnut,Gujarat,Rabi,1.39,635.4,,54.9,5.99,99.7,88.8,,99.4,2.48
Potato,West Bengal,Rabi,2.68,846.6,31.3,89.2,6.71,128.6,45.5,97.4,138.1,26.44
Potato,Tamil Nadu,Kharif,3.91,838.0,34.5,58.5,5.41,127.0,67.4,106.2,111.5,27.63
Cotton,Karnataka,Zaid,2.8,803.4,34.6,74.2,6.69,67.0,76.7,95.0,135.7,2.09
Sugarcane,Maharashtra,Rabi,6.64,890.1,18.6,61.6,6.61,118.8,47.5,104.4,134.0,97.32
Pulses,Maharashtra,Zaid,6.96,1166.4,23.6,,7.17,111.2,41.3,90.2,188.2,1.58
Potato,Punjab,Zaid,4.87,641.3,23.7,46.3,6.38,152.5,23.4,30.0,238.4,28.34
Potato,Gujarat,Zaid,4.04,696.2,22.5,58.8,7.25,95.5,63.7,100.1,177.1,26.83
Cotton,West Bengal,Kharif,2.4,1310.5,18.6,57.4,7.61,113.2,51.4,99.3,142.1,2.56
Rice,Punjab,Rabi,5.6,1275.6,24.8,72.6,6.56,73.9,70.6,108.9,68.7,4.93
Groundnut,Andhra Pradesh,Kharif,5.11,511.3,30.5,68.1,7.56,82.1,,117.1,101.8,2.66
Rice,Uttar Pradesh,Zaid,7.68,1422.7,26.0,67.9,6.49,135.4,43.0,150.3,145.5,4.0
Groundnut,Haryana,Rabi,3.14,851.4,27.0,59.6,6.72,103.3,61.3,162.6,206.3,3.17
Rice,Maharashtra,Kharif,7.01,840.5,19.8,76.0,6.98,122.3,71.2,99.6,244.5,
Rice,Gujarat,Rabi,6.22,1300.5,27.6,52.3,5.85,95.0,70.3,94.4,179.9,4.65
Rice,Uttar Pradesh,Rabi,3.93,1255.9,32.4,67.8,6.52,127.2,102.2,48.0,139.1,4.86
Maize,West Bengal,Rabi,3.4,795.1,27.5,61.5,6.86,113.0,40.5,104.7,175.3,5.44
Sugarcane,Karnataka,Rabi,1.13,580.3,29.3,63.0,8.03,108.2,57.6,92.9,186.9,101.58
Wheat,Andhra Pradesh,Kharif,6.5,817.8,24.2,52.8,7.83,68.5,76.3,48.8,,4.24
Cotton,Gujarat,Kharif,5.75,668.0,28.9,64.2,6.4,151.4,59.1,88.1,199.7,2.52
Rice,Haryana,Rabi,4.09,998.3,31.8,79.4,7.38,131.2,,132.8,101.3,4.61
Maize,Haryana,Rabi,5.3,,34.8,61.8,6.72,142.3,57.1,103.2,132.2,5.26
Potato,Karnataka,Kharif,2.13,972.0,19.5,68.1,6.84,126.4,67.7,79.1,131.1,25.45
Cotton,Maharashtra,Kharif,3.02,1202.4,26.5,70.2,6.62,91.0,67.8,95.2,178.9,2.75
Wheat,Gujarat,Zaid,9.55,804.4,21.4,78.8,7.18,119.5,71.7,148.8,217.8,3.68
Pulses,Uttar Pradesh,Rabi,6.82,744.8,20.2,71.8,6.39,113.1,26.9,116.8,106.1,1.83
Rice,Karnataka,Kharif,2.13,616.8,24.7,70.8,6.28,64.9,49.9,134.2,68.3,4.69
Pulses,Punjab,Zaid,5.31,,33.3,62.1,6.46,169.9,58.3,115.1,202.5,1.89
Maize,Tamil Nadu,Zaid,4.17,900.4,22.5,56.2,6.29,154.5,59.9,135.1,176.4,4.75
Potato,Andhra Pradesh,Kharif,4.97,1033.0,28.0,66.8,6.09,49.8,49.6,110.9,35.6,26.02
Groundnut,Maharashtra,Kharif,4.27,1428.4,29.8,74.7,6.53,110.4,75.4,142.8,,2.75
Rice,Maharashtra,Kharif,6.89,785.9,28.6,89.4,6.82,112.7,50.1,121.5,196.0,4.57
Sugarcane,Haryana,Kharif,7.28,530.3,29.5,54.7,6.18,87.2,67.2,129.6,200.5,98.2
Wheat,West Bengal,Kharif,9.51,250.0,29.6,72.6,5.75,103.0,61.7,152.7,116.7,4.28
Groundnut,Haryana,Rabi,5.28,587.1,28.0,87.1,6.21,137.9,21.4,106.0,156.4,3.0
Cotton,Uttar Pradesh,Kharif,5.11,554.7,38.7,74.6,7.0,160.9,64.2,101.4,119.3,2.65
Rice,Haryana,Kharif,4.02,917.9,32.8,80.3,6.84,132.9,50.7,54.2,187.3,5.32
Wheat,Karnataka,Rabi,3.18,941.0,22.3,64.6,6.86,137.3,37.9,60.1,82.7,3.89
Sugarcane,Karnataka,Zaid,6.12,854.0,15.7,76.2,7.06,133.2,64.4,115.7,116.5,91.92
Pulses,West Bengal,Rabi,1.33,1250.3,26.7,74.1,7.25,162.8,66.5,159.6,160.3,1.76
Rice,Andhra Pradesh,Zaid,1.05,990.4,22.3,61.3,7.48,185.6,36.0,64.1,78.2,3.84
Maize,Madhya Pradesh,Kharif,4.1,874.1,30.5,73.9,8.07,114.3,48.7,61.7,111.2,4.89
Cotton,Karnataka,Kharif,4.02,1436.0,32.9,59.0,6.93,158.1,84.1,120.5,147.2,2.54
Potato,Uttar Pradesh,Kharif,2.92,922.4,21.7,74.0,7.57,109.1,55.9,165.6,142.1,26.52
Pulses,Madhya Pradesh,Zaid,1.88,933.0,32.5,54.3,4.8,130.9,78.4,99.4,122.9,1.56
Cotton,Tamil Nadu,Kharif,7.16,918.9,26.4,85.2,6.87,58.2,63.1,121.4,124.7,2.9
Rice,Haryana,Zaid,7.99,404.3,24.6,71.3,5.25,112.3,21.6,130.6,136.1,4.72
Rice,Madhya Pradesh,Kharif,4.54,916.3,26.9,61.6,6.81,126.5,53.7,95.7,170.5,4.56
Cotton,Uttar Pradesh,Rabi,4.62,805.5,22.6,95.0,7.7,135.9,58.0,135.0,162.9,2.74
Cotton,Tamil Nadu,Kharif,6.56,694.4,28.4,70.4,6.53,209.8,64.9,79.1,179.6,2.62
Rice,Tamil Nadu,Kharif,3.75,447.4,21.2,61.7,6.09,169.9,56.9,150.0,214.2,4.8
Pulses,Gujarat,Zaid,4.95,312.0,24.4,71.8,5.38,105.1,101.2,80.1,130.1,1.44
Cotton,Uttar Pradesh,Kharif,2.49,812.7,28.7,71.5,5.93,152.2,69.3,110.7,300.0,3.09
Rice,Andhra Pradesh,Kharif,5.28,1279.0,25.8,67.0,7.73,95.6,36.1,167.6,193.1,4.43
Maize,Punjab,Kharif,2.44,368.3,27.2,93.8,6.45,124.3,15.0,86.1,61.1,5.66
Sugarcane,Gujarat,Kharif,7.39,1180.0,27.1,56.4,6.86,112.8,61.5,118.5,153.9,95.94
Groundnut,Tamil Nadu,Zaid,3.48,908.7,15.0,65.8,6.87,117.7,69.8,79.4,108.8,2.59
Groundnut,Tamil Nadu,Kharif,3.5,776.6,24.2,75.4,6.83,176.3,73.2,112.8,153.5,2.62
Sugarcane,Maharashtra,Kharif,3.8,497.6,27.1,77.5,6.12,121.7,85.0,191.0,35.4,99.79
Rice,West Bengal,Rabi,4.67,967.9,28.6,74.4,7.6,106.4,99.0,111.8,171.7,4.84
Cotton,West Bengal,Zaid,2.0,932.8,34.2,73.7,7.1,166.6,32.1,95.3,210.7,2.28
Wheat,West Bengal,Zaid,5.37,299.4,18.6,60.8,5.76,63.3,57.8,34.9,95.4,3.66
Pulses,West Bengal,Kharif,5.78,929.5,27.4,62.1,6.91,103.8,63.5,136.5,99.4,1.86
Maize,Karnataka,Zaid,2.27,939.6,34.4,56.0,6.6,81.3,73.2,123.8,94.8,4.54
Sugarcane,Maharashtra,Zaid,5.89,436.0,33.3,45.8,6.93,74.8,82.0,78.5,206.8,81.64
Rice,Gujarat,Rabi,6.73,786.2,21.0,,6.82,102.9,42.9,128.5,158.9,4.9
Pulses,Karnataka,Zaid,6.76,634.0,27.2,51.9,6.78,152.8,81.9,135.2,209.4,1.68
Pulses,Uttar Pradesh,Rabi,6.82,555.1,32.5,41.9,7.82,56.6,39.3,54.2,173.5,1.7
Potato,West Bengal,Rabi,1.93,925.2,23.7,72.6,6.24,146.3,91.3,123.2,90.1,25.96
Cotton,West Bengal,Kharif,6.55,825.3,22.0,53.5,5.87,124.3,53.7,116.9,142.0,2.66
Maize,Gujarat,Kharif,1.67,570.1,32.3,71.8,6.41,121.9,44.7,119.8,97.4,4.88
Sugarcane,Punjab,Kharif,7.02,1016.5,30.1,70.2,7.26,139.3,71.0,139.6,127.1,108.38
Sugarcane,Maharashtra,Rabi,2.83,,29.1,81.0,6.2,175.8,57.1,94.0,170.5,97.09
Rice,Tamil Nadu,Kharif,7.24,465.7,37.4,76.3,6.66,126.6,30.3,123.8,136.2,4.17
Pulses,Maharashtra,Rabi,5.09,918.1,28.3,74.1,6.56,94.6,66.4,93.7,96.3,1.61
Rice,Haryana,Rabi,4.14,902.8,33.7,86.1,7.96,110.2,74.8,112.3,52.1,4.33
Pulses,Haryana,Zaid,6.82,857.8,31.9,34.5,7.09,102.4,35.1,93.4,171.5,1.48
Maize,West Bengal,Kharif,6.34,494.1,33.4,74.3,7.2,167.0,38.0,101.3,38.5,5.0
Cotton,Andhra Pradesh,Kharif,7.39,846.6,19.8,62.9,7.72,218.2,15.0,50.0,143.3,2.61
Pulses,Gujarat,Rabi,5.76,419.1,34.9,56.3,7.13,186.0,74.3,76.2,180.9,1.72
Pulses,Punjab,Kharif,6.25,1268.3,27.7,66.5,7.46,220.5,19.3,94.3,163.9,1.81
Sugarcane,Gujarat,Zaid,2.59,307.7,19.3,84.3,7.15,116.0,20.8,130.7,46.3,74.82
Rice,West Bengal,Kharif,4.61,471.7,27.7,57.6,5.47,168.8,48.6,104.2,179.3,4.65
Rice,Karnataka,Zaid,3.21,1486.0,24.7,94.8,7.65,94.2,41.4,66.1,149.2,3.61
Wheat,Karnataka,Zaid,8.83,721.6,37.1,66.5,6.19,106.8,89.2,122.1,68.3,4.08
Groundnut,West Bengal,Zaid,5.15,1050.4,31.1,90.6,5.78,56.0,70.9,107.8,87.1,2.4
Potato,Uttar Pradesh,Rabi,3.91,857.3,22.1,54.7,5.86,141.0,74.2,91.1,84.5,26.84
Potato,Tamil Nadu,Kharif,1.89,603.9,31.7,74.9,5.57,102.3,50.1,81.4,118.4,28.62
Potato,Maharashtra,Zaid,0.96,575.2,25.6,69.8,8.06,57.7,54.5,166.7,255.4,22.87
Wheat,Madhya Pradesh,Zaid,1.13,425.1,27.4,87.7,6.11,136.2,50.1,64.1,48.6,3.69
Maize,Punjab,Kharif,6.08,899.2,30.1,61.6,7.34,99.9,53.6,73.9,222.1,5.66
Pulses,West Bengal,Zaid,5.31,540.8,32.7,84.6,7.2,169.1,53.6,96.7,162.6,1.61
Groundnut,Karnataka,Rabi,2.96,604.4,15.0,53.1,6.77,163.5,57.4,116.5,197.0,2.63
Maize,West Bengal,Rabi,1.13,1085.7,29.8,50.1,6.97,140.7,45.8,83.9,163.9,5.24
Sugarcane,Uttar Pradesh,Kharif,8.35,792.3,19.7,83.6,6.44,163.7,47.7,30.0,223.5,109.76
Cotton,West Bengal,Rabi,4.87,820.1,28.9,52.9,6.46,138.1,87.3,136.0,127.6,2.72
Cotton,Maharashtra,Rabi,10.19,937.8,26.7,76.6,6.2,81.0,40.4,112.0,139.2,2.6
Cotton,Tamil Nadu,Rabi,6.17,1042.0,31.6,78.0,5.84,97.8,78.6,72.1,166.6,2.86
Cotton,West Bengal,Kharif,8.1,999.7,28.2,59.8,6.82,111.1,49.4,74.6,92.3,2.7
Cotton,Punjab,Rabi,11.37,911.6,27.6,62.7,6.96,110.4,74.5,104.2,188.0,
Groundnut,West Bengal,Rabi,1.0,600.6,26.7,82.8,7.49,90.1,55.2,91.5,78.8,2.81
Maize,Tamil Nadu,Zaid,2.98,922.8,19.1,67.0,5.88,194.3,32.0,119.5,76.2,4.99
Potato,Gujarat,Rabi,1.1,1028.5,27.9,63.5,7.14,226.8,52.9,149.8,203.8,27.7
Wheat,Punjab,Rabi,7.73,,24.2,76.0,6.5,114.7,30.5,70.8,235.0,4.49
Sugarcane,Maharashtra,Kharif,3.88,639.5,27.8,69.9,6.94,158.9,36.1,131.9,207.9,99.29
Sugarcane,Karnataka,Zaid,5.22,1078.0,24.0,79.6,7.54,139.2,91.5,124.5,141.6,82.13
Sugarcane,Punjab,Kharif,3.44,695.9,20.1,65.0,6.74,40.0,50.8,73.3,152.4,106.28
Maize,West Bengal,Zaid,5.73,682.2,20.6,81.9,6.69,85.9,,106.9,148.0,4.91
Sugarcane,Gujarat,Kharif,1.25,727.6,23.6,68.8,5.86,149.7,49.7,51.1,172.6,83.28
Groundnut,Punjab,Zaid,4.03,653.1,25.2,72.4,6.45,164.4,44.8,43.7,173.0,2.79
Pulses,Karnataka,Rabi,4.13,398.1,25.3,61.3,7.21,158.3,54.0,133.3,29.5,1.74
Pulses,Gujarat,Zaid,6.87,893.2,25.4,63.9,6.84,139.8,40.5,135.3,156.5,1.74
Groundnut,Madhya Pradesh,Zaid,4.56,,35.8,80.1,5.57,160.5,110.2,78.0,154.7,2.66
Rice,Madhya Pradesh,Zaid,2.44,587.8,29.5,77.1,6.59,130.5,60.3,47.5,135.6,3.88
Maize,Uttar Pradesh,Rabi,1.59,875.0,27.8,71.6,5.87,70.0,95.9,91.3,120.1,5.03
Pulses,Haryana,Rabi,1.42,333.4,31.9,61.7,7.55,190.7,43.3,30.0,187.7,1.78
Maize,West Bengal,Kharif,2.24,646.3,34.9,76.9,8.2,174.0,65.1,158.3,199.7,5.41
Cotton,Gujarat,Zaid,8.86,647.3,34.9,74.1,6.44,50.9,80.2,43.7,157.1,2.33
Potato,West Bengal,Zaid,3.56,1136.8,22.3,65.4,6.62,124.3,61.6,38.5,86.7,24.68
Maize,Tamil Nadu,Rabi,3.45,754.5,23.1,80.0,6.43,126.5,26.7,114.6,124.5,5.3
Sugarcane,Gujarat,Rabi,6.59,589.4,24.8,86.2,7.47,98.8,42.1,77.2,171.4,96.96
Pulses,Tamil Nadu,Zaid,5.97,773.8,28.4,44.4,7.1,139.0,53.1,114.3,154.6,1.76
Groundnut,West Bengal,Zaid,4.52,728.3,27.1,70.5,6.87,114.7,49.4,142.5,165.6,2.63
Pulses,Punjab,Kharif,5.89,1724.9,33.3,54.6,5.68,97.2,69.0,176.2,118.1,1.84
Pulses,West Bengal,Rabi,4.56,1191.9,30.7,55.6,6.27,108.7,60.2,82.4,131.0,1.7
Groundnut,Punjab,Zaid,4.24,466.9,32.2,50.2,7.25,101.5,62.2,101.5,138.5,2.74
Pulses,Gujarat,Zaid,5.36,1064.3,18.3,84.1,7.1,81.4,37.7,72.7,205.7,1.37
Potato,Karnataka,Kharif,2.7,992.9,29.6,53.1,5.92,121.0,71.4,98.8,147.4,26.77
Groundnut,Uttar Pradesh,Rabi,5.74,1545.1,26.4,64.8,7.55,128.5,28.2,95.5,178.9,2.95
Rice,Tamil Nadu,Kharif,7.32,460.6,28.1,73.6,7.91,130.4,50.8,76.2,104.3,4.78
Cotton,Madhya Pradesh,Zaid,9.55,,21.8,60.2,5.29,43.1,15.6,122.0,102.8,2.37
Pulses,Karnataka,Rabi,5.41,877.2,20.3,64.0,6.0,64.3,55.3,97.0,162.3,1.52
Groundnut,Maharashtra,Zaid,3.03,861.7,27.1,70.9,7.06,97.3,45.2,66.9,108.0,2.42
Rice,Punjab,Kharif,2.39,615.2,17.9,58.0,6.22,141.4,72.3,45.4,146.8,5.04
Rice,Andhra Pradesh,Rabi,4.7,456.1,26.2,93.2,7.47,102.9,61.6,150.1,75.2,4.45
Sugarcane,Haryana,Kharif,6.12,518.2,,56.3,5.75,114.4,39.6,87.0,171.2,100.94
Potato,West Bengal,Rabi,1.09,512.4,34.5,59.4,5.48,152.2,74.1,107.8,203.7,26.05
Pulses,Uttar Pradesh,Rabi,6.74,454.3,27.9,62.1,6.53,149.0,51.7,167.6,124.7,1.81
Maize,Madhya Pradesh,Rabi,5.53,1125.9,,70.9,7.22,125.7,47.2,146.1,132.8,5.2
Maize,Tamil Nadu,Rabi,2.39,1015.3,22.8,68.5,5.7,80.5,32.0,95.7,158.1,5.26
Potato,Gujarat,Zaid,4.64,645.7,22.7,56.7,6.46,133.7,27.1,93.9,165.1,24.73
Rice,Uttar Pradesh,Rabi,4.49,1222.9,27.2,76.1,6.54,75.9,62.0,94.5,136.5,4.91
Potato,Andhra Pradesh,Kharif,4.53,292.6,29.0,61.6,6.35,86.2,58.1,96.8,163.3,27.26
Maize,West Bengal,Zaid,4.39,1191.1,24.1,87.7,5.77,41.4,72.2,72.5,171.8,4.24
Cotton,West Bengal,Zaid,3.84,1171.3,28.2,70.7,7.17,184.0,37.4,185.7,164.1,2.15
Wheat,Punjab,Rabi,1.27,447.9,32.1,85.3,7.81,128.4,40.7,73.7,74.5,4.67
Pulses,Tamil Nadu,Zaid,1.33,697.4,25.1,80.4,7.06,139.9,67.8,50.4,21.5,1.47
Maize,Haryana,Rabi,1.71,769.9,22.0,78.2,7.3,139.4,55.0,88.4,190.5,5.54
Cotton,Madhya Pradesh,Kharif,6.37,1271.1,,82.5,6.95,66.7,80.9,102.8,88.9,2.36
Cotton,Haryana,Kharif,10.09,767.7,25.9,69.5,6.52,79.4,73.7,52.3,188.1,
Groundnut,West Bengal,Rabi,1.25,869.5,29.2,55.6,7.52,156.2,,125.4,161.4,3.05
Rice,Karnataka,Rabi,1.68,504.5,30.1,62.7,6.8,98.2,46.2,164.7,173.9,4.34
Wheat,West Bengal,Kharif,7.17,1466.2,28.0,32.6,5.8,150.3,85.7,121.8,127.0,4.22
Groundnut,Punjab,Rabi,1.15,521.6,27.8,57.4,7.23,149.7,22.6,120.4,112.4,2.89
Wheat,Tamil Nadu,Rabi,3.67,670.6,22.5,37.1,8.2,150.1,72.3,91.5,23.7,4.29
Potato,Punjab,Kharif,4.01,965.6,25.3,69.8,6.98,118.7,38.7,99.2,37.1,29.73
Maize,Haryana,Kharif,2.29,826.7,30.6,80.1,8.01,96.6,62.3,73.7,195.1,5.85
Potato,Madhya Pradesh,Rabi,3.12,,23.8,60.4,6.0,248.5,58.4,62.3,157.0,24.53
Sugarcane,Madhya Pradesh,Kharif,1.22,1257.2,24.7,76.4,6.04,161.6,68.8,179.9,172.3,91.52
Pulses,Madhya Pradesh,Zaid,4.37,786.0,26.4,60.8,6.42,108.6,50.1,125.0,134.9,1.74
Potato,Andhra Pradesh,Rabi,1.63,602.6,27.4,57.4,6.07,69.9,52.9,82.8,118.5,25.34
Cotton,Andhra Pradesh,Zaid,10.08,1234.2,30.7,46.4,6.44,113.4,,97.2,,2.51
Maize,Tamil Nadu,Kharif,5.41,504.5,37.3,52.4,6.29,89.5,17.9,81.6,197.2,4.82
Wheat,Gujarat,Kharif,9.44,878.1,32.6,73.6,6.49,189.0,109.3,98.1,149.2,4.3
Cotton,Andhra Pradesh,Rabi,10.79,1143.3,,77.7,6.28,83.6,29.2,110.2,160.6,2.59
Sugarcane,Haryana,Kharif,8.86,439.2,28.5,67.0,6.89,81.2,59.1,75.8,82.7,98.85
Pulses,Haryana,Kharif,5.09,894.2,34.1,64.7,6.2,167.3,61.8,126.1,163.7,1.99
Wheat,Punjab,Rabi,6.29,915.4,40.0,80.0,5.51,114.8,58.5,88.6,164.3,4.82
Wheat,West Bengal,Zaid,2.35,250.0,29.3,76.9,6.39,167.7,50.0,162.2,207.1,3.98
Sugarcane,Tamil Nadu,Rabi,5.24,263.1,26.1,52.4,7.57,87.4,75.7,60.1,166.2,97.4
Maize,Uttar Pradesh,Zaid,1.65,661.7,25.1,43.1,5.65,135.2,61.4,101.2,167.6,4.98
Wheat,Andhra Pradesh,Zaid,6.41,1081.5,31.8,72.9,7.57,119.7,32.9,105.6,129.7,3.76
Pulses,Uttar Pradesh,Rabi,5.22,787.8,15.6,41.7,5.58,155.4,56.1,119.3,165.5,1.7
Sugarcane,Karnataka,Rabi,8.43,780.6,30.0,59.3,6.67,40.0,43.1,155.1,145.7,97.69
Rice,West Bengal,Zaid,2.69,954.8,18.2,61.6,6.14,87.9,43.0,101.1,148.5,3.43
Wheat,Punjab,Zaid,8.56,1099.8,15.8,64.8,7.38,,66.5,60.5,111.3,4.26
Groundnut,Uttar Pradesh,Kharif,2.85,797.9,28.6,63.1,5.84,169.5,51.3,125.4,140.7,3.16
Sugarcane,Uttar Pradesh,Kharif,7.72,1075.0,15.0,92.0,6.7,136.7,37.7,158.5,59.0,99.51
Maize,Karnataka,Rabi,3.34,827.9,24.2,68.0,5.86,92.5,,50.0,209.2,5.05
Wheat,Madhya Pradesh,Kharif,2.22,1035.7,32.4,78.3,7.62,131.5,31.1,69.9,47.3,4.1
Sugarcane,Punjab,Zaid,2.85,641.2,30.1,82.5,6.48,98.0,75.6,137.4,74.2,97.58
Rice,Haryana,Kharif,5.37,1158.7,25.0,72.3,7.73,71.8,74.4,68.8,188.6,4.99
Groundnut,Maharashtra,Kharif,2.32,443.4,27.5,74.7,6.51,90.5,78.1,69.3,143.7,2.69
Pulses,Madhya Pradesh,Zaid,1.89,461.4,23.9,67.2,6.3,173.5,68.8,84.2,63.2,1.51
Wheat,Karnataka,Rabi,2.7,652.3,24.0,58.2,6.12,98.0,27.0,71.9,172.8,4.3
Groundnut,Maharashtra,Kharif,4.39,1083.0,31.3,62.7,6.35,133.2,88.0,158.6,153.1,2.77
Rice,Karnataka,Zaid,3.14,1609.9,28.3,86.8,6.65,144.3,72.2,117.9,281.2,4.25
Potato,Andhra Pradesh,Zaid,2.97,896.3,31.6,58.3,6.04,172.7,37.9,96.1,121.7,23.94
Potato,Haryana,Zaid,4.84,763.4,24.1,70.5,8.2,122.2,69.0,114.5,261.7,28.56
Groundnut,Karnataka,Rabi,4.35,853.3,22.0,52.3,5.07,159.1,49.6,132.8,38.5,2.55
Wheat,West Bengal,Zaid,4.48,838.4,17.5,52.0,7.21,108.7,61.6,61.0,83.5,3.61
Wheat,Karnataka,Zaid,9.2,250.0,30.5,56.9,7.2,40.0,51.5,102.7,45.8,3.61
Pulses,Uttar Pradesh,Rabi,6.66,1311.4,33.3,52.6,7.04,109.1,44.7,,134.0,1.97
Sugarcane,West Bengal,Kharif,8.81,744.9,28.5,73.6,6.0,170.5,69.2,108.5,86.5,100.3
Rice,Maharashtra,Zaid,5.4,299.5,30.6,68.8,6.44,126.7,52.1,193.4,95.8,4.11
Cotton,Gujarat,Zaid,7.63,1243.6,20.9,77.0,6.09,84.2,71.0,142.7,126.6,2.16
Pulses,Maharashtra,Rabi,3.21,486.3,27.2,74.8,6.71,129.1,48.1,108.9,138.1,1.7
Potato,Uttar Pradesh,Rabi,3.4,872.8,27.7,80.6,5.82,172.8,65.0,115.4,88.3,29.99
Cotton,Maharashtra,Zaid,11.25,397.5,33.0,53.9,6.67,89.5,39.8,171.0,131.9,2.29
Sugarcane,Haryana,Zaid,5.69,488.2,29.2,41.9,6.29,138.3,61.2,126.4,140.7,95.56
Potato,Gujarat,Rabi,4.41,683.6,28.6,70.9,6.87,67.5,74.4,105.4,132.6,27.39
Potato,Haryana,Zaid,0.56,1114.8,27.6,,7.08,171.4,78.3,123.3,53.8,26.07
Maize,Karnataka,Rabi,2.61,955.5,28.5,63.8,6.01,114.5,54.0,97.2,228.3,4.72
Pulses,Maharashtra,Zaid,4.38,813.3,24.6,74.7,6.27,141.2,66.5,85.7,23.2,1.49
Groundnut,Punjab,Zaid,1.79,758.2,20.6,81.0,5.75,176.3,59.2,64.2,166.3,2.79
Maize,Uttar Pradesh,Zaid,1.71,727.7,31.2,55.9,7.04,127.4,90.5,94.1,172.8,5.22
Cotton,Tamil Nadu,Zaid,11.72,1584.0,30.0,56.8,6.06,40.0,,114.3,150.2,2.29
Rice,Uttar Pradesh,Kharif,3.85,690.6,29.6,58.1,7.07,163.5,37.3,86.4,137.4,4.72
Potato,Haryana,Kharif,1.62,515.2,28.6,73.1,6.8,177.6,76.5,153.8,190.5,29.71
Groundnut,Maharashtra,Kharif,4.09,971.4,32.2,76.6,6.75,88.5,77.7,138.2,243.1,3.0
Potato,Gujarat,Rabi,2.74,,27.1,63.1,5.66,142.4,62.4,91.8,173.1,27.01
Groundnut,Gujarat,Zaid,2.61,1115.2,27.3,80.5,,144.9,64.1,43.5,139.3,2.64
Sugarcane,Gujarat,Rabi,4.43,1146.1,24.3,74.9,5.58,119.0,40.7,97.0,88.2,90.3
Maize,Maharashtra,Rabi,4.91,560.3,26.3,71.5,6.47,129.7,59.8,101.8,53.0,4.93
Maize,Maharashtra,Rabi,2.67,671.9,27.5,67.7,7.28,155.1,58.2,107.2,194.1,4.62
Wheat,Haryana,Rabi,6.15,920.8,28.0,89.5,6.09,99.2,46.3,30.0,96.0,4.91
Wheat,Madhya Pradesh,Zaid,4.9,1126.6,30.0,51.1,6.16,104.5,67.2,110.3,,3.74
Cotton,Uttar Pradesh,Zaid,10.92,1166.7,26.8,59.7,6.49,132.6,57.5,140.9,145.6,2.45
Cotton,Madhya Pradesh,Zaid,3.99,1008.4,23.6,73.5,6.79,135.6,68.4,131.4,120.3,2.49
Maize,Haryana,Kharif,5.6,1159.9,34.3,71.7,6.19,50.8,53.3,96.3,82.6,5.22
Cotton,Maharashtra,Zaid,4.28,752.0,21.5,56.0,6.41,117.4,37.6,131.8,202.5,2.4
Wheat,Karnataka,Rabi,6.79,873.9,23.5,83.6,6.09,105.8,39.2,34.5,114.2,4.69
Sugarcane,Madhya Pradesh,Zaid,2.31,1098.3,22.8,70.2,5.96,116.1,103.2,106.1,233.4,93.5
Cotton,Maharashtra,Rabi,5.65,937.4,31.1,57.3,6.56,96.1,78.3,107.1,154.7,2.58
Maize,Punjab,Rabi,4.86,969.8,29.3,74.6,7.33,90.7,75.7,104.8,111.7,5.98
Potato,Punjab,Rabi,2.98,1034.4,23.4,73.3,7.4,159.2,43.2,105.0,185.9,30.59
Wheat,Gujarat,Zaid,9.9,930.7,22.8,81.3,7.21,159.4,29.9,62.7,67.0,3.82
Pulses,Madhya Pradesh,Zaid,5.19,897.1,32.5,67.7,5.84,42.1,38.1,96.7,235.8,1.52
Cotton,Andhra Pradesh,Zaid,2.95,1106.9,30.2,60.6,6.66,154.5,66.9,55.1,,2.58
Groundnut,Maharashtra,Zaid,5.49,755.3,30.3,83.9,5.44,107.2,65.9,121.4,136.0,2.45
Potato,Karnataka,Zaid,3.75,1166.8,40.0,33.4,6.78,88.2,64.2,118.8,170.2,23.95
Wheat,Haryana,Rabi,9.71,1262.9,29.3,69.5,6.36,130.9,70.6,107.0,225.3,4.73
Cotton,Karnataka,Zaid,5.53,897.9,22.9,64.0,6.7,138.3,55.6,32.8,203.2,2.32
Pulses,Madhya Pradesh,Rabi,2.35,1079.1,18.2,60.6,,134.3,47.3,114.2,172.0,1.77
Rice,Uttar Pradesh,Zaid,4.23,699.3,21.6,60.9,6.66,156.3,58.0,105.3,108.8,4.4
Wheat,Maharashtra,Kharif,5.22,741.0,28.9,49.8,7.07,101.3,105.2,101.9,131.1,4.26
Sugarcane,Punjab,Rabi,7.49,1136.7,26.7,67.2,4.8,40.0,72.1,101.8,117.7,99.34
Potato,Tamil Nadu,Rabi,3.87,552.9,21.8,74.3,6.83,95.8,45.1,140.8,130.6,25.88
Cotton,Maharashtra,Kharif,10.96,1144.9,24.0,68.6,8.2,97.8,40.1,88.5,214.3,2.64
Cotton,Maharashtra,Rabi,8.29,440.4,25.8,78.8,7.86,85.6,74.1,101.1,154.5,2.54
Wheat,Gujarat,Kharif,9.97,868.9,24.9,69.8,5.74,124.8,54.7,87.5,73.9,4.23
Wheat,Gujarat,Kharif,5.27,524.1,28.2,42.1,5.6,176.7,25.5,109.0,164.0,4.62
Rice,Andhra Pradesh,Zaid,4.46,882.3,23.8,64.7,5.2,122.7,15.0,38.9,24.8,3.86
Maize,Tamil Nadu,Kharif,1.49,680.4,24.2,71.5,6.53,173.6,50.5,51.3,217.9,5.27
Cotton,Andhra Pradesh,Kharif,3.73,640.8,24.3,81.2,6.53,109.9,83.4,67.4,137.6,2.63
Groundnut,Maharashtra,Rabi,1.75,927.6,19.7,69.8,5.31,116.5,47.6,65.8,165.9,2.52
Rice,Punjab,Zaid,5.65,912.7,31.9,67.0,7.01,115.4,34.8,84.5,132.7,4.54
Sugarcane,Maharashtra,Rabi,1.84,1403.0,20.4,85.4,6.37,107.5,87.4,,118.7,90.41
Wheat,Madhya Pradesh,Zaid,6.65,821.4,21.6,81.6,7.49,150.3,54.9,119.2,209.7,4.09
Cotton,Maharashtra,Zaid,9.48,1405.8,28.0,89.6,5.67,94.5,84.0,71.7,217.7,2.34
Maize,Haryana,Zaid,2.96,385.2,36.2,65.3,6.87,147.3,73.3,86.9,166.9,4.87
Sugarcane,West Bengal,Zaid,4.27,513.4,23.6,73.0,5.69,143.6,62.5,71.8,112.3,90.31
Pulses,Tamil Nadu,Kharif,4.59,651.2,27.4,78.0,7.69,179.9,66.6,91.6,151.2,1.86
Wheat,Gujarat,Kharif,9.25,1146.4,21.2,68.3,5.04,143.4,71.3,75.0,162.9,4.3
Potato,Karnataka,Rabi,2.36,1247.1,30.5,56.3,6.09,89.6,47.0,110.0,26.8,24.9
Groundnut,Madhya Pradesh,Kharif,4.77,1149.3,31.4,64.8,5.99,87.9,51.8,90.4,124.6,2.69
Sugarcane,Madhya Pradesh,Zaid,5.33,631.1,26.8,78.7,5.96,155.9,68.4,108.5,264.6,86.96
Wheat,Madhya Pradesh,Rabi,3.76,1010.7,20.4,83.4,,99.9,36.7,143.6,128.3,4.2
Wheat,Uttar Pradesh,Zaid,8.33,955.5,25.4,73.1,6.28,89.6,68.2,151.7,47.8,4.36
Potato,Punjab,Zaid,4.58,587.1,23.0,64.2,7.93,110.8,66.0,103.2,144.9,26.73
Rice,Gujarat,Rabi,5.69,1079.9,24.9,50.9,7.21,139.7,37.8,48.7,185.3,4.43
Maize,Uttar Pradesh,Kharif,5.53,961.8,21.5,74.0,6.49,40.0,63.9,117.0,198.8,5.68
Rice,Uttar Pradesh,Zaid,7.86,927.4,40.0,76.0,6.86,134.9,58.2,,139.5,4.08
Potato,Maharashtra,Rabi,1.45,440.0,29.7,80.8,7.18,103.8,31.3,143.3,105.9,23.74
Maize,Punjab,Rabi,3.13,743.8,33.4,55.8,5.91,124.3,49.7,,144.1,4.97
Potato,Uttar Pradesh,Zaid,4.54,1028.7,24.2,51.6,7.28,113.8,15.0,32.5,255.6,29.68
Cotton,Madhya Pradesh,Rabi,4.08,929.8,27.8,59.9,7.44,168.7,55.6,113.4,196.6,2.53
Cotton,Haryana,Kharif,5.74,761.2,18.3,73.4,6.97,84.1,85.8,105.4,106.2,2.96
Groundnut,Tamil Nadu,Zaid,4.75,882.5,23.9,63.3,7.24,170.7,53.6,89.0,161.2,2.47
Wheat,Andhra Pradesh,Zaid,4.64,888.3,32.5,61.1,6.64,70.6,75.0,149.6,226.0,4.05
Potato,Haryana,Rabi,2.2,776.4,28.6,74.5,7.2,202.5,66.5,94.4,80.0,30.9
Sugarcane,Haryana,Zaid,4.23,860.8,27.8,86.5,6.77,174.5,57.8,82.6,149.4,112.65
Groundnut,Uttar Pradesh,Zaid,1.05,970.7,31.8,69.3,6.56,117.3,33.5,67.8,85.1,2.5
Potato,Madhya Pradesh,Zaid,0.55,1060.6,21.0,,7.21,93.7,23.5,30.0,75.0,24.38
Cotton,Haryana,Kharif,7.45,497.0,21.4,75.3,6.45,68.7,87.4,46.1,54.9,2.68
Potato,Tamil Nadu,Kharif,1.47,943.2,27.1,93.1,6.4,122.2,46.3,128.8,126.6,25.94
Wheat,Haryana,Zaid,7.64,634.6,23.1,80.2,5.71,136.5,18.7,133.3,,4.58
Sugarcane,Haryana,Rabi,1.2,912.3,34.1,95.0,6.82,96.6,56.6,89.6,139.2,100.02
Groundnut,Maharashtra,Zaid,1.19,933.9,22.5,75.3,6.58,80.4,82.8,114.6,111.6,2.6
Pulses,Punjab,Rabi,3.04,1222.4,29.7,76.0,6.85,144.9,58.9,156.7,91.5,1.95
Pulses,Haryana,Rabi,4.17,950.9,29.4,73.1,6.67,108.7,19.1,132.6,207.8,1.9
Maize,Gujarat,Zaid,4.91,946.4,32.3,77.6,7.29,109.0,54.6,94.1,196.7,5.15
Cotton,Uttar Pradesh,Kharif,8.34,838.4,32.4,62.4,6.66,112.6,34.9,136.9,202.0,2.71
Wheat,West Bengal,Zaid,1.96,758.9,30.7,52.3,6.51,101.8,38.2,130.5,188.3,4.22
Sugarcane,Karnataka,Kharif,6.72,972.0,22.9,73.3,6.07,137.7,114.3,196.1,233.0,109.19
Wheat,Maharashtra,Kharif,1.12,861.6,18.6,79.8,8.1,95.1,15.0,90.2,172.5,4.24
Groundnut,Andhra Pradesh,Zaid,2.53,878.3,35.8,56.2,6.1,152.0,81.0,138.0,156.9,2.65
Rice,Gujarat,Zaid,6.55,868.2,19.9,70.1,6.13,77.0,77.8,146.0,218.8,4.29
Sugarcane,Andhra Pradesh,Rabi,8.4,883.2,22.4,62.0,7.04,111.0,15.0,165.6,183.6,98.69
Rice,Tamil Nadu,Kharif,2.7,401.1,27.0,79.2,6.05,117.3,72.8,147.0,79.1,4.59
Wheat,Karnataka,Kharif,9.89,444.4,28.9,84.4,6.76,94.0,47.3,173.1,202.8,4.57
Sugarcane,Haryana,Kharif,3.13,642.1,15.2,77.6,8.06,116.2,60.6,71.3,213.5,101.55
Potato,Maharashtra,Rabi,0.7,906.6,20.9,51.8,7.29,158.5,90.0,121.0,138.1,27.88
Sugarcane,Gujarat,Zaid,1.9,1294.7,24.5,81.4,6.01,134.0,48.0,124.4,108.5,82.9
Potato,Tamil Nadu,Zaid,4.76,570.4,18.4,57.2,5.52,95.0,85.3,149.8,131.8,25.43
Cotton,Gujarat,Rabi,11.7,250.0,27.0,66.9,6.43,148.2,70.3,40.1,179.9,2.45
Sugarcane,Gujarat,Rabi,1.1,1800.0,18.3,72.5,7.1,141.9,17.0,93.3,227.2,88.03
Wheat,Gujarat,Zaid,8.91,649.5,26.1,42.0,6.89,139.3,45.0,48.8,157.0,3.97
Groundnut,Punjab,Rabi,5.86,751.1,22.1,59.6,6.32,40.0,42.0,100.0,124.5,2.94
Cotton,Haryana,Rabi,9.99,800.6,26.5,78.5,6.96,197.5,59.3,95.7,115.7,2.73
Sugarcane,Andhra Pradesh,Zaid,6.15,923.2,25.5,55.9,7.27,113.2,62.7,107.8,154.6,95.54
Potato,West Bengal,Kharif,2.89,587.4,20.9,51.3,6.53,105.0,32.6,97.5,156.5,28.18
Potato,Tamil Nadu,Kharif,2.09,1164.3,27.9,69.6,6.57,89.4,19.1,116.2,92.9,26.86
Potato,Punjab,Kharif,1.17,653.3,35.5,74.1,7.54,40.0,59.4,137.1,228.0,30.53
Maize,Madhya Pradesh,Kharif,5.45,1008.6,22.7,65.3,7.11,83.5,21.1,98.6,169.3,4.94
Rice,West Bengal,Kharif,5.76,1098.6,21.6,46.0,7.16,99.6,65.7,80.2,101.7,4.63
Pulses,Uttar Pradesh,Rabi,4.86,842.1,28.3,52.0,7.12,65.0,49.2,116.1,32.8,1.73
Rice,Haryana,Kharif,5.56,820.2,27.6,79.9,6.76,164.6,88.0,55.8,136.7,4.84
Pulses,Andhra Pradesh,Rabi,6.66,1012.0,23.9,77.7,6.19,91.4,99.4,105.5,193.1,1.88
Maize,West Bengal,Kharif,6.64,658.8,25.0,78.7,6.29,120.7,88.1,98.9,88.1,5.4
Rice,Haryana,Rabi,1.61,582.3,27.2,75.5,7.39,104.7,90.1,116.9,232.7,4.6
Sugarcane,Karnataka,Kharif,8.42,990.9,18.9,72.2,6.69,98.8,44.5,144.2,143.3,95.16
Pulses,Andhra Pradesh,Kharif,2.88,1063.4,31.8,70.3,7.11,110.6,69.5,134.0,126.3,1.86
Potato,Tamil Nadu,Kharif,4.46,418.0,23.4,69.1,6.81,76.0,93.7,30.0,81.6,28.06
Sugarcane,Punjab,Zaid,1.7,409.8,21.3,62.4,7.69,100.2,84.3,72.4,,97.06
Potato,Karnataka,Kharif,2.29,1253.6,23.9,69.9,5.45,102.4,64.4,129.8,50.8,26.07
Rice,Madhya Pradesh,Rabi,5.96,476.9,26.2,80.2,6.11,183.0,101.4,158.9,62.7,4.04
Cotton,Haryana,Zaid,8.07,1081.8,27.6,54.1,7.87,,36.0,130.3,148.9,2.6
Maize,Gujarat,Zaid,2.71,943.1,27.3,49.8,6.71,197.0,21.9,121.0,171.3,5.0
Maize,Haryana,Kharif,4.45,898.5,22.5,76.1,7.23,49.1,98.7,30.3,,5.56
Rice,Maharashtra,Rabi,6.33,676.0,20.6,67.1,6.24,146.6,83.4,75.3,23.0,4.3
Rice,Maharashtra,Zaid,5.67,876.6,23.2,63.1,6.11,93.8,73.6,132.7,88.8,4.28
Wheat,Maharashtra,Kharif,7.3,824.0,32.8,61.7,5.54,214.2,76.6,162.2,198.5,4.04
Cotton,Tamil Nadu,Kharif,7.0,985.4,23.3,42.2,5.71,82.3,78.4,103.0,173.2,2.7
Maize,Punjab,Zaid,4.41,735.3,21.3,73.0,5.69,76.8,42.8,108.6,92.4,4.46
Cotton,Gujarat,Zaid,10.94,868.4,34.3,53.8,5.92,96.0,54.4,100.3,148.9,2.26
Cotton,West Bengal,Zaid,9.65,411.9,23.2,86.5,6.4,84.0,57.3,92.9,149.3,2.38
Rice,Gujarat,Zaid,2.0,797.4,21.1,85.9,7.78,,67.7,102.4,89.4,3.96
Rice,Haryana,Zaid,3.97,1265.1,23.3,58.2,7.18,60.1,66.0,110.1,216.7,4.51
Rice,Karnataka,Kharif,3.16,612.5,29.5,48.5,7.0,156.0,71.2,66.3,99.4,4.21
Potato,Madhya Pradesh,Zaid,1.81,1197.4,27.1,79.7,6.78,152.7,69.1,109.5,171.0,23.67
Rice,West Bengal,Kharif,1.42,250.0,34.8,48.5,8.18,103.5,72.0,128.1,220.1,4.37
Pulses,Gujarat,Kharif,3.51,1237.9,21.2,31.2,6.33,170.5,62.9,109.7,101.2,1.55
Sugarcane,Haryana,Rabi,2.8,999.5,21.6,61.8,7.09,140.6,59.4,87.3,188.7,106.63
Sugarcane,Punjab,Kharif,2.33,991.8,27.8,81.9,7.59,91.2,83.1,46.9,20.0,105.57
Pulses,Gujarat,Zaid,1.07,1093.2,26.0,49.7,5.94,117.4,47.9,,184.9,1.48
Sugarcane,Gujarat,Kharif,7.94,921.4,29.5,88.8,5.41,147.9,28.4,120.1,293.0,104.1
Wheat,Gujarat,Zaid,7.45,888.4,20.1,59.3,7.41,167.2,56.1,110.7,148.1,4.16
Potato,Uttar Pradesh,Zaid,3.43,662.2,,82.2,6.04,69.2,38.2,74.0,146.7,25.63
Wheat,Punjab,Zaid,6.7,617.0,20.7,73.3,6.06,129.9,30.6,98.1,147.0,4.05
Groundnut,Karnataka,Zaid,4.8,883.9,,63.7,6.72,103.7,19.0,178.2,274.3,2.97
Maize,West Bengal,Zaid,1.34,528.9,31.6,66.3,5.79,117.2,54.5,101.7,175.6,4.45
Sugarcane,Gujarat,Rabi,1.23,676.1,27.2,51.5,6.49,127.8,88.7,112.8,121.6,95.72
Cotton,Gujarat,Zaid,3.25,806.9,26.1,67.4,5.78,113.5,53.1,117.0,91.3,
Pulses,Punjab,Kharif,5.69,666.6,30.5,84.3,6.15,136.8,44.3,71.5,102.3,1.92
Potato,Tamil Nadu,Kharif,1.89,382.0,33.0,64.7,7.73,221.6,78.0,97.7,89.9,25.55
Sugarcane,West Bengal,Rabi,3.32,573.4,25.5,78.0,6.89,82.7,49.9,,152.0,105.24
Wheat,Gujarat,Kharif,7.21,1126.3,18.6,66.4,7.15,114.2,65.0,118.4,101.8,4.31
Cotton,Karnataka,Kharif,3.65,481.8,29.6,76.4,6.62,172.1,37.8,91.8,194.2,2.85
Potato,Haryana,Rabi,3.39,1095.5,18.8,80.6,6.08,105.1,41.6,92.7,87.3,27.23
Cotton,Haryana,Kharif,5.63,740.6,27.2,64.6,7.31,166.7,64.6,102.3,160.2,2.81
Sugarcane,Punjab,Zaid,8.23,1255.8,25.0,77.6,,69.5,48.9,112.4,102.9,97.48
Cotton,Punjab,Kharif,4.36,639.8,40.0,52.3,7.15,171.3,55.1,208.1,227.0,2.86
Sugarcane,Andhra Pradesh,Zaid,7.74,,25.6,62.8,7.35,93.0,,159.4,227.8,98.58
Sugarcane,Andhra Pradesh,Kharif,4.59,492.6,29.6,72.1,6.62,138.4,56.4,109.2,63.8,90.82
Wheat,Tamil Nadu,Rabi,6.68,397.9,31.6,93.6,6.82,117.1,84.3,135.2,26.4,4.75
Rice,Andhra Pradesh,Kharif,6.24,939.6,19.3,76.5,6.84,116.2,55.0,89.5,118.4,4.82
Rice,Karnataka,Rabi,6.17,996.5,28.9,66.9,5.42,160.1,31.4,168.6,113.5,4.74
Rice,Haryana,Rabi,3.02,716.0,21.7,70.8,6.4,104.3,51.2,116.4,102.0,4.75
Rice,Andhra Pradesh,Rabi,3.19,546.0,26.4,64.6,6.85,74.9,38.4,74.4,107.9,4.62
Groundnut,Maharashtra,Zaid,5.91,414.8,29.9,95.0,7.8,123.7,27.1,113.2,80.5,2.25
Groundnut,Gujarat,Rabi,3.33,404.7,,63.7,,179.1,82.9,162.4,143.0,2.94
Groundnut,Andhra Pradesh,Rabi,4.03,494.1,38.6,72.3,7.02,174.0,59.3,129.8,134.6,2.97
Maize,Madhya Pradesh,Kharif,1.06,445.9,21.6,73.2,7.2,117.2,25.7,96.8,213.0,4.93
Rice,Punjab,Zaid,7.84,905.6,26.3,85.8,7.84,141.7,72.6,104.0,130.3,4.73
Pulses,West Bengal,Zaid,1.02,586.0,24.5,57.0,6.05,115.9,66.7,68.4,141.5,1.72
Rice,West Bengal,Rabi,2.82,1011.3,28.4,69.6,6.8,63.8,80.6,83.2,173.0,4.78
Sugarcane,Uttar Pradesh,Zaid,4.2,647.8,27.7,71.4,7.41,143.0,48.5,89.0,112.0,89.13
Maize,Haryana,Rabi,3.19,729.4,22.3,55.5,5.75,141.6,46.6,111.2,177.7,5.32
Potato,Gujarat,Rabi,4.08,1075.9,22.6,95.0,7.19,147.7,29.7,157.5,149.3,25.83
Rice,West Bengal,Zaid,4.64,762.9,20.9,75.8,7.18,110.9,33.8,62.2,126.6,4.45
Groundnut,Madhya Pradesh,Zaid,4.64,567.3,32.7,58.5,5.13,124.3,66.0,117.4,235.2,2.72
Wheat,Maharashtra,Kharif,9.95,250.0,30.7,56.9,6.43,86.9,67.8,76.1,194.9,4.51
Groundnut,Madhya Pradesh,Zaid,5.83,600.3,36.1,76.7,5.47,105.1,42.4,37.2,150.0,2.64
Cotton,Haryana,Zaid,5.7,536.0,20.4,73.1,7.45,184.0,29.7,,120.7,2.42
Wheat,Maharashtra,Rabi,9.26,1329.9,26.0,71.4,6.75,154.0,50.6,108.7,148.2,4.05
Wheat,Gujarat,Zaid,2.14,1109.3,18.5,67.2,6.62,159.2,62.0,123.4,166.4,3.77
Cotton,Tamil Nadu,Kharif,3.12,702.4,24.1,51.9,6.02,51.1,43.8,63.4,218.3,2.8
Potato,Gujarat,Zaid,2.81,718.2,22.5,62.8,6.22,138.0,65.5,83.4,186.2,23.41
Cotton,Tamil Nadu,Kharif,8.24,420.5,23.6,55.7,6.57,184.1,54.6,124.1,130.5,2.66
Cotton,Punjab,Zaid,9.86,1024.9,30.0,62.7,8.14,140.9,32.0,30.0,84.0,2.62
Sugarcane,West Bengal,Zaid,5.89,787.5,31.1,61.1,6.39,162.3,55.0,73.5,243.5,92.36
Groundnut,Karnataka,Kharif,4.22,1055.0,23.6,73.9,6.75,156.9,40.3,67.2,183.0,2.87
Rice,Punjab,Zaid,4.58,612.6,28.5,51.3,6.07,126.2,63.5,181.1,57.2,4.19
Sugarcane,Madhya Pradesh,Rabi,4.43,1143.3,36.6,72.5,6.39,105.9,36.1,118.4,197.2,95.62
Groundnut,Madhya Pradesh,Rabi,1.18,1059.9,24.0,64.5,6.67,147.7,59.9,73.1,155.8,2.64
Wheat,Tamil Nadu,Zaid,8.72,924.2,34.1,89.0,6.52,139.1,38.2,89.7,197.0,4.4
Potato,Madhya Pradesh,Zaid,1.26,716.5,30.0,55.2,6.93,118.4,22.8,84.7,163.9,24.94
Rice,Maharashtra,Kharif,2.91,738.2,22.0,51.2,6.49,163.3,43.5,86.3,207.0,4.43
Rice,Haryana,Kharif,3.53,1348.2,23.7,65.1,6.39,102.2,49.9,133.4,124.2,4.72
Groundnut,Punjab,Zaid,2.34,977.7,26.1,62.4,6.46,141.4,72.8,129.6,174.7,3.02
Potato,Madhya Pradesh,Zaid,2.55,750.9,35.0,,6.66,88.9,74.3,111.6,120.7,25.47
Rice,Gujarat,Kharif,4.22,968.7,30.2,80.7,6.14,147.3,66.6,85.8,154.8,4.29
Cotton,Madhya Pradesh,Kharif,2.27,1466.5,24.6,38.1,7.22,216.7,72.9,154.7,109.8,2.77
Maize,Uttar Pradesh,Rabi,5.45,1144.3,26.5,60.6,,93.3,43.0,85.7,133.0,5.13
Potato,Andhra Pradesh,Zaid,3.55,250.0,24.6,61.2,6.02,115.7,52.8,154.6,161.3,24.86
Maize,Haryana,Zaid,4.97,1111.6,26.9,67.8,7.58,151.7,73.6,68.9,92.8,4.9
Maize,Andhra Pradesh,Zaid,5.62,752.1,23.8,59.2,8.13,55.7,59.6,81.4,115.6,4.33
Pulses,Andhra Pradesh,Kharif,3.14,943.0,31.3,76.0,7.07,145.9,64.8,130.2,165.9,1.71
Pulses,Haryana,Kharif,4.63,745.9,18.7,60.3,5.98,137.0,65.7,165.0,155.0,1.92
Cotton,Haryana,Rabi,3.19,1191.2,19.8,72.1,7.4,40.0,79.3,98.5,150.7,2.53
Wheat,Andhra Pradesh,Rabi,7.2,1063.6,24.9,59.4,7.41,149.5,58.7,114.1,146.7,4.67
Cotton,Maharashtra,Kharif,2.42,1167.6,25.9,51.5,7.73,134.5,64.9,100.2,244.0,2.45
Rice,Gujarat,Rabi,6.88,685.8,19.3,65.3,5.44,138.6,40.7,86.9,183.9,4.59
Maize,Uttar Pradesh,Rabi,6.72,323.9,33.5,64.8,7.1,103.9,28.4,108.9,109.8,4.87
Sugarcane,Maharashtra,Rabi,1.06,1319.2,23.3,68.4,7.62,161.6,71.5,141.3,128.6,91.6
Maize,Andhra Pradesh,Kharif,2.47,791.3,31.2,73.0,7.18,139.5,69.7,62.6,279.5,5.84
Maize,Madhya Pradesh,Kharif,6.85,585.6,28.2,67.8,7.18,172.3,67.4,51.9,124.1,5.21
Pulses,Maharashtra,Kharif,1.83,1183.3,32.8,77.3,7.51,164.1,46.3,114.7,144.2,1.61
Maize,Andhra Pradesh,Rabi,2.53,887.2,17.8,64.3,6.01,104.4,72.1,121.4,231.0,5.48
Cotton,Maharashtra,Rabi,9.13,712.8,31.8,54.3,6.19,216.0,56.8,90.5,95.0,2.47
Rice,Andhra Pradesh,Zaid,3.07,720.0,37.1,79.6,7.39,65.1,56.3,138.0,79.6,3.14
Cotton,Punjab,Kharif,4.99,680.0,16.3,64.4,6.56,119.0,44.5,125.0,214.6,2.73
Pulses,Punjab,Zaid,4.38,583.0,20.7,,4.8,182.6,58.3,114.4,81.3,1.69
Wheat,Punjab,Rabi,1.98,271.5,27.4,62.3,6.55,98.1,36.1,127.9,91.0,4.35
Pulses,Haryana,Rabi,1.18,671.8,32.2,77.3,7.29,135.3,80.0,45.1,173.1,1.77
Groundnut,Andhra Pradesh,Kharif,3.78,787.4,25.3,64.2,6.39,141.1,36.1,127.6,168.2,2.85
Rice,Haryana,Kharif,2.56,876.7,24.6,53.5,6.75,117.3,59.5,102.6,198.1,5.33
Rice,Madhya Pradesh,Kharif,5.23,1218.2,26.3,59.5,7.03,91.9,60.2,33.7,71.6,4.45
Cotton,Karnataka,Rabi,3.11,1167.5,32.1,61.0,6.41,92.8,42.5,95.2,119.8,2.33
Wheat,Madhya Pradesh,Rabi,3.67,,33.0,66.3,6.73,151.0,51.8,92.0,144.6,4.46
Groundnut,Tamil Nadu,Rabi,5.04,1050.1,27.4,66.0,6.74,46.3,36.0,147.9,213.3,2.72
Sugarcane,Karnataka,Rabi,5.97,1207.0,26.7,75.0,6.81,152.0,39.0,141.8,109.5,92.84
Pulses,Maharashtra,Zaid,4.67,862.8,26.8,67.4,7.88,80.2,35.2,87.2,146.5,1.57
Rice,Gujarat,Rabi,1.92,816.2,25.2,60.9,6.02,180.2,15.0,60.5,204.3,5.0
Groundnut,Maharashtra,Rabi,3.74,643.2,27.3,59.0,6.44,72.9,48.2,98.7,139.1,2.75
Groundnut,Haryana,Kharif,4.39,961.9,18.5,55.8,8.16,93.8,21.4,75.5,131.4,2.91
Pulses,Gujarat,Rabi,5.98,831.8,38.2,73.7,6.63,186.4,91.4,108.7,203.1,1.84
Wheat,Gujarat,Zaid,8.42,698.6,26.4,58.2,6.75,109.8,64.4,141.6,98.4,3.97
Pulses,Gujarat,Zaid,2.87,841.3,25.8,61.4,7.15,115.5,27.9,120.8,20.0,1.46
Rice,Gujarat,Rabi,4.0,638.4,17.4,69.2,7.99,105.8,80.7,109.6,59.7,4.47
Potato,Karnataka,Zaid,4.71,530.5,22.6,81.7,7.1,166.7,70.9,37.4,81.0,22.03
Sugarcane,Punjab,Kharif,8.57,952.8,33.1,79.8,7.93,153.3,70.7,85.4,202.9,111.67
Rice,Tamil Nadu,Kharif,3.75,997.2,31.5,63.9,6.64,193.2,30.3,91.4,171.5,4.68
Pulses,Madhya Pradesh,Zaid,2.8,503.3,30.3,48.7,6.08,143.5,68.7,133.1,244.1,1.66
Potato,Andhra Pradesh,Kharif,4.02,842.3,24.0,54.1,6.5,149.2,23.9,137.7,149.3,26.87
Potato,Tamil Nadu,Zaid,2.17,671.2,28.7,75.6,6.87,187.1,52.4,39.4,164.3,24.18
Potato,Maharashtra,Zaid,2.99,678.6,15.0,56.5,6.77,158.2,53.2,104.9,113.5,
Potato,Gujarat,Kharif,4.82,1144.5,22.1,79.3,7.68,55.4,56.8,122.1,145.0,27.48
Rice,Andhra Pradesh,Rabi,6.91,1137.7,29.4,82.5,7.46,190.7,77.6,133.4,175.7,4.87
Maize,Tamil Nadu,Rabi,5.05,911.9,26.6,57.1,7.29,151.9,66.6,88.7,222.2,6.02
Maize,Haryana,Kharif,6.52,950.6,20.7,56.8,6.81,146.0,75.8,94.1,225.9,5.53
Wheat,Punjab,Zaid,1.74,1172.0,38.3,72.9,6.61,156.0,58.7,90.9,170.7,4.16
Wheat,Andhra Pradesh,Rabi,2.81,840.5,28.9,70.3,7.46,54.3,62.9,90.1,144.5,4.13
Cotton,Karnataka,Kharif,5.44,250.0,24.5,95.0,6.47,81.5,55.5,111.3,178.2,2.38
Maize,Madhya Pradesh,Zaid,5.1,1032.2,30.7,68.0,6.99,165.5,15.0,94.5,130.8,4.27
Maize,Madhya Pradesh,Zaid,2.91,1086.0,23.3,67.0,6.76,95.6,49.0,48.3,86.8,4.35
Cotton,Gujarat,Zaid,3.97,1545.8,29.4,57.8,6.36,108.6,50.5,30.0,150.1,2.0
Wheat,West Bengal,Rabi,9.93,772.5,25.7,95.0,7.19,112.3,81.5,113.5,129.9,4.82
Groundnut,Tamil Nadu,Zaid,5.02,727.7,20.1,55.2,7.02,71.5,71.2,86.0,120.1,2.5
Rice,Karnataka,Zaid,1.68,1407.8,29.0,72.6,8.05,149.2,91.3,71.1,106.3,4.14
Pulses,Karnataka,Zaid,3.95,846.1,21.6,71.3,6.61,62.1,73.9,55.1,214.6,1.64
Cotton,Gujarat,Rabi,7.31,1082.7,30.4,78.8,6.74,96.5,76.7,57.4,192.7,2.54
Groundnut,Maharashtra,Rabi,1.09,1151.0,32.7,69.6,7.42,111.6,,127.7,172.7,2.69
Pulses,Madhya Pradesh,Zaid,1.35,1264.7,24.0,65.5,7.46,183.6,78.0,88.4,127.0,1.49
Wheat,Maharashtra,Kharif,3.36,671.7,26.9,87.1,7.13,100.3,74.3,132.5,169.6,4.46
Maize,Madhya Pradesh,Kharif,4.28,1048.2,28.0,75.3,6.14,106.8,90.2,110.9,97.2,5.5
Pulses,West Bengal,Zaid,3.76,880.4,20.2,48.9,6.39,182.5,51.9,129.4,66.4,1.89
Potato,West Bengal,Rabi,4.88,804.2,25.1,44.3,6.19,203.9,36.3,117.8,141.6,27.74
Groundnut,Karnataka,Zaid,1.35,635.4,26.0,69.8,7.12,168.1,63.4,112.2,116.2,2.49
Wheat,Madhya Pradesh,Zaid,8.8,806.6,34.0,,7.87,166.5,75.5,75.9,168.3,3.54
Potato,Punjab,Zaid,1.44,1136.6,26.6,78.3,7.74,40.0,46.6,89.0,155.6,24.01
Cotton,Maharashtra,Rabi,8.31,912.6,27.3,58.7,7.0,112.8,84.3,137.7,160.0,2.62
Cotton,Madhya Pradesh,Zaid,6.63,900.1,25.2,53.7,7.72,117.1,85.5,142.4,142.0,2.38
Sugarcane,Andhra Pradesh,Zaid,6.91,767.4,25.7,57.5,5.45,164.7,30.5,120.2,131.6,83.98
Wheat,Maharashtra,Kharif,7.84,790.8,35.5,81.7,5.63,130.9,41.2,148.4,148.3,4.44
Pulses,Haryana,Zaid,6.94,791.7,28.9,59.8,5.97,170.1,70.2,,185.1,1.94
Pulses,Madhya Pradesh,Rabi,5.22,742.6,24.3,73.4,,161.9,43.6,144.8,196.5,1.71
Groundnut,West Bengal,Rabi,4.57,758.0,34.8,65.9,7.62,176.1,74.9,105.3,69.4,2.86
Groundnut,Madhya Pradesh,Zaid,5.23,,30.0,64.0,6.06,129.9,60.6,128.5,182.6,2.59
Cotton,Karnataka,Kharif,9.22,992.3,25.7,74.7,5.78,93.5,36.3,109.0,188.4,2.53
Cotton,Madhya Pradesh,Zaid,4.75,1087.9,29.1,63.5,4.92,115.8,60.0,70.9,170.2,2.21
Wheat,Maharashtra,Zaid,6.4,694.4,20.2,58.8,7.1,106.0,58.6,86.1,114.3,3.59
Cotton,Haryana,Kharif,6.75,1430.5,25.6,56.7,7.1,78.8,15.0,90.6,54.6,2.79
Pulses,West Bengal,Zaid,6.87,926.6,26.5,58.9,6.06,172.2,54.7,181.0,247.9,1.78
Pulses,Uttar Pradesh,Kharif,6.54,1003.6,23.7,72.9,6.08,125.0,34.9,119.1,44.8,1.83
Maize,Punjab,Zaid,6.79,944.2,25.5,90.7,6.42,174.2,37.3,132.8,77.3,5.39
Wheat,Karnataka,Rabi,2.38,756.7,20.9,68.1,7.04,122.4,46.2,159.0,101.2,4.13
Cotton,Maharashtra,Rabi,5.23,1257.2,25.3,66.3,5.48,108.8,51.7,99.2,199.3,2.31
Pulses,Andhra Pradesh,Zaid,6.22,1094.3,23.2,70.1,7.28,82.8,59.4,109.5,214.7,1.65
Maize,Andhra Pradesh,Rabi,3.2,899.2,27.0,89.1,7.39,220.1,93.7,35.5,,5.9
Rice,Haryana,Zaid,1.14,1166.3,34.0,70.3,6.51,152.1,88.0,109.2,73.2,3.97
Pulses,Punjab,Zaid,5.35,995.1,29.2,79.7,7.14,140.5,,97.2,162.0,1.85
Sugarcane,Andhra Pradesh,Zaid,7.38,614.0,28.7,71.3,6.05,119.3,62.0,77.4,153.4,79.22
Wheat,Madhya Pradesh,Rabi,3.43,250.0,31.1,67.8,6.18,94.2,31.2,97.3,122.7,3.98
Rice,Gujarat,Rabi,3.0,1299.0,22.2,62.0,6.35,164.8,63.0,139.6,184.5,4.6
Potato,Andhra Pradesh,Zaid,0.74,1012.7,27.9,90.2,8.2,79.5,65.3,102.2,195.8,24.45
Pulses,West Bengal,Rabi,1.19,644.4,28.7,65.6,6.8,166.1,63.9,128.3,131.0,1.79
Groundnut,Punjab,Rabi,2.63,1403.2,30.5,64.1,7.88,98.3,44.9,89.5,170.0,2.74
Rice,Gujarat,Kharif,5.56,1186.8,32.5,70.4,5.85,142.0,96.2,115.3,157.1,4.77
Sugarcane,Karnataka,Rabi,4.75,654.7,15.0,58.4,7.74,198.7,61.7,70.3,195.1,100.34
Pulses,Madhya Pradesh,Kharif,2.1,526.0,26.6,71.8,6.88,162.1,62.7,102.1,188.6,1.85
Pulses,Madhya Pradesh,Zaid,6.14,470.8,20.1,90.0,7.84,181.7,54.0,82.1,130.6,1.66
Wheat,Haryana,Rabi,4.36,919.8,31.8,63.8,5.49,93.8,51.6,81.4,181.3,4.71
Maize,Uttar Pradesh,Rabi,5.57,983.8,24.2,44.4,6.98,124.4,40.5,138.7,66.4,5.12
Groundnut,Tamil Nadu,Rabi,1.2,555.1,23.2,59.0,6.77,142.2,16.7,75.1,126.4,2.86
Cotton,Karnataka,Kharif,10.75,897.5,33.1,74.7,7.53,162.9,72.0,64.6,120.2,2.71
Cotton,Karnataka,Kharif,10.11,647.1,27.6,73.0,5.99,75.9,61.7,102.5,300.0,2.64
Wheat,Haryana,Kharif,6.41,799.0,24.2,77.5,6.11,197.3,55.3,123.6,164.1,5.02
Wheat,Gujarat,Kharif,8.44,387.7,38.1,56.7,6.53,109.1,45.7,99.6,142.2,4.02
Maize,Karnataka,Rabi,5.19,732.6,21.1,78.5,5.12,126.9,51.4,151.7,187.9,5.63
Rice,Karnataka,Zaid,5.76,358.2,36.9,63.4,7.15,149.2,19.6,143.8,126.0,3.66
Cotton,Punjab,Zaid,9.92,759.2,33.2,57.8,6.37,151.5,26.1,130.3,116.9,2.47
Potato,Gujarat,Kharif,3.67,660.4,23.3,66.1,7.38,124.3,50.0,39.0,46.5,25.74
Wheat,Andhra Pradesh,Rabi,5.19,1191.0,23.7,65.0,7.04,83.3,85.9,105.5,116.2,4.46
Groundnut,Tamil Nadu,Zaid,5.23,1206.6,27.2,80.3,7.06,142.1,51.7,157.1,24.1,2.51
Groundnut,Punjab,Kharif,5.07,932.2,28.3,71.5,6.56,201.3,67.4,,84.6,3.19
Wheat,Andhra Pradesh,Kharif,3.87,1289.7,29.8,73.0,6.59,104.3,55.3,83.3,115.3,4.09
Rice,Tamil Nadu,Kharif,2.68,548.0,36.6,48.4,6.03,122.0,51.4,67.7,82.3,4.15
Pulses,Maharashtra,Zaid,2.89,317.1,31.5,68.4,6.06,116.4,46.1,73.5,38.9,1.28
Cotton,Madhya Pradesh,Zaid,9.88,818.6,29.7,70.0,6.78,180.4,67.1,107.0,110.9,2.65
Rice,Uttar Pradesh,Zaid,4.16,1144.6,35.9,82.6,5.05,144.0,40.8,136.4,211.8,3.85
Sugarcane,Madhya Pradesh,Kharif,6.88,512.1,37.1,74.4,5.02,160.3,16.4,161.7,101.2,95.48
Maize,Uttar Pradesh,Kharif,2.9,250.0,30.1,92.0,6.32,175.9,56.7,149.3,93.3,5.38
Maize,Madhya Pradesh,Zaid,1.49,737.3,29.6,59.5,6.56,66.0,53.7,191.4,300.0,4.72
Maize,Karnataka,Kharif,6.62,866.1,15.0,71.7,7.66,137.4,15.0,78.8,240.7,5.41
Cotton,West Bengal,Rabi,4.47,958.8,35.2,67.4,7.67,164.0,71.0,67.0,150.6,2.86
Sugarcane,Punjab,Zaid,1.63,638.8,33.8,66.0,6.47,97.6,29.1,43.8,222.3,93.06
Pulses,Andhra Pradesh,Rabi,1.08,713.7,28.9,37.4,5.8,83.3,44.6,103.9,169.0,1.91
Cotton,Maharashtra,Zaid,10.28,577.3,27.1,71.6,6.56,190.0,73.2,91.6,139.3,2.19
Cotton,Uttar Pradesh,Zaid,7.92,1130.7,27.9,78.0,,124.0,62.8,46.9,166.1,2.4
Sugarcane,Madhya Pradesh,Rabi,5.19,256.2,31.8,61.2,6.16,97.1,61.3,85.9,169.5,89.59
Potato,Haryana,Zaid,4.03,1170.8,30.7,81.3,6.38,143.3,64.8,104.1,159.5,26.4
Potato,Haryana,Zaid,3.42,1083.0,30.8,64.1,7.76,71.1,59.2,135.2,158.7,25.77
Maize,Tamil Nadu,Kharif,6.28,525.4,31.3,75.0,7.6,114.1,34.6,84.8,172.0,5.34
Cotton,Tamil Nadu,Zaid,6.13,780.6,20.4,68.6,6.86,143.2,78.0,79.2,139.6,2.45
Maize,Madhya Pradesh,Kharif,6.76,438.4,23.0,61.7,7.01,119.1,38.5,87.4,106.9,4.76
Pulses,Punjab,Rabi,1.01,1033.0,21.0,91.1,6.2,121.1,77.5,94.1,92.7,1.74
Potato,Uttar Pradesh,Rabi,2.09,1168.0,30.3,82.7,5.91,166.9,61.8,97.3,200.0,26.18
Wheat,Tamil Nadu,Zaid,5.47,628.5,28.8,59.9,7.05,79.6,54.3,166.9,126.3,3.77
Cotton,Uttar Pradesh,Zaid,6.05,1208.3,23.4,70.0,6.43,75.1,61.7,128.5,97.9,2.33
Rice,West Bengal,Zaid,1.42,292.1,25.6,63.9,6.66,166.5,72.3,68.0,142.2,4.44
Sugarcane,Andhra Pradesh,Zaid,6.61,906.5,38.0,41.1,4.81,84.8,68.7,159.0,99.7,84.62
Rice,West Bengal,Kharif,6.84,863.7,23.4,74.1,8.05,211.2,56.8,141.9,177.7,5.05
Cotton,Tamil Nadu,Zaid,2.43,374.5,28.4,80.1,6.11,86.7,26.9,,189.2,2.24
Groundnut,Haryana,Rabi,4.85,579.9,25.2,78.5,5.93,162.4,97.3,118.4,195.8,2.89
Rice,Haryana,Zaid,2.31,761.1,27.4,75.6,6.27,117.7,101.1,158.2,113.3,4.04
Sugarcane,Andhra Pradesh,Zaid,7.62,491.8,21.9,64.9,7.17,79.9,53.3,61.8,170.0,83.03
Rice,Maharashtra,Rabi,6.01,682.8,26.6,75.4,6.67,82.8,56.4,107.2,120.6,4.44
Rice,Madhya Pradesh,Kharif,1.1,900.0,21.5,54.9,6.38,85.6,76.0,50.1,88.7,4.49
Potato,Karnataka,Zaid,4.07,560.9,31.0,60.5,8.08,,47.6,122.5,47.0,24.32
Groundnut,Haryana,Rabi,3.34,962.2,29.2,64.6,5.79,91.2,95.1,111.8,136.5,2.77
Potato,Uttar Pradesh,Zaid,4.88,1036.7,25.0,63.0,6.85,89.6,64.6,93.6,218.5,25.4
Pulses,West Bengal,Zaid,4.48,720.7,22.2,42.0,7.32,129.2,48.6,85.4,55.3,1.54
Wheat,Karnataka,Kharif,6.77,767.0,26.7,63.1,6.75,57.4,15.0,30.0,208.0,4.47
Groundnut,Maharashtra,Zaid,5.37,1070.1,26.1,56.8,6.34,65.4,53.2,53.3,50.4,2.37
Rice,Maharashtra,Kharif,6.48,857.5,26.8,66.9,5.2,191.4,70.5,97.6,121.8,4.38
Rice,Haryana,Zaid,7.5,852.0,26.3,70.0,7.08,96.6,21.1,138.4,150.6,4.44
Groundnut,Gujarat,Zaid,1.58,991.1,24.6,78.7,6.77,61.9,70.4,51.9,164.5,2.65
Wheat,West Bengal,Zaid,2.39,473.9,16.7,54.7,5.69,91.8,41.0,126.1,150.7,3.5
Wheat,Tamil Nadu,Kharif,6.74,1049.3,21.1,61.7,7.88,169.8,87.0,120.9,,4.58
Groundnut,West Bengal,Kharif,5.96,1139.5,29.8,93.0,6.88,138.1,77.2,86.5,117.7,3.07
Maize,Gujarat,Kharif,1.25,928.8,22.9,79.5,5.69,180.8,49.4,115.9,69.5,5.55
Sugarcane,Maharashtra,Rabi,3.98,527.0,23.3,77.8,7.45,40.0,74.6,159.8,76.5,90.32
Sugarcane,Karnataka,Rabi,2.77,1074.7,31.6,61.7,5.52,87.7,66.0,122.0,190.5,83.82
Maize,Maharashtra,Zaid,5.72,965.2,23.8,62.6,7.39,40.0,39.6,85.6,235.1,4.27
Groundnut,Gujarat,Rabi,5.97,468.2,19.4,75.2,7.89,83.7,66.1,73.1,142.6,2.45
Cotton,Karnataka,Zaid,4.21,926.0,27.0,59.4,6.12,91.3,37.7,120.1,107.1,2.2
Potato,Uttar Pradesh,Kharif,1.93,1287.6,23.4,67.9,5.37,81.2,57.2,104.6,125.9,27.1
Potato,Tamil Nadu,Kharif,3.97,970.6,26.6,84.6,7.0,117.7,53.3,147.7,136.5,26.69
Groundnut,Uttar Pradesh,Rabi,5.21,988.8,32.5,75.4,7.77,132.4,56.5,100.6,242.5,3.1
Sugarcane,Karnataka,Zaid,4.4,930.0,40.0,,7.47,74.0,80.6,173.6,42.3,81.01
Potato,Tamil Nadu,Zaid,2.35,450.0,22.0,57.6,5.61,103.0,93.1,59.7,136.6,24.47
Cotton,Uttar Pradesh,Rabi,10.59,892.0,27.6,49.7,6.55,162.7,84.8,125.1,164.8,3.16
Cotton,Andhra Pradesh,Kharif,7.79,873.7,34.8,59.8,7.08,106.5,83.9,92.2,88.9,2.69
Maize,Tamil Nadu,Rabi,1.83,896.0,32.4,70.5,5.61,115.7,66.0,130.2,138.7,5.11
Wheat,Haryana,Zaid,5.24,829.5,26.6,42.7,5.78,80.2,36.5,92.4,210.8,4.49
Maize,Andhra Pradesh,Kharif,2.82,965.6,29.0,52.3,8.2,187.3,40.6,112.9,152.8,5.15
Wheat,Andhra Pradesh,Kharif,8.86,,31.1,71.3,6.55,123.6,40.4,,98.2,4.03
Pulses,Uttar Pradesh,Zaid,3.99,1122.3,35.3,62.3,6.32,181.5,52.7,145.1,135.0,1.69
Potato,Tamil Nadu,Rabi,3.12,519.1,28.6,55.4,6.64,110.2,48.8,82.4,174.5,26.97
Potato,Andhra Pradesh,Kharif,2.34,356.9,26.8,69.9,5.17,133.4,61.6,72.8,127.8,26.76
Rice,Uttar Pradesh,Rabi,6.54,608.0,26.0,49.3,7.52,123.2,15.0,115.8,165.1,4.95
Potato,Madhya Pradesh,Kharif,0.51,1009.2,31.0,69.6,6.81,177.1,56.2,96.1,242.8,26.7
Cotton,Madhya Pradesh,Zaid,7.31,250.0,19.5,57.5,6.64,130.3,87.3,123.5,128.4,2.09
Groundnut,Haryana,Kharif,5.51,954.0,18.0,49.8,5.97,159.2,23.2,147.8,146.5,2.95
Wheat,Haryana,Rabi,7.67,1073.1,15.0,74.0,6.56,163.7,60.3,49.8,20.0,4.43
Cotton,West Bengal,Rabi,4.55,774.4,23.2,87.7,6.9,131.4,31.9,131.8,168.6,2.61
Maize,Andhra Pradesh,Rabi,5.03,761.6,25.1,81.1,7.51,137.7,51.9,147.1,111.7,5.01
Rice,Karnataka,Rabi,2.29,825.8,20.8,65.3,6.39,81.6,62.6,96.3,124.0,4.5
Wheat,Tamil Nadu,Zaid,7.87,1299.9,24.3,66.7,6.75,40.0,86.7,93.0,289.5,4.08
Potato,Uttar Pradesh,Rabi,2.4,910.6,20.0,95.0,5.84,126.4,53.4,105.3,106.5,26.11
Potato,Andhra Pradesh,Zaid,3.75,1018.1,31.1,63.3,5.04,141.6,23.4,43.8,99.9,21.3
Wheat,Haryana,Rabi,7.9,961.2,32.3,65.1,7.12,151.0,74.4,104.7,176.4,4.8
Pulses,Punjab,Kharif,5.83,729.8,38.7,66.2,7.38,88.6,48.4,148.7,111.3,1.77
Pulses,Karnataka,Kharif,4.85,1134.5,18.5,73.5,6.93,60.0,66.3,91.9,168.1,1.79
Pulses,Karnataka,Rabi,5.27,760.6,24.7,60.2,7.38,127.9,54.5,89.5,156.3,1.81
Sugarcane,Karnataka,Zaid,3.48,968.7,25.3,71.8,7.19,80.7,21.1,67.7,39.3,73.22
Rice,West Bengal,Rabi,6.74,1361.6,32.7,65.8,6.38,40.0,35.7,114.9,110.2,4.4
Maize,Gujarat,Rabi,2.67,485.1,25.9,76.7,7.07,130.7,,69.5,186.2,4.92
Wheat,Gujarat,Rabi,4.72,864.6,24.0,82.1,7.5,161.7,23.0,95.5,103.1,4.04
Sugarcane,Tamil Nadu,Rabi,7.35,1093.9,27.9,49.6,6.11,114.5,48.4,,180.5,91.83
Sugarcane,Andhra Pradesh,Zaid,2.14,950.5,33.2,75.1,6.46,128.4,44.0,75.9,141.5,81.42
Sugarcane,Karnataka,Zaid,5.26,947.3,29.1,86.0,5.52,136.4,61.3,,92.3,79.1
Potato,Uttar Pradesh,Zaid,2.71,1067.1,26.1,63.9,7.18,131.3,27.4,133.5,171.1,24.08
Cotton,Madhya Pradesh,Kharif,7.25,979.6,23.7,68.3,6.84,128.8,74.1,39.1,166.9,2.68
Maize,Madhya Pradesh,Zaid,5.87,1246.5,28.0,68.2,5.77,139.4,38.2,97.6,213.3,4.15
Groundnut,Andhra Pradesh,Rabi,3.44,786.5,33.4,50.1,6.29,83.9,71.2,53.3,151.7,2.71
Potato,West Bengal,Kharif,0.97,860.7,28.9,68.7,6.49,124.7,75.4,121.1,81.1,26.75
Sugarcane,West Bengal,Zaid,5.37,502.6,15.0,83.3,7.38,170.8,69.1,134.0,149.0,86.8
Sugarcane,Karnataka,Zaid,5.54,546.0,23.9,64.9,5.57,98.7,55.1,115.9,119.3,88.58
Sugarcane,Andhra Pradesh,Kharif,3.43,1032.4,30.4,65.0,6.75,192.4,45.8,121.9,104.4,96.14
Potato,Madhya Pradesh,Kharif,4.45,250.0,33.4,59.8,6.54,161.0,47.8,122.4,159.2,27.49
Rice,Gujarat,Zaid,5.63,670.1,26.4,49.8,6.81,146.6,70.4,47.5,159.4,3.87
Wheat,Tamil Nadu,Zaid,6.66,637.9,24.0,51.5,6.31,88.0,74.9,166.6,98.2,4.13
Rice,Andhra Pradesh,Kharif,4.28,817.9,30.7,57.3,6.38,133.2,44.7,39.8,170.8,4.64
Sugarcane,Haryana,Zaid,2.15,1136.0,34.7,75.2,7.34,151.5,58.8,156.5,,103.43
Pulses,West Bengal,Kharif,4.28,250.0,24.5,72.4,5.37,125.1,20.8,105.6,131.9,1.81
Pulses,Karnataka,Rabi,4.06,679.1,19.9,88.4,6.36,130.4,53.1,124.7,265.9,1.76
Wheat,Uttar Pradesh,Kharif,7.42,812.6,34.6,79.3,6.88,116.6,79.8,140.5,153.9,4.51
Cotton,Gujarat,Zaid,8.31,336.3,40.0,68.8,,147.3,37.8,79.3,191.1,2.17
Maize,West Bengal,Zaid,1.86,,25.1,62.3,7.15,100.4,67.4,98.7,173.6,4.41
Sugarcane,Madhya Pradesh,Zaid,4.08,685.5,26.5,62.7,6.63,122.7,79.8,120.0,144.3,92.62
Rice,Haryana,Kharif,3.84,1126.9,32.0,77.2,6.25,72.9,32.4,76.5,201.2,4.61
Pulses,Gujarat,Rabi,3.17,1363.7,22.9,68.0,,122.5,43.5,146.3,117.7,1.68
Groundnut,Uttar Pradesh,Rabi,5.99,540.7,36.5,63.6,5.41,109.3,50.1,191.7,93.5,2.71
Wheat,Tamil Nadu,Zaid,9.71,655.6,26.0,59.5,5.76,203.1,57.2,120.9,158.2,4.2
Potato,Uttar Pradesh,Kharif,2.66,751.6,25.0,70.6,5.95,113.5,61.9,122.4,198.2,27.61
Rice,Punjab,Kharif,4.84,749.7,23.1,75.7,6.58,184.6,46.5,90.0,191.6,4.99
Groundnut,Tamil Nadu,Zaid,1.32,950.6,25.4,68.3,7.38,109.6,62.0,63.7,182.5,2.63
Maize,Andhra Pradesh,Rabi,3.69,915.1,31.0,82.4,7.64,170.5,15.0,91.5,74.2,4.7
Groundnut,Haryana,Zaid,4.44,344.3,25.1,73.2,7.28,91.1,70.3,99.9,112.8,2.8
Pulses,Andhra Pradesh,Kharif,5.36,432.6,30.7,67.5,6.44,159.9,46.9,41.8,126.0,1.58
Rice,Punjab,Zaid,7.23,947.1,31.2,79.1,8.2,76.6,72.7,31.3,169.7,4.62
Groundnut,Uttar Pradesh,Kharif,5.9,456.9,27.2,48.9,6.33,153.1,50.6,141.6,119.7,3.05
Wheat,Uttar Pradesh,Rabi,3.77,910.8,29.8,61.0,7.56,202.4,52.8,142.5,126.0,4.69
Rice,Madhya Pradesh,Rabi,5.49,544.0,26.2,62.6,6.81,159.4,34.1,108.7,126.8,4.31
Pulses,Tamil Nadu,Kharif,4.21,802.7,25.8,47.5,7.7,175.6,57.0,78.5,126.4,1.78
Rice,Andhra Pradesh,Rabi,7.07,881.0,25.0,53.5,5.94,150.3,29.2,166.6,92.8,4.74
Cotton,Andhra Pradesh,Kharif,8.35,696.1,30.2,74.5,6.43,133.0,43.9,112.3,148.3,2.66
Groundnut,Maharashtra,Kharif,4.38,999.6,37.7,61.7,6.91,114.9,40.4,65.7,94.2,2.83
Potato,Punjab,Zaid,4.27,576.7,35.7,70.8,6.43,103.9,39.9,103.7,115.9,26.75
Wheat,Haryana,Rabi,9.84,1344.3,31.0,51.1,6.41,153.4,71.6,57.9,143.7,4.47
Wheat,Punjab,Rabi,1.17,330.7,25.3,95.0,6.81,55.6,16.5,134.5,175.4,4.34
Groundnut,West Bengal,Zaid,4.85,970.4,29.6,79.7,7.74,147.3,71.5,139.2,197.4,2.94
Sugarcane,West Bengal,Kharif,4.67,995.7,30.9,54.8,7.36,40.0,26.2,42.4,165.3,
Rice,Karnataka,Kharif,4.95,485.6,26.1,60.4,8.2,134.8,68.4,128.8,,4.21
Sugarcane,Uttar Pradesh,Zaid,7.53,1027.8,29.0,66.3,5.98,105.9,77.4,75.2,142.5,87.27
Maize,Tamil Nadu,Kharif,5.87,589.3,30.2,82.9,6.62,117.4,24.3,165.6,149.2,5.32
Wheat,Maharashtra,Kharif,6.79,923.2,21.4,51.5,6.46,98.0,27.4,157.0,175.0,4.06
Wheat,Tamil Nadu,Zaid,4.67,791.7,34.1,,7.21,70.2,25.4,90.0,155.9,3.72
Potato,Maharashtra,Zaid,3.84,937.0,25.4,68.5,,128.2,41.0,46.4,209.3,24.97
Cotton,West Bengal,Rabi,6.86,613.5,22.4,77.7,7.31,134.9,38.3,113.8,212.3,2.68
Maize,Punjab,Zaid,6.41,708.1,24.2,80.1,6.96,147.0,62.7,137.1,117.1,5.03
Potato,Uttar Pradesh,Kharif,2.24,890.9,24.7,57.2,7.1,188.4,38.9,135.1,102.5,28.6
Rice,West Bengal,Kharif,1.25,1226.8,20.0,69.0,6.38,123.8,89.1,102.2,152.6,4.44
Groundnut,Haryana,Rabi,4.9,568.0,24.9,74.8,5.93,124.9,26.1,92.3,105.4,3.11
Rice,Uttar Pradesh,Kharif,7.35,795.5,30.7,64.4,6.48,120.6,43.8,121.6,92.5,5.22
Wheat,Uttar Pradesh,Rabi,3.94,841.6,29.3,57.8,7.73,59.4,65.2,125.1,139.9,5.0
Groundnut,Haryana,Kharif,1.09,471.0,20.2,62.4,7.58,80.4,96.2,46.7,218.1,2.94
Sugarcane,Haryana,Kharif,1.55,500.4,26.9,57.3,6.13,106.1,53.1,94.5,151.1,102.44
Potato,West Bengal,Rabi,1.41,,31.7,41.0,7.05,,56.8,125.5,70.2,27.77
Wheat,Andhra Pradesh,Zaid,1.18,1023.3,25.7,88.8,7.59,117.0,30.7,136.6,111.3,4.01
Potato,West Bengal,Zaid,3.54,722.1,29.0,,7.3,127.3,61.6,89.6,206.8,27.42
Rice,West Bengal,Rabi,3.52,1265.8,37.0,61.1,5.67,112.4,56.1,71.9,208.7,4.95
Potato,Gujarat,Zaid,3.15,921.0,25.7,47.2,6.59,98.7,37.1,134.5,47.5,23.85
Sugarcane,Madhya Pradesh,Kharif,3.95,919.4,33.6,79.3,5.98,56.2,32.0,55.2,141.5,90.39
Cotton,Andhra Pradesh,Rabi,5.04,1063.7,34.8,65.9,5.86,62.3,37.1,147.0,166.4,2.43
Potato,Uttar Pradesh,Zaid,0.97,702.8,,70.9,6.38,174.9,15.0,75.5,144.2,23.72
Groundnut,Gujarat,Zaid,1.51,718.3,28.0,65.3,6.72,160.2,54.6,159.0,72.9,2.1
Pulses,Tamil Nadu,Kharif,2.81,502.9,32.3,70.2,7.51,125.0,47.2,125.5,191.7,1.8
Pulses,Punjab,Rabi,6.97,873.7,31.1,77.6,7.09,75.9,73.8,110.0,181.7,1.96
Wheat,Maharashtra,Rabi,7.46,898.3,21.6,73.6,6.97,163.5,63.7,109.4,126.8,4.51
Cotton,Haryana,Kharif,2.45,1744.7,29.4,71.0,8.09,98.5,35.8,155.2,221.0,2.92
Rice,Karnataka,Kharif,6.55,955.8,26.9,74.7,6.42,190.6,77.8,98.2,176.9,4.89
Wheat,Andhra Pradesh,Zaid,1.46,734.9,31.0,82.7,6.56,148.7,52.5,56.0,57.2,3.93
Rice,Karnataka,Rabi,1.17,792.6,24.3,56.7,7.47,116.9,59.1,75.1,197.1,3.92
Pulses,West Bengal,Zaid,2.53,613.1,29.5,93.9,6.76,112.4,49.9,45.2,117.2,1.49
Cotton,Madhya Pradesh,Kharif,5.21,1126.4,30.5,57.3,6.94,103.9,67.4,61.1,172.5,2.37
Cotton,Karnataka,Kharif,6.29,828.1,25.8,58.6,7.3,107.1,103.0,98.1,194.9,2.88
Maize,Haryana,Kharif,6.13,1119.6,21.7,60.7,5.91,91.5,59.1,30.0,54.3,5.26
Potato,Andhra Pradesh,Kharif,3.98,845.8,21.0,51.5,7.14,141.8,47.4,96.3,122.4,26.15
Cotton,West Bengal,Rabi,11.87,909.7,31.4,61.4,7.01,77.3,52.4,141.9,144.7,2.44
Pulses,Andhra Pradesh,Rabi,2.94,539.7,25.9,77.7,6.69,121.0,116.9,110.1,20.0,1.8
Sugarcane,Andhra Pradesh,Rabi,8.54,283.2,39.6,74.4,6.38,94.4,78.1,84.6,145.5,88.62
Cotton,Punjab,Kharif,6.14,733.8,15.0,46.8,7.51,150.2,57.9,82.7,178.4,2.78
Sugarcane,West Bengal,Rabi,3.08,1030.1,25.1,59.4,7.28,162.5,68.6,83.2,113.5,92.69
Groundnut,Tamil Nadu,Rabi,4.26,1284.3,33.3,66.9,6.63,133.2,49.4,123.7,125.0,2.97
Cotton,Maharashtra,Zaid,3.22,675.1,29.3,80.2,6.95,114.5,60.6,90.3,81.4,2.13
Potato,Punjab,Rabi,1.83,692.5,25.1,68.1,6.75,,34.4,82.0,120.4,31.12
Cotton,Maharashtra,Kharif,5.94,981.3,34.5,70.2,6.17,106.6,49.7,184.0,166.6,2.47
Rice,Punjab,Zaid,1.07,434.2,23.1,60.0,7.22,172.9,58.2,145.6,112.0,4.57
Sugarcane,Karnataka,Zaid,2.83,1020.8,31.9,80.3,7.48,123.2,99.2,82.7,202.2,89.62
Cotton,Karnataka,Zaid,6.85,659.8,32.8,90.8,5.94,147.4,28.0,92.1,220.1,2.23
Potato,West Bengal,Zaid,1.78,919.7,23.9,66.8,7.16,143.2,36.0,92.6,205.4,27.49
Pulses,Andhra Pradesh,Zaid,6.2,670.0,29.9,59.7,6.68,107.4,34.8,92.5,154.5,1.61
Pulses,Punjab,Zaid,3.52,771.7,25.4,71.6,6.28,151.3,15.0,119.5,192.8,1.83
Sugarcane,Uttar Pradesh,Rabi,1.12,1097.6,35.6,72.5,5.44,116.1,36.2,105.3,140.5,100.1
Maize,Madhya Pradesh,Zaid,5.85,942.5,40.0,51.9,6.66,119.3,38.7,108.9,143.6,4.47
Maize,Tamil Nadu,Zaid,2.61,1256.8,27.1,62.5,5.64,121.4,60.6,134.4,122.5,4.95
Pulses,Uttar Pradesh,Rabi,1.21,795.3,22.0,59.4,6.39,113.8,46.3,99.8,240.4,1.96
Sugarcane,Punjab,Rabi,5.02,453.5,18.6,64.4,6.73,147.8,40.0,60.2,97.2,99.04
Pulses,Maharashtra,Zaid,5.08,935.9,29.7,93.1,6.55,64.1,15.0,80.8,151.0,1.49
Sugarcane,Haryana,Zaid,8.32,1243.5,,67.7,,140.2,53.0,76.5,169.3,94.91
Wheat,Gujarat,Rabi,3.93,848.0,25.1,81.9,7.57,128.8,42.7,118.6,229.6,4.47
Groundnut,Karnataka,Rabi,2.72,948.1,33.5,75.8,5.92,116.1,48.0,98.7,91.2,2.66
Cotton,West Bengal,Zaid,7.25,767.8,31.4,62.0,6.87,126.1,38.2,116.8,229.2,2.62
Groundnut,Andhra Pradesh,Zaid,4.77,1648.5,18.7,63.6,8.2,159.3,112.3,66.3,166.5,2.63
Potato,Maharashtra,Zaid,3.63,575.3,35.1,67.8,7.48,135.7,49.1,70.2,151.1,25.05
Potato,Andhra Pradesh,Rabi,2.56,370.9,36.6,52.7,6.7,162.9,55.4,126.8,133.8,24.93
Pulses,Punjab,Zaid,3.58,1129.5,18.7,67.5,6.41,173.6,25.9,74.9,106.2,1.77
Wheat,Uttar Pradesh,Rabi,9.5,563.9,28.1,72.9,5.69,103.1,65.2,30.0,188.7,4.5
Groundnut,Uttar Pradesh,Zaid,5.73,1084.3,28.8,61.7,6.45,159.3,95.1,111.2,118.2,2.64
Rice,Gujarat,Zaid,6.33,892.8,27.3,84.3,5.5,172.6,69.6,147.9,266.8,4.37
Wheat,Andhra Pradesh,Kharif,4.23,1147.3,21.3,62.5,6.38,138.3,47.7,115.0,69.5,4.15
Pulses,Madhya Pradesh,Rabi,2.81,653.3,33.7,66.4,7.02,128.2,31.8,150.9,190.0,1.62
Groundnut,Uttar Pradesh,Zaid,5.81,819.9,27.5,49.2,7.2,40.0,55.2,149.6,81.2,2.49
Sugarcane,Madhya Pradesh,Rabi,2.45,649.8,17.4,60.1,6.06,159.3,41.9,86.9,277.7,102.76
Pulses,Uttar Pradesh,Rabi,4.73,1072.7,27.1,77.1,6.94,149.6,41.6,41.1,104.7,1.59
Pulses,Gujarat,Kharif,5.34,672.9,28.3,79.6,6.08,100.6,48.1,73.0,144.1,1.79
Cotton,Uttar Pradesh,Zaid,10.01,1295.9,23.8,49.3,6.5,92.5,53.4,82.1,231.8,2.59
Sugarcane,Punjab,Zaid,7.73,452.6,28.7,55.1,6.88,151.4,46.3,114.5,63.3,97.22
Groundnut,Tamil Nadu,Kharif,1.86,1035.9,21.0,70.4,7.76,229.9,47.1,105.6,135.7,3.1
Groundnut,Tamil Nadu,Kharif,2.63,726.6,33.2,62.8,7.68,127.7,30.4,137.2,96.7,
Sugarcane,Haryana,Rabi,4.66,900.7,27.4,74.6,8.2,181.0,35.0,140.8,38.6,84.41
Rice,West Bengal,Rabi,1.2,1005.7,25.7,82.5,7.21,206.4,75.3,30.0,80.7,4.21
Groundnut,West Bengal,Kharif,2.3,737.5,29.4,68.9,7.18,113.7,54.9,72.7,119.4,3.01
Potato,Madhya Pradesh,Kharif,4.09,1128.4,24.9,76.7,6.96,74.9,47.8,64.5,151.4,25.46
Groundnut,Gujarat,Zaid,5.38,806.0,16.4,62.4,5.51,88.7,68.1,75.9,151.0,2.49
Rice,Uttar Pradesh,Rabi,4.29,942.7,23.0,84.0,4.96,114.5,52.4,57.1,270.7,4.61
Wheat,Maharashtra,Rabi,2.95,1317.4,24.3,74.2,5.72,60.9,81.4,63.1,86.5,3.91
Maize,Tamil Nadu,Zaid,3.65,925.3,15.0,68.6,6.85,86.4,43.6,72.8,20.0,4.38
Potato,Gujarat,Kharif,1.61,804.6,27.1,55.6,6.39,40.0,47.9,155.3,171.2,27.83
Wheat,Maharashtra,Zaid,6.0,354.4,21.6,85.1,6.43,109.7,46.0,47.4,214.7,3.55
Groundnut,Maharashtra,Kharif,1.56,427.3,30.0,52.6,8.2,174.3,25.8,101.8,123.7,2.57
Potato,Haryana,Kharif,3.0,1095.8,32.1,64.1,7.47,149.2,74.1,91.6,159.4,28.53
Pulses,Maharashtra,Rabi,2.99,799.6,29.0,67.2,7.25,115.5,87.6,85.5,54.5,1.73
Rice,Andhra Pradesh,Zaid,6.13,1150.4,20.7,79.9,6.37,73.6,65.5,180.4,111.5,4.35
Rice,Andhra Pradesh,Zaid,7.35,830.2,26.1,58.3,7.2,72.5,26.0,125.5,103.0,4.23
Pulses,Tamil Nadu,Kharif,3.81,924.9,32.1,55.6,5.08,79.0,66.5,53.3,147.8,1.7
Cotton,Andhra Pradesh,Kharif,7.42,1011.1,28.2,95.0,6.64,115.5,30.1,119.1,142.7,2.51
Maize,Haryana,Zaid,6.65,802.0,24.3,65.6,6.26,157.4,67.3,74.3,141.8,5.04
Wheat,Karnataka,Rabi,8.44,627.8,,77.5,7.15,110.1,87.0,94.3,209.1,4.47
Pulses,Madhya Pradesh,Zaid,1.77,314.1,18.9,68.6,7.78,65.1,60.5,124.9,93.1,1.44
Cotton,Karnataka,Zaid,5.1,1214.6,24.4,63.9,7.3,124.5,71.8,63.6,163.2,2.21
Potato,Maharashtra,Rabi,2.24,695.2,18.0,61.5,7.7,65.1,56.6,101.3,153.7,24.52
Pulses,Maharashtra,Zaid,5.33,477.3,27.7,60.8,7.54,173.2,80.0,149.2,174.2,1.63
Potato,West Bengal,Zaid,4.45,1125.5,20.9,89.3,7.77,113.9,67.2,129.7,187.4,26.97
Cotton,Karnataka,Zaid,7.34,752.7,32.5,70.8,7.68,76.6,30.7,104.8,133.7,2.12
Rice,Gujarat,Zaid,6.6,538.5,24.3,65.3,7.36,97.3,65.4,101.9,142.4,4.07
Rice,Haryana,Rabi,7.27,1118.1,18.5,54.8,7.11,86.1,59.6,98.7,145.9,4.82
Rice,Haryana,Rabi,4.21,790.5,29.4,66.7,7.04,169.0,61.6,59.4,132.6,5.02
Wheat,Uttar Pradesh,Kharif,8.59,1007.6,33.1,75.6,5.75,103.5,75.0,130.8,135.2,4.59
Rice,West Bengal,Rabi,7.74,898.7,27.2,75.4,6.05,112.8,51.9,130.3,158.8,4.89
Groundnut,Punjab,Zaid,4.84,1036.7,29.3,74.3,6.72,158.5,45.3,50.2,190.9,2.85
Groundnut,Maharashtra,Zaid,1.2,974.6,23.3,65.7,6.15,185.2,89.8,107.0,159.7,2.5
Groundnut,Haryana,Kharif,4.99,1008.2,26.1,79.2,7.19,139.8,81.9,115.6,160.4,3.22
Pulses,Maharashtra,Kharif,6.67,751.1,17.9,54.4,5.82,113.7,50.9,92.6,170.1,1.6
Cotton,Uttar Pradesh,Zaid,5.63,1220.5,32.1,75.5,6.6,88.8,31.8,58.3,215.0,2.29
Maize,West Bengal,Zaid,1.36,856.3,25.2,57.7,5.83,163.3,85.0,140.1,252.9,5.0
Wheat,Tamil Nadu,Kharif,3.61,846.2,25.0,70.2,5.72,117.1,60.2,103.4,198.6,4.51
Maize,Uttar Pradesh,Kharif,2.17,989.3,30.6,75.4,6.35,82.3,34.3,126.3,115.6,4.98
Rice,Maharashtra,Zaid,5.07,984.2,28.3,74.4,5.22,176.5,36.5,121.8,139.4,4.31
Groundnut,Madhya Pradesh,Kharif,3.64,789.7,28.0,81.4,5.55,110.2,35.8,112.2,219.2,2.9
Rice,Punjab,Rabi,6.26,1432.9,26.6,82.2,7.35,104.1,43.6,143.5,159.8,4.51
Cotton,Andhra Pradesh,Rabi,2.4,993.9,32.0,73.1,7.39,121.6,21.0,84.5,158.7,2.61
Sugarcane,Maharashtra,Rabi,6.09,891.0,26.2,71.3,6.65,122.1,53.6,120.3,161.9,102.69
Maize,Andhra Pradesh,Zaid,6.56,1093.7,33.4,77.8,6.33,93.9,29.0,80.4,205.8,4.12
Maize,Punjab,Rabi,5.07,250.0,28.5,68.0,7.18,80.6,38.6,193.7,273.0,5.66
Pulses,Tamil Nadu,Rabi,1.45,1235.2,23.2,45.8,7.33,75.6,36.0,133.7,151.9,1.74
Potato,Madhya Pradesh,Rabi,2.41,942.0,28.7,72.6,7.76,117.2,40.4,142.2,159.0,25.77
Wheat,West Bengal,Kharif,6.91,944.1,29.9,63.7,6.34,126.0,36.4,92.4,190.5,4.42
Sugarcane,Maharashtra,Kharif,7.63,739.0,32.3,67.7,5.72,161.6,79.0,68.8,177.5,95.6
Rice,Karnataka,Zaid,4.92,1327.8,26.0,56.5,8.19,93.1,74.7,102.5,215.5,4.01
Maize,Haryana,Zaid,6.06,250.0,15.8,65.2,6.16,177.3,46.9,100.7,20.0,4.87
Wheat,Gujarat,Kharif,3.58,1022.8,35.0,71.9,5.6,91.0,62.9,146.9,109.8,4.13
Maize,Maharashtra,Rabi,6.47,700.1,31.0,79.2,7.08,71.4,91.1,158.1,186.1,5.16
Wheat,West Bengal,Rabi,8.83,666.1,17.7,79.4,8.2,115.2,34.4,157.6,152.6,4.23
Sugarcane,Gujarat,Rabi,7.54,936.7,26.0,65.4,6.61,145.4,85.1,100.6,24.5,88.95
Potato,Andhra Pradesh,Kharif,1.16,1504.6,24.6,71.4,7.24,73.3,81.4,68.1,156.5,25.23
Pulses,Karnataka,Kharif,1.78,622.5,26.3,56.1,6.25,87.2,32.0,38.3,136.0,1.53
Potato,Maharashtra,Kharif,4.4,1175.5,27.1,55.1,6.7,197.0,62.9,68.9,145.3,25.88
Sugarcane,Madhya Pradesh,Zaid,5.54,,32.4,66.7,5.99,155.6,65.2,106.9,178.3,81.64
Potato,Tamil Nadu,Zaid,1.19,982.2,28.1,60.8,6.59,163.8,98.1,106.4,262.3,25.03
Maize,Gujarat,Rabi,5.71,734.5,21.4,56.1,7.11,171.1,17.3,70.4,190.1,5.18
Rice,Tamil Nadu,Kharif,6.23,693.1,24.3,70.6,6.91,200.9,65.8,79.0,93.9,
Rice,Madhya Pradesh,Zaid,7.35,770.8,35.8,68.9,7.28,144.7,33.2,93.0,211.2,4.29
Maize,Gujarat,Zaid,2.85,881.6,29.1,88.0,6.82,133.7,38.4,77.7,141.7,4.52
Potato,Madhya Pradesh,Rabi,0.68,965.1,18.5,56.2,6.96,131.1,55.1,109.3,108.4,25.82
Wheat,West Bengal,Zaid,8.12,1005.8,29.5,72.1,7.92,96.0,19.0,121.0,,4.14
Wheat,Punjab,Kharif,3.74,609.8,33.3,73.6,7.19,177.5,30.1,30.0,207.0,4.6
Rice,Andhra Pradesh,Rabi,1.82,758.0,19.7,60.9,6.92,192.9,22.5,81.6,100.8,4.54
Potato,Madhya Pradesh,Kharif,3.98,866.9,25.8,70.2,6.83,142.5,74.9,58.5,165.9,30.25
Groundnut,Uttar Pradesh,Zaid,1.77,707.0,27.2,68.2,7.36,82.0,30.4,84.6,128.0,2.73
Pulses,Gujarat,Zaid,6.99,959.8,28.7,76.1,7.96,,86.3,77.6,144.9,1.62
Rice,Gujarat,Kharif,6.36,1642.6,29.2,87.6,6.42,152.8,63.7,95.9,155.0,4.33
Rice,Andhra Pradesh,Rabi,3.01,609.4,34.8,79.2,7.6,122.8,90.0,35.7,143.0,4.44
Cotton,Haryana,Kharif,4.01,874.7,30.1,36.0,6.7,183.2,26.2,53.9,165.1,2.76
Rice,Haryana,Zaid,5.53,508.2,26.1,65.5,6.57,133.9,38.2,74.8,,4.34
Pulses,Punjab,Rabi,6.82,810.3,27.4,74.1,7.14,80.6,32.7,63.7,157.8,1.73
Maize,West Bengal,Rabi,4.51,1131.6,25.9,67.8,5.8,102.3,38.1,55.7,120.2,4.7
Pulses,Karnataka,Zaid,6.02,605.2,26.9,69.0,6.76,101.1,77.8,134.7,147.7,1.7
Wheat,Tamil Nadu,Rabi,9.12,530.3,23.9,78.2,6.77,121.3,57.5,98.5,168.6,4.35
Pulses,Karnataka,Kharif,3.27,664.4,23.1,59.4,6.68,145.2,60.1,41.9,129.5,1.78
Pulses,Punjab,Rabi,3.68,250.0,23.6,46.5,6.43,129.7,65.9,97.5,89.3,1.92
Sugarcane,West Bengal,Zaid,2.67,830.6,26.5,89.3,6.46,146.1,50.6,132.6,51.2,89.85
Sugarcane,Tamil Nadu,Zaid,7.91,410.2,26.1,72.8,5.77,117.6,55.8,94.8,197.7,93.29
Sugarcane,Uttar Pradesh,Kharif,5.2,750.4,36.3,53.1,7.79,164.7,45.5,63.4,206.2,99.89
Sugarcane,Tamil Nadu,Zaid,7.1,908.8,29.8,56.2,7.5,183.4,28.3,83.2,20.0,81.61
Groundnut,Uttar Pradesh,Kharif,3.81,1566.8,31.7,66.8,6.67,171.0,29.0,108.5,179.8,3.11
Maize,Maharashtra,Rabi,2.36,1260.8,29.9,54.0,6.8,97.1,101.3,106.2,186.6,5.02
Sugarcane,Gujarat,Rabi,3.21,1150.1,18.8,65.8,6.69,160.4,45.4,138.2,129.4,91.54
Potato,Andhra Pradesh,Rabi,1.27,1483.1,21.9,62.9,6.51,138.3,54.2,103.0,168.9,22.81
Potato,Gujarat,Rabi,4.15,794.0,31.0,54.8,8.2,69.6,31.2,126.3,111.9,24.83
Maize,Tamil Nadu,Kharif,5.43,624.1,25.7,74.3,7.13,147.8,63.3,134.6,118.3,5.45
Groundnut,Tamil Nadu,Zaid,3.19,750.2,27.6,84.7,6.5,81.2,48.7,111.8,237.1,2.59
Wheat,Karnataka,Kharif,8.48,1497.5,15.0,78.7,6.18,129.2,,120.4,118.1,3.95
Rice,Karnataka,Kharif,2.84,1800.0,37.6,83.8,5.63,152.4,47.5,55.9,135.4,4.06
Rice,Punjab,Kharif,3.3,400.2,32.5,49.5,7.13,139.0,42.7,158.5,155.8,4.87
Groundnut,Uttar Pradesh,Kharif,3.19,775.1,15.0,81.1,5.49,106.6,77.0,87.0,146.7,2.76
Groundnut,Gujarat,Rabi,4.9,929.7,29.4,78.6,6.09,212.6,55.7,149.5,127.8,3.02
Rice,Karnataka,Kharif,2.5,1120.3,23.1,58.3,7.07,77.4,88.9,118.3,222.7,4.45
Rice,Punjab,Zaid,6.93,1559.0,30.5,67.3,6.24,171.1,51.0,82.1,92.5,4.36
Sugarcane,Punjab,Rabi,4.16,1015.9,31.4,67.9,7.92,99.6,37.0,84.1,43.3,100.75
Wheat,Tamil Nadu,Rabi,5.11,1306.5,23.6,60.3,8.06,157.9,61.1,110.5,64.5,3.93
Potato,Maharashtra,Kharif,2.53,672.7,36.4,64.2,6.42,67.2,37.2,88.2,91.1,25.38
Pulses,Uttar Pradesh,Kharif,5.85,873.7,21.5,80.4,6.68,170.3,64.1,71.6,297.3,1.83
Groundnut,Andhra Pradesh,Kharif,3.56,1188.0,28.1,58.9,7.53,105.3,37.9,148.2,97.0,2.61
Cotton,West Bengal,Rabi,6.35,956.4,33.7,70.3,7.05,88.9,55.3,51.3,69.7,2.66
Potato,Karnataka,Rabi,0.67,999.1,24.7,61.8,5.96,121.6,27.7,147.8,228.7,27.91
Pulses,Maharashtra,Rabi,5.63,680.5,28.2,61.7,5.97,167.2,52.0,150.8,153.9,1.46
Wheat,Haryana,Rabi,6.56,1182.6,32.5,64.9,5.85,159.7,53.3,78.3,75.7,4.65
Groundnut,Karnataka,Rabi,4.85,678.1,30.1,69.2,8.11,,36.7,80.7,180.7,2.59
Sugarcane,Maharashtra,Rabi,1.74,937.0,21.2,64.7,5.42,92.5,74.5,83.6,223.7,96.33
Wheat,Maharashtra,Kharif,4.0,750.3,30.2,86.8,7.81,146.5,71.2,133.4,132.1,4.03
Potato,Uttar Pradesh,Zaid,2.71,458.1,24.4,59.2,6.39,72.9,71.4,94.4,111.4,24.75
Maize,Andhra Pradesh,Rabi,5.12,570.2,24.3,75.1,7.06,113.7,46.2,73.8,93.4,4.81
Rice,Uttar Pradesh,Zaid,4.24,988.9,28.8,84.2,4.86,63.7,39.1,89.2,192.2,3.56
Maize,Karnataka,Zaid,1.08,676.3,30.3,75.4,6.11,84.9,45.2,134.5,179.3,3.94
Potato,Gujarat,Kharif,0.78,418.5,28.2,53.8,7.35,152.4,55.0,110.6,99.0,24.16
Maize,Punjab,Rabi,2.13,1148.5,28.4,49.9,6.12,119.8,83.6,76.2,227.9,5.65
Rice,Punjab,Rabi,5.81,858.2,23.2,79.6,5.9,,38.7,172.9,167.2,4.77
Potato,Uttar Pradesh,Zaid,3.19,1188.1,25.3,70.1,7.1,101.4,42.4,109.5,104.8,25.08
Cotton,Haryana,Kharif,9.5,958.8,23.7,77.8,6.0,124.5,63.2,124.8,117.5,2.66
Groundnut,Tamil Nadu,Kharif,3.67,860.0,37.2,51.9,6.17,116.0,63.6,71.1,211.2,2.92
Wheat,Tamil Nadu,Rabi,4.17,1268.8,24.7,67.2,6.57,97.3,96.4,107.9,146.9,4.0
Cotton,Madhya Pradesh,Zaid,6.84,250.0,26.4,60.8,6.81,154.3,37.8,145.3,237.7,2.2
Cotton,Punjab,Zaid,10.03,799.4,24.2,67.8,6.38,145.1,45.1,58.5,131.9,2.29
Maize,Gujarat,Kharif,6.16,896.4,25.6,59.7,6.81,134.0,15.0,124.9,152.8,5.62
Rice,Andhra Pradesh,Zaid,7.16,361.1,26.9,65.8,7.13,99.0,15.0,90.1,89.1,3.93
Groundnut,Gujarat,Rabi,1.3,840.1,32.8,62.1,6.64,117.6,91.7,112.1,142.8,2.77
Pulses,West Bengal,Rabi,1.92,985.2,25.4,74.8,6.52,49.9,50.7,119.8,105.0,1.65
Wheat,Uttar Pradesh,Zaid,9.64,1233.7,28.5,62.9,5.04,131.8,41.5,134.1,87.1,4.21
Maize,Punjab,Kharif,3.06,656.8,19.0,69.3,6.82,82.2,61.4,100.1,102.7,5.17
Cotton,Madhya Pradesh,Rabi,4.8,465.9,29.5,51.5,6.58,158.5,49.3,75.3,24.2,2.62
Sugarcane,Tamil Nadu,Zaid,3.41,1100.2,20.4,57.9,5.78,152.9,56.3,118.5,221.9,98.7
Pulses,Madhya Pradesh,Rabi,6.55,431.8,21.8,89.0,6.48,147.6,71.8,150.8,165.1,1.85
Pulses,Uttar Pradesh,Rabi,1.71,695.4,24.2,88.4,6.55,130.7,69.3,116.5,128.7,1.8
Pulses,Punjab,Kharif,4.06,376.0,21.4,70.6,6.27,156.7,46.4,134.7,62.2,1.85
Groundnut,Punjab,Rabi,5.69,838.8,30.4,78.0,6.03,134.3,57.7,128.9,188.7,3.24
Potato,Andhra Pradesh,Rabi,4.79,1058.4,32.0,54.8,7.08,125.8,51.9,122.5,98.4,26.02
Potato,Tamil Nadu,Kharif,4.21,696.7,36.2,53.5,6.23,119.4,60.2,63.2,172.3,30.02
Groundnut,Uttar Pradesh,Zaid,2.41,1082.1,23.4,48.1,6.05,145.9,54.3,119.0,89.8,2.88
Wheat,Tamil Nadu,Zaid,3.19,1075.3,23.6,40.9,6.55,140.8,76.8,122.7,229.9,3.79
Maize,Uttar Pradesh,Kharif,1.7,600.0,22.5,53.3,5.95,130.9,34.9,141.9,220.2,5.47
Potato,Gujarat,Zaid,4.07,848.6,24.2,81.1,7.65,79.3,100.4,145.4,122.2,24.08
Groundnut,Madhya Pradesh,Kharif,5.67,1322.8,32.2,88.7,6.25,146.9,38.3,80.2,108.1,2.86
Groundnut,Punjab,Zaid,3.84,982.2,28.6,70.4,6.72,83.0,27.9,99.2,87.0,2.88
Groundnut,West Bengal,Kharif,5.39,1439.9,21.5,54.4,5.65,121.3,27.2,67.8,213.7,2.69
Wheat,Tamil Nadu,Kharif,2.78,1031.9,28.9,58.4,6.08,126.0,80.5,71.4,149.8,4.59
Cotton,Maharashtra,Zaid,11.62,1016.3,26.6,56.0,8.2,144.6,39.9,125.3,123.8,2.46
Maize,Punjab,Kharif,2.74,777.3,29.8,41.5,7.15,120.6,44.7,103.4,46.9,
Pulses,West Bengal,Kharif,3.02,1320.3,24.4,61.8,7.46,122.0,61.7,115.5,163.6,1.78
Wheat,Maharashtra,Kharif,4.65,702.7,20.4,78.2,5.38,133.8,83.3,77.9,,4.15
Maize,Andhra Pradesh,Kharif,4.51,1033.0,32.7,53.2,7.15,149.0,47.3,97.8,157.0,5.91
Pulses,West Bengal,Zaid,3.92,428.2,31.4,71.0,,150.7,30.0,63.8,82.8,1.38
Wheat,Gujarat,Kharif,4.61,1341.5,21.1,54.9,7.85,123.4,52.4,77.1,208.7,4.21
Wheat,Punjab,Zaid,5.22,1293.8,27.2,35.2,7.39,104.2,50.7,138.1,189.9,4.38
Pulses,West Bengal,Rabi,6.27,1072.5,29.6,82.5,7.0,191.2,64.0,118.6,126.8,1.64
Rice,Andhra Pradesh,Zaid,3.09,587.8,24.7,63.8,6.01,113.4,41.1,56.0,98.0,4.02
Cotton,Haryana,Kharif,10.08,854.3,30.3,70.3,5.74,125.5,55.2,155.7,211.9,3.08
Pulses,Madhya Pradesh,Kharif,6.21,579.6,34.0,61.5,5.54,61.7,90.5,91.9,219.6,1.75
Pulses,Punjab,Zaid,2.04,1301.4,29.4,65.6,6.35,150.0,68.7,132.8,62.5,1.6
Rice,Maharashtra,Rabi,4.99,694.2,24.8,65.8,6.54,101.5,60.6,107.3,137.6,4.79
Rice,Maharashtra,Zaid,4.54,755.7,27.9,53.6,7.03,167.1,87.3,80.1,69.9,4.07
Wheat,Punjab,Zaid,7.67,957.4,20.5,38.7,5.34,65.8,67.1,50.7,226.8,4.66
Maize,Andhra Pradesh,Kharif,5.73,590.2,19.0,73.5,6.76,147.5,28.0,61.5,98.0,5.08
Cotton,Tamil Nadu,Rabi,5.15,,25.3,60.1,6.35,62.5,58.2,79.2,239.5,2.82
Cotton,Haryana,Kharif,3.01,250.0,24.2,82.6,7.75,99.9,70.7,119.2,196.7,2.73
Pulses,Gujarat,Kharif,5.75,1244.5,29.4,64.7,7.15,93.9,43.0,114.0,157.9,1.73
Maize,Tamil Nadu,Zaid,5.96,943.3,30.4,64.0,7.42,209.5,33.3,110.4,60.7,4.54
Pulses,Haryana,Zaid,1.78,840.9,29.7,59.9,7.26,100.5,50.3,52.5,228.5,1.69
Rice,Andhra Pradesh,Kharif,1.42,795.5,28.7,86.7,7.68,105.9,46.8,108.3,129.8,4.24
Groundnut,Haryana,Kharif,5.77,810.5,27.6,80.9,6.36,113.4,32.7,135.2,82.8,2.98
Potato,Andhra Pradesh,Kharif,0.81,925.8,28.1,59.0,7.78,64.9,59.6,88.3,112.2,27.43
Cotton,Maharashtra,Rabi,9.79,1429.1,32.5,77.5,6.8,105.9,48.1,92.8,230.2,2.33
Potato,Gujarat,Kharif,3.19,1113.2,28.2,76.0,6.32,76.2,71.3,123.6,164.3,27.29
Wheat,Karnataka,Zaid,1.92,1016.2,28.4,83.1,7.15,127.9,33.5,65.8,231.5,3.92
Cotton,Maharashtra,Kharif,9.67,776.5,27.3,60.1,6.93,117.2,56.8,60.0,112.7,2.55
Maize,Madhya Pradesh,Zaid,2.66,959.2,30.3,65.4,6.1,84.7,82.5,132.6,189.2,4.35
Wheat,Andhra Pradesh,Kharif,6.44,980.5,33.2,71.5,6.07,196.5,93.0,55.7,152.8,4.59
Groundnut,Maharashtra,Kharif,5.64,695.3,35.0,64.6,7.35,165.6,61.8,149.8,203.1,2.77
Wheat,Andhra Pradesh,Rabi,5.34,834.9,22.5,95.0,6.76,212.6,57.7,64.4,169.8,4.37
Pulses,Uttar Pradesh,Zaid,3.89,888.7,15.3,54.5,6.84,173.0,49.9,48.7,54.2,1.55
Potato,Haryana,Rabi,4.64,,27.0,64.1,5.91,101.3,38.5,139.0,298.6,26.96
Potato,Haryana,Kharif,1.26,525.2,21.8,80.5,6.16,99.5,68.9,93.6,41.5,26.38
Sugarcane,Andhra Pradesh,Zaid,2.03,970.9,21.6,45.0,6.45,148.9,39.6,103.7,240.9,
Wheat,Andhra Pradesh,Rabi,2.12,792.4,33.8,73.6,6.79,99.5,59.7,113.4,193.8,4.41
Pulses,Maharashtra,Zaid,3.64,770.2,16.7,56.7,7.44,135.1,74.7,96.9,111.8,1.51
Pulses,West Bengal,Kharif,1.5,960.9,18.0,66.4,5.89,183.4,67.3,174.1,139.6,1.73
Sugarcane,Maharashtra,Kharif,6.31,765.6,23.1,58.7,6.8,114.8,89.7,111.8,158.2,97.12
Groundnut,Maharashtra,Zaid,5.15,1218.8,28.1,68.4,6.35,121.3,61.6,42.2,144.4,2.44
Cotton,Maharashtra,Zaid,5.18,651.7,26.6,51.4,6.21,76.8,40.3,139.1,74.2,2.15
Cotton,Gujarat,Rabi,6.46,607.1,24.0,64.4,6.7,138.6,70.0,129.8,174.2,2.69
Groundnut,West Bengal,Rabi,4.81,1292.1,31.5,55.0,,128.4,69.4,128.0,165.7,2.98
Rice,Andhra Pradesh,Rabi,2.51,1208.8,,72.2,6.38,143.4,62.8,90.8,183.7,4.57
Rice,Madhya Pradesh,Kharif,6.43,1134.8,26.5,76.4,7.48,187.9,50.5,133.2,120.4,4.61
Potato,Tamil Nadu,Rabi,3.82,1219.4,16.9,58.8,5.89,176.4,49.4,124.1,109.7,25.4
Wheat,Karnataka,Kharif,2.37,919.4,22.1,83.1,6.99,189.5,104.8,116.2,188.9,4.42
Pulses,Andhra Pradesh,Kharif,1.45,866.3,18.8,54.4,6.69,123.1,47.6,125.3,106.7,1.72
Pulses,Andhra Pradesh,Rabi,5.1,1057.0,29.0,85.8,7.68,121.9,67.7,108.0,277.9,1.8
Cotton,Gujarat,Rabi,7.11,933.5,17.5,82.5,5.92,75.3,15.0,100.6,86.5,2.25
Wheat,Tamil Nadu,Kharif,4.67,951.1,32.2,64.5,5.69,72.0,18.1,146.7,231.4,4.66
Wheat,Haryana,Rabi,6.62,1050.0,26.4,65.6,7.08,128.3,38.8,97.8,143.4,4.56
Groundnut,Tamil Nadu,Zaid,3.93,602.2,21.1,60.7,5.6,109.1,57.9,36.8,107.2,2.53
Wheat,Karnataka,Zaid,8.1,1189.8,34.1,57.8,7.15,144.8,69.5,97.3,59.8,3.38
Sugarcane,Maharashtra,Rabi,3.54,902.3,29.1,39.9,5.89,40.0,62.5,112.4,140.6,86.82
Groundnut,Haryana,Zaid,3.78,694.9,24.4,75.4,7.37,125.6,29.4,52.9,90.4,2.59
Groundnut,Andhra Pradesh,Rabi,1.83,750.2,25.5,,7.39,49.6,78.7,122.1,168.8,2.78
Groundnut,West Bengal,Kharif,3.04,991.8,29.2,74.4,6.01,85.4,68.0,141.2,197.0,3.02
Wheat,Madhya Pradesh,Zaid,1.41,1177.1,27.4,47.9,6.66,95.5,37.1,140.6,62.5,3.77
Rice,Tamil Nadu,Zaid,7.2,250.0,21.0,58.9,6.53,119.1,71.7,131.1,196.8,4.04
Cotton,Maharashtra,Rabi,9.68,871.4,34.0,47.3,6.79,114.8,69.7,101.3,149.2,2.66
Rice,Tamil Nadu,Kharif,5.87,635.3,20.4,78.7,7.15,77.8,73.3,129.8,174.7,5.04
Sugarcane,Punjab,Kharif,3.69,594.1,29.7,71.9,7.14,173.6,83.8,156.0,174.1,110.78
Rice,Tamil Nadu,Kharif,3.52,522.6,29.0,71.1,5.64,131.4,55.1,35.3,74.6,3.91
Cotton,Uttar Pradesh,Zaid,11.75,975.0,23.3,72.7,6.38,141.2,71.8,86.7,255.3,2.66
Rice,Karnataka,Rabi,4.03,250.0,30.2,63.2,5.33,54.4,85.5,57.9,246.7,4.49
Cotton,Madhya Pradesh,Kharif,4.56,556.7,28.6,65.2,6.46,90.8,47.4,96.9,162.5,2.47
Wheat,Andhra Pradesh,Rabi,9.41,585.8,31.2,71.6,6.65,141.8,62.0,116.3,160.9,4.13
Groundnut,Gujarat,Kharif,2.36,594.1,31.7,65.1,7.19,118.0,76.7,111.1,132.4,2.82
Potato,Gujarat,Zaid,2.56,820.0,24.4,65.0,7.01,115.7,64.2,89.0,191.6,25.0
Maize,Uttar Pradesh,Zaid,3.07,684.9,29.3,,5.91,102.5,80.9,151.1,164.5,4.77
Potato,Madhya Pradesh,Kharif,0.67,959.9,23.6,76.3,7.43,153.6,77.7,45.0,140.1,25.75
Sugarcane,Maharashtra,Kharif,6.6,,19.2,56.6,6.63,127.8,69.3,126.7,155.6,106.72
Pulses,Haryana,Rabi,6.66,521.3,31.5,72.2,5.64,123.9,63.9,53.9,137.7,1.99
Cotton,Andhra Pradesh,Rabi,8.28,1565.5,26.2,76.0,5.75,100.7,25.7,30.8,117.4,2.04
Sugarcane,Madhya Pradesh,Kharif,2.55,1056.7,23.3,52.3,6.35,118.5,52.1,,261.2,101.54
Pulses,Maharashtra,Rabi,1.89,1415.8,23.7,67.0,6.17,147.8,55.9,120.2,215.4,1.6
Maize,Uttar Pradesh,Kharif,6.62,1024.3,27.2,55.1,6.64,182.0,48.8,76.0,199.4,5.75
Potato,Tamil Nadu,Rabi,4.94,966.7,21.5,49.8,7.11,195.7,82.3,79.6,55.8,28.72
Potato,Haryana,Kharif,4.74,1066.0,30.2,62.0,7.3,143.6,49.1,83.9,165.3,29.28
Sugarcane,Andhra Pradesh,Kharif,2.32,1107.5,29.7,78.7,7.79,,92.0,96.7,221.3,96.12
Rice,Uttar Pradesh,Zaid,2.48,960.8,26.7,61.2,6.15,71.9,45.1,101.7,136.9,
Maize,Uttar Pradesh,Zaid,4.58,737.8,29.7,73.8,7.23,91.5,66.7,65.4,157.5,4.43
Sugarcane,Karnataka,Rabi,3.7,466.7,27.3,83.0,5.78,166.7,64.2,117.0,123.2,93.84
Sugarcane,Gujarat,Kharif,7.33,691.9,31.6,76.1,7.23,130.3,36.6,106.7,126.7,93.61
Rice,Andhra Pradesh,Rabi,7.3,592.1,28.7,67.6,6.5,129.7,90.5,157.0,152.2,4.58
Rice,Gujarat,Rabi,2.83,762.2,25.8,66.5,6.75,173.0,85.5,112.6,144.2,4.63
Maize,Uttar Pradesh,Rabi,6.25,829.5,33.7,60.5,7.8,104.9,68.7,151.0,262.2,5.11
Groundnut,Haryana,Zaid,4.04,1015.8,32.4,79.3,6.48,96.5,64.4,117.8,,2.91
Sugarcane,Punjab,Kharif,6.09,738.4,21.3,44.4,,124.5,41.6,135.6,117.8,96.71
Cotton,Punjab,Rabi,10.71,961.7,20.0,93.9,5.83,122.4,52.4,83.1,235.0,2.72
Wheat,Madhya Pradesh,Rabi,7.06,823.4,28.9,56.4,6.54,109.2,27.9,100.0,217.1,4.62
Sugarcane,Punjab,Kharif,8.85,250.0,29.7,80.2,7.09,104.9,52.4,72.1,75.4,99.55
Groundnut,Punjab,Kharif,3.12,785.0,27.9,68.7,7.39,138.2,50.7,57.7,81.3,2.93
Rice,Maharashtra,Zaid,7.17,1257.9,15.6,70.0,6.16,40.0,79.6,165.7,152.7,3.31
Groundnut,Haryana,Kharif,1.48,720.0,33.8,44.1,7.15,148.7,76.8,40.7,135.7,3.01
Wheat,West Bengal,Zaid,2.48,1275.8,22.2,65.2,7.43,167.6,51.0,149.4,170.6,4.56
Pulses,Karnataka,Zaid,1.95,1109.8,21.7,58.6,6.64,115.6,54.1,38.2,125.9,1.5
Potato,Madhya Pradesh,Kharif,1.14,285.5,33.7,68.2,6.47,85.5,33.8,122.2,117.7,24.5
Maize,Karnataka,Zaid,3.31,1313.0,24.8,82.3,7.32,72.9,70.6,123.4,88.7,4.25
Potato,Uttar Pradesh,Rabi,1.36,916.4,26.1,50.1,5.57,81.8,19.6,92.0,183.1,28.2
Rice,Uttar Pradesh,Zaid,4.77,461.3,28.0,57.6,7.48,49.0,60.7,116.6,189.0,4.07
Sugarcane,Haryana,Kharif,1.35,559.9,27.3,79.3,5.91,144.6,45.7,118.5,202.5,115.31
Groundnut,Karnataka,Zaid,2.67,1383.3,,74.0,6.57,,94.9,65.5,169.1,2.71
Cotton,Haryana,Kharif,2.02,1460.8,26.6,72.2,7.27,66.3,92.5,134.8,151.8,2.82
Potato,Tamil Nadu,Zaid,3.82,744.9,27.1,50.9,7.59,173.6,40.1,75.9,170.1,22.94
Wheat,Karnataka,Kharif,5.96,636.0,23.5,64.0,5.85,140.2,15.0,107.4,215.6,4.74
Rice,Haryana,Kharif,5.2,748.8,36.2,58.9,7.57,114.0,70.0,115.8,168.7,5.16
Rice,Maharashtra,Kharif,1.45,1273.7,23.9,61.3,7.28,128.7,73.2,39.6,169.8,4.74
Potato,Karnataka,Rabi,0.92,637.0,28.2,60.4,,155.5,64.8,145.4,238.3,25.84
Rice,Madhya Pradesh,Kharif,7.83,973.3,22.4,57.4,7.07,95.6,73.7,97.8,208.1,3.96
Maize,West Bengal,Zaid,5.99,1314.2,28.6,74.2,6.05,87.3,36.6,85.8,68.5,4.33
Maize,Haryana,Kharif,2.65,1267.8,28.7,76.1,6.14,148.6,77.2,87.9,190.8,5.42
Pulses,Maharashtra,Zaid,6.86,366.6,28.7,70.7,6.33,107.8,77.8,103.6,149.0,1.48
Rice,Maharashtra,Rabi,1.93,1239.9,30.0,67.6,6.82,40.0,61.8,90.7,166.7,4.33
Cotton,Uttar Pradesh,Rabi,2.71,1307.4,34.2,64.8,6.61,173.0,85.8,30.0,205.7,2.5
Cotton,Karnataka,Zaid,10.66,884.8,19.9,67.0,6.58,116.5,69.0,87.6,82.8,2.17
Potato,Karnataka,Kharif,1.89,1259.6,31.1,85.8,5.96,154.1,49.1,116.4,159.7,28.63
Rice,Punjab,Zaid,3.67,1112.9,29.3,76.8,7.02,147.3,15.0,71.8,85.4,3.86
Rice,Karnataka,Kharif,2.01,971.7,27.5,74.6,6.85,147.1,15.0,95.7,169.7,4.82
Groundnut,Gujarat,Kharif,4.01,1181.9,28.1,41.6,7.74,124.0,82.5,40.7,114.8,2.82
Maize,Tamil Nadu,Rabi,2.81,604.2,28.6,57.9,6.01,145.2,56.8,,121.3,5.15
Groundnut,Madhya Pradesh,Zaid,2.83,1015.0,18.4,68.0,6.82,161.0,58.7,73.7,134.7,2.48
Maize,Gujarat,Kharif,6.12,486.6,31.9,30.0,6.32,195.1,54.3,115.1,187.4,5.1
Maize,Andhra Pradesh,Rabi,4.55,1024.6,24.1,58.3,7.35,137.1,33.8,56.6,100.2,
Rice,Uttar Pradesh,Kharif,1.97,1088.4,18.6,71.7,7.19,163.4,71.7,139.1,216.7,5.04
Wheat,Punjab,Rabi,1.67,347.7,22.3,72.1,5.25,129.6,46.2,97.7,196.1,4.56
Pulses,Haryana,Zaid,2.71,1109.0,24.5,67.8,6.85,121.2,40.0,69.6,127.4,1.61
Sugarcane,West Bengal,Zaid,4.8,801.4,29.0,88.1,4.98,119.7,69.4,210.3,87.5,88.92
Maize,Maharashtra,Rabi,3.01,1213.0,25.2,74.7,6.58,117.8,94.6,166.2,182.3,4.94
Potato,West Bengal,Kharif,0.93,409.9,25.0,56.7,7.76,134.8,38.0,42.2,165.3,27.06
Maize,Haryana,Zaid,6.25,540.6,23.7,54.9,5.89,157.8,49.2,109.3,187.7,5.03
Potato,Andhra Pradesh,Rabi,4.33,970.8,17.6,72.5,5.62,89.5,78.7,154.9,67.0,25.73
Groundnut,Tamil Nadu,Zaid,3.67,765.3,32.9,60.4,7.11,118.2,49.7,132.9,205.5,2.76
Wheat,Uttar Pradesh,Rabi,3.63,897.3,37.3,35.5,6.91,176.2,79.8,110.4,146.2,4.67
Cotton,Andhra Pradesh,Kharif,8.75,1099.2,26.6,67.4,6.65,121.8,39.9,102.8,184.3,2.74
Wheat,Gujarat,Rabi,9.5,729.9,29.8,87.9,5.33,139.5,66.1,83.6,89.7,3.91
Cotton,Punjab,Zaid,4.22,496.6,27.0,64.5,7.48,83.2,57.7,112.3,172.9,2.61
Cotton,Madhya Pradesh,Zaid,10.32,1423.6,23.7,60.3,,141.4,75.4,51.1,62.7,1.96
Cotton,Gujarat,Zaid,3.41,926.6,31.5,73.0,6.97,99.1,17.5,151.2,160.1,2.18
Rice,Karnataka,Zaid,3.68,546.4,24.9,59.9,6.08,106.8,22.8,57.3,163.0,3.84
Pulses,Punjab,Kharif,1.25,715.7,19.3,52.9,5.82,124.3,82.3,87.7,163.7,1.86
Wheat,Gujarat,Kharif,5.61,759.3,19.5,66.5,7.96,71.3,22.8,137.6,150.5,4.21
Maize,Punjab,Kharif,4.76,862.1,27.7,80.1,7.06,152.6,15.0,78.2,144.6,6.01
Potato,Uttar Pradesh,Kharif,1.07,1006.1,25.2,59.6,6.12,123.2,60.6,132.2,157.7,28.68
Sugarcane,Madhya Pradesh,Zaid,1.41,1087.7,18.5,59.9,7.94,115.3,32.7,37.6,179.6,85.42
Wheat,Haryana,Kharif,8.01,626.1,28.8,52.6,6.58,90.2,61.7,76.8,189.1,4.63
Cotton,Haryana,Zaid,6.6,655.4,27.2,60.0,5.59,152.7,57.3,122.9,68.0,2.47
Sugarcane,Andhra Pradesh,Kharif,6.53,629.6,15.0,59.9,7.37,144.1,44.9,193.7,76.0,97.61
Wheat,Gujarat,Rabi,2.44,1005.8,32.5,71.3,6.34,85.7,44.0,91.9,184.5,4.73
Groundnut,Gujarat,Rabi,2.59,1394.5,32.6,44.2,6.56,150.2,43.4,82.8,91.2,2.77
Wheat,Haryana,Rabi,8.02,405.3,28.5,66.1,6.06,147.6,44.3,145.8,225.3,4.66
Maize,Gujarat,Kharif,6.84,836.2,26.5,56.7,6.8,56.5,30.5,166.8,161.3,5.54
Sugarcane,Madhya Pradesh,Rabi,3.92,951.0,25.0,40.5,5.93,160.4,41.5,108.8,184.7,101.25
Groundnut,Gujarat,Zaid,1.39,744.1,18.2,68.7,5.47,158.6,70.6,118.2,71.8,2.12
Pulses,Madhya Pradesh,Zaid,1.71,900.7,17.6,72.9,8.2,187.1,,182.3,200.0,1.44
Cotton,Gujarat,Kharif,2.68,786.1,23.6,77.6,6.8,139.9,44.9,94.2,163.8,2.4
Groundnut,Madhya Pradesh,Rabi,5.63,779.1,24.1,89.3,7.3,130.8,78.9,138.8,139.8,3.02
Sugarcane,West Bengal,Zaid,5.87,1095.8,24.9,91.5,6.67,139.2,15.0,133.5,123.1,82.2
Cotton,Haryana,Kharif,7.27,787.7,27.5,65.5,6.4,105.9,37.6,118.7,152.2,2.84
Sugarcane,Gujarat,Kharif,5.27,1132.9,27.9,78.5,7.37,133.2,53.5,112.4,141.6,99.27
Wheat,Maharashtra,Zaid,2.14,1330.4,26.3,61.4,6.76,170.3,53.4,167.9,136.1,3.83
Groundnut,Tamil Nadu,Kharif,4.99,1066.8,19.2,77.5,7.48,114.2,47.6,140.5,182.2,3.11
Wheat,Andhra Pradesh,Rabi,6.83,688.8,28.4,56.1,7.01,96.9,38.7,128.8,24.2,4.32
Sugarcane,Maharashtra,Kharif,3.27,1060.3,29.2,61.1,6.94,159.0,15.0,113.3,26.2,86.81
Groundnut,Karnataka,Zaid,4.62,948.2,26.0,53.7,6.31,142.9,68.2,75.8,130.8,2.35
Groundnut,Karnataka,Kharif,5.83,506.8,26.4,60.3,5.68,142.5,32.4,140.8,71.4,2.95
Cotton,Gujarat,Kharif,5.99,474.9,18.4,50.9,6.57,100.3,31.2,94.0,20.4,2.37
Cotton,Maharashtra,Rabi,10.88,1016.5,30.5,60.5,6.36,197.1,45.9,75.7,217.1,2.29
Pulses,Karnataka,Rabi,5.53,903.5,27.5,89.1,5.95,222.2,35.2,114.5,206.3,1.79
Sugarcane,Uttar Pradesh,Rabi,3.98,1012.7,27.2,55.6,8.04,149.7,54.5,124.3,112.2,99.91
Cotton,Karnataka,Rabi,11.82,542.1,30.6,73.6,6.73,122.6,52.8,98.1,44.7,2.3
Maize,Andhra Pradesh,Zaid,5.87,1583.4,28.4,68.5,5.98,113.8,35.1,86.2,156.6,5.01
Maize,Gujarat,Zaid,4.2,860.4,27.5,69.7,7.27,140.1,95.8,106.1,142.3,5.02
Rice,Haryana,Zaid,6.46,636.5,25.3,73.2,5.63,87.8,76.7,110.0,44.7,4.38
Pulses,Maharashtra,Kharif,2.28,844.4,21.4,78.3,6.61,126.1,73.6,108.9,128.0,1.79
Cotton,Andhra Pradesh,Rabi,4.18,1242.8,32.3,45.3,7.3,187.4,38.6,131.2,151.3,2.49
Rice,Andhra Pradesh,Zaid,3.53,502.5,28.4,61.1,5.91,131.1,15.0,73.9,106.9,3.82
Groundnut,Gujarat,Rabi,5.16,839.2,29.7,81.8,7.01,232.0,16.2,123.9,105.2,2.81
Maize,Andhra Pradesh,Kharif,2.23,830.4,24.7,83.5,5.36,127.8,66.9,127.0,81.6,5.27
Groundnut,Gujarat,Zaid,2.27,832.9,29.7,47.3,6.65,103.4,54.1,111.4,209.0,2.44
Groundnut,Madhya Pradesh,Zaid,1.0,1266.3,33.1,53.8,6.57,152.7,33.3,87.1,204.7,2.72
Maize,Maharashtra,Zaid,4.15,965.0,32.4,47.3,6.23,53.7,50.0,115.1,245.8,4.24
Pulses,Punjab,Kharif,1.61,1101.8,31.9,65.6,6.54,61.4,57.2,119.6,65.7,2.0
Cotton,Tamil Nadu,Kharif,11.63,831.2,22.8,66.2,,87.9,64.8,61.1,173.5,2.48
Sugarcane,Karnataka,Rabi,8.84,920.4,33.0,68.4,6.65,122.6,45.0,38.5,190.2,94.49
Cotton,Karnataka,Zaid,9.41,1362.9,27.2,41.3,6.4,162.1,57.1,98.7,86.2,2.2
Groundnut,Karnataka,Rabi,4.35,711.9,25.8,74.8,6.83,95.4,77.1,110.4,197.5,2.78
Cotton,Maharashtra,Rabi,2.15,759.2,21.5,52.2,6.12,224.3,36.0,155.8,90.8,2.43
Pulses,Gujarat,Zaid,6.57,930.4,40.0,77.2,5.77,156.1,77.7,95.7,179.1,1.62
Cotton,West Bengal,Rabi,5.56,1237.0,31.8,85.7,6.99,194.0,48.9,89.9,240.4,2.59
Cotton,Madhya Pradesh,Zaid,4.42,1188.8,32.1,52.5,6.0,143.7,57.8,130.0,182.2,2.26
Sugarcane,Uttar Pradesh,Zaid,6.23,1014.3,35.1,55.2,5.59,143.0,86.3,75.4,75.6,82.81
Wheat,Haryana,Kharif,3.05,1042.9,30.7,56.9,7.02,129.0,61.6,138.9,233.3,5.07
Groundnut,Punjab,Rabi,1.33,977.3,31.0,66.9,6.76,104.7,51.8,145.2,219.8,3.24
Groundnut,West Bengal,Rabi,2.52,970.7,32.5,70.6,7.11,137.0,87.5,107.1,100.5,2.86
Rice,Punjab,Rabi,2.08,940.9,26.6,69.7,5.22,122.1,52.5,131.7,218.2,4.35
Maize,Karnataka,Kharif,5.3,677.6,34.0,63.1,7.9,87.0,24.7,107.7,141.0,5.73
Potato,Gujarat,Zaid,2.61,717.2,30.2,70.3,6.01,110.1,45.1,53.7,136.7,24.07
Potato,Punjab,Zaid,1.65,848.4,21.4,70.6,6.27,62.3,45.3,107.4,180.0,28.53
Sugarcane,Uttar Pradesh,Kharif,4.76,871.6,23.5,58.4,6.75,174.6,15.0,97.3,200.9,106.62
Groundnut,West Bengal,Zaid,3.22,1250.9,,74.4,8.02,143.3,79.4,106.3,,2.44
Wheat,Gujarat,Zaid,6.36,712.4,19.8,91.8,6.96,93.7,74.9,65.8,257.3,3.95
Sugarcane,West Bengal,Kharif,1.72,888.8,33.6,73.9,6.94,102.5,33.9,112.4,209.0,108.88
Sugarcane,Haryana,Kharif,6.82,946.8,29.3,58.2,6.7,133.8,48.3,114.7,110.0,110.18
Maize,Gujarat,Kharif,6.33,1367.0,21.4,80.7,5.72,129.8,56.0,109.5,148.7,4.7
Wheat,Uttar Pradesh,Zaid,1.52,397.3,35.5,58.0,6.76,183.7,23.0,141.0,121.2,4.33
Pulses,Haryana,Kharif,4.61,706.1,20.7,43.6,6.31,144.0,56.2,59.5,70.0,1.9
Potato,Maharashtra,Zaid,3.46,793.3,23.8,62.3,6.23,102.6,47.2,103.5,46.9,22.21
Pulses,Madhya Pradesh,Rabi,2.07,649.4,34.5,67.6,7.06,145.0,61.7,80.5,108.7,1.66
Sugarcane,Punjab,Rabi,6.88,1229.3,15.0,80.7,,81.6,97.0,127.2,230.1,107.36
Maize,Haryana,Rabi,6.76,685.9,28.3,70.0,6.57,112.4,58.2,105.5,107.0,5.69
Wheat,Punjab,Kharif,5.67,1254.4,15.0,73.7,8.16,161.1,56.8,101.0,170.1,4.82
Potato,Karnataka,Kharif,4.5,1221.2,32.1,70.0,5.87,123.7,71.3,99.5,173.3,24.8
Maize,Haryana,Zaid,6.74,1006.8,21.5,81.8,7.08,158.2,76.4,116.0,156.1,5.36
Pulses,Madhya Pradesh,Rabi,5.69,1364.4,33.5,53.8,5.84,125.9,51.5,116.1,135.7,1.75
Pulses,Uttar Pradesh,Zaid,1.82,735.5,18.4,,7.68,,63.6,151.3,147.4,1.48
Pulses,Maharashtra,Zaid,5.61,1158.2,21.4,59.9,7.1,136.3,56.9,102.3,130.8,1.6
Pulses,West Bengal,Rabi,1.1,1409.5,24.7,53.8,6.72,114.7,62.4,75.6,158.6,1.59
Maize,Uttar Pradesh,Rabi,1.79,1107.4,29.4,73.2,7.64,111.0,52.4,157.3,163.2,5.28
Rice,Madhya Pradesh,Zaid,1.65,1188.0,27.7,59.2,7.27,98.2,65.5,124.7,261.6,3.94
Cotton,Tamil Nadu,Kharif,5.39,568.0,24.3,70.6,6.75,40.0,60.7,116.0,204.7,2.72
Potato,Maharashtra,Kharif,1.91,876.5,24.7,47.0,5.92,175.6,34.2,50.3,20.0,23.69
Cotton,Haryana,Kharif,11.57,348.5,29.6,77.5,6.24,93.2,21.5,106.5,241.2,2.87
Sugarcane,Karnataka,Zaid,3.75,1174.6,20.4,70.3,6.7,80.4,63.7,30.0,78.4,80.42
Sugarcane,Tamil Nadu,Rabi,1.89,538.9,32.3,56.1,,106.9,43.9,137.6,176.0,97.59
Sugarcane,Punjab,Zaid,5.9,,25.7,54.9,7.36,185.5,80.9,111.6,117.4,99.02
Sugarcane,Andhra Pradesh,Zaid,4.19,255.4,27.6,94.6,7.34,153.4,44.8,111.8,41.4,88.76
Wheat,Madhya Pradesh,Zaid,5.92,1243.3,27.2,81.8,6.57,180.6,55.3,85.4,71.3,3.94
Cotton,West Bengal,Kharif,7.53,1357.4,19.0,86.6,6.03,155.6,77.6,130.4,127.4,2.53
Rice,West Bengal,Zaid,2.97,993.5,35.7,65.1,7.48,168.2,49.7,90.7,96.1,4.38
Maize,Uttar Pradesh,Zaid,1.43,774.8,29.7,56.6,6.54,109.0,64.2,93.5,225.1,4.92
Rice,Gujarat,Kharif,1.89,801.8,24.0,67.0,6.16,179.5,64.2,133.2,82.8,4.38
Potato,West Bengal,Kharif,0.66,928.0,27.5,61.9,5.69,224.0,90.5,137.7,127.8,29.45
Sugarcane,Gujarat,Kharif,2.07,949.5,20.5,69.6,7.17,165.1,45.1,129.2,163.0,98.22
Potato,Uttar Pradesh,Kharif,4.68,971.7,30.2,62.8,,153.2,53.6,113.1,74.2,29.65
Groundnut,Uttar Pradesh,Rabi,5.43,578.0,29.5,59.2,6.67,223.5,61.6,111.9,232.9,2.95
Wheat,Haryana,Kharif,9.46,470.7,24.5,,6.89,176.3,78.0,41.7,179.3,4.82
Wheat,Karnataka,Kharif,3.81,772.8,30.5,74.0,6.03,40.0,67.5,87.4,215.3,4.35
Wheat,Haryana,Rabi,3.35,1105.1,25.1,64.5,7.62,182.3,59.3,94.2,26.9,4.49
Cotton,Andhra Pradesh,Rabi,3.3,,33.3,79.8,7.58,40.0,57.8,,207.3,2.52
Wheat,Andhra Pradesh,Rabi,7.96,873.3,28.7,63.3,6.05,125.1,65.4,95.3,93.2,4.17
Cotton,Andhra Pradesh,Kharif,9.04,675.2,29.1,70.0,7.48,143.7,60.5,127.7,123.3,2.42
Groundnut,Haryana,Rabi,3.98,623.8,29.8,69.7,7.24,128.7,15.0,98.9,50.5,2.66
Pulses,Uttar Pradesh,Rabi,4.13,1144.2,25.8,80.4,6.92,164.3,76.1,89.0,150.0,2.02
Maize,West Bengal,Kharif,1.83,941.9,16.5,74.1,5.84,139.5,31.4,136.7,131.4,5.18
Potato,Haryana,Rabi,1.85,441.8,29.1,44.1,6.94,148.3,76.9,82.1,199.7,30.66
Cotton,West Bengal,Zaid,3.56,1279.3,29.2,61.6,6.92,186.2,52.9,102.7,172.3,2.26
Wheat,Andhra Pradesh,Rabi,5.82,857.0,28.0,87.2,7.96,100.8,64.2,142.4,83.6,4.74
Pulses,Karnataka,Zaid,1.78,1348.5,40.0,79.6,6.16,172.7,22.2,166.0,138.3,1.37
Groundnut,Gujarat,Zaid,4.82,1014.4,25.2,59.5,7.01,166.9,58.1,123.8,173.6,2.75
Rice,Uttar Pradesh,Zaid,1.04,712.5,30.7,64.3,7.07,99.6,31.7,142.0,62.5,4.22
Rice,Haryana,Kharif,4.95,1340.3,29.5,75.9,6.88,123.0,26.4,103.3,127.7,4.71
Maize,Gujarat,Rabi,3.61,694.5,27.2,73.0,6.81,59.7,52.2,90.5,65.3,4.87
Groundnut,West Bengal,Zaid,4.59,894.0,19.8,78.9,6.27,116.3,48.2,105.9,171.3,2.52
Maize,Karnataka,Kharif,3.48,703.3,33.1,79.2,5.91,156.0,60.3,158.3,167.0,4.98
Sugarcane,Maharashtra,Kharif,5.78,1247.8,26.8,67.2,7.69,151.5,67.1,159.9,90.9,91.58
Potato,Haryana,Rabi,0.8,979.0,29.9,72.4,8.2,140.6,50.9,136.9,262.6,28.89
Maize,Uttar Pradesh,Kharif,6.77,250.0,30.0,56.4,5.59,103.1,87.9,107.4,181.3,5.06
Cotton,Haryana,Rabi,2.58,599.7,21.7,67.4,5.7,218.4,25.6,81.6,168.5,2.81
Groundnut,Gujarat,Kharif,1.18,1166.3,24.8,78.3,6.97,197.1,107.2,148.8,142.3,3.06
Cotton,Maharashtra,Kharif,4.11,1137.2,31.0,70.4,5.68,77.7,47.1,123.3,118.6,2.43
Rice,Tamil Nadu,Kharif,7.82,773.7,24.0,64.9,5.6,169.5,69.3,99.3,73.5,4.79
Pulses,Madhya Pradesh,Zaid,3.83,365.2,30.5,63.4,6.09,91.0,23.0,139.8,49.1,1.38
Potato,Uttar Pradesh,Kharif,2.39,866.9,,86.7,6.57,140.3,77.5,119.9,126.3,27.37
Pulses,Tamil Nadu,Kharif,4.41,1534.3,26.6,65.8,7.23,165.0,58.3,84.8,242.8,1.84
Maize,West Bengal,Zaid,2.93,1224.6,30.8,90.9,7.47,135.7,40.0,144.0,113.4,5.03
Potato,Madhya Pradesh,Zaid,2.78,1051.9,37.8,72.0,6.88,87.4,70.8,95.9,120.8,22.5
Groundnut,Gujarat,Kharif,4.31,958.1,24.9,42.9,6.62,90.6,57.0,74.7,210.9,2.8
Rice,Tamil Nadu,Zaid,7.97,1352.9,33.9,76.4,7.62,99.6,66.0,109.3,154.1,4.16
Sugarcane,Andhra Pradesh,Kharif,4.85,879.0,24.5,62.4,6.93,75.4,45.0,104.0,117.4,103.84
Groundnut,Haryana,Kharif,3.92,896.9,26.1,79.1,7.99,168.6,58.2,141.9,175.5,3.02
Cotton,Tamil Nadu,Zaid,11.15,549.9,30.5,73.9,7.01,109.2,63.9,100.1,169.9,2.65
Pulses,Haryana,Kharif,4.19,895.3,31.4,68.2,6.73,141.6,50.6,94.0,169.7,1.85
Sugarcane,Haryana,Zaid,7.89,867.0,30.1,56.1,7.47,115.0,61.7,90.0,212.5,102.98
Cotton,Karnataka,Kharif,11.93,1164.0,30.9,87.3,6.59,120.8,47.3,149.2,194.1,2.74
Rice,Haryana,Rabi,6.49,654.8,25.7,82.0,6.49,58.2,48.7,131.4,37.4,4.9
Groundnut,West Bengal,Zaid,4.78,929.0,27.4,51.9,7.51,157.7,82.4,120.4,,2.9
Potato,Madhya Pradesh,Rabi,4.7,334.3,23.4,66.7,7.05,83.2,41.3,99.8,137.1,23.47
Rice,Madhya Pradesh,Zaid,3.95,641.9,19.1,50.0,7.11,152.9,60.1,104.2,222.7,4.27
Sugarcane,Karnataka,Rabi,8.61,602.5,24.8,65.4,7.29,165.5,41.3,44.9,143.3,90.64
Sugarcane,Uttar Pradesh,Kharif,1.45,698.9,34.4,70.7,6.8,131.6,84.7,112.6,147.9,104.86
Potato,Karnataka,Rabi,0.92,820.1,32.6,52.6,6.57,106.2,83.4,189.1,284.3,26.6
Maize,West Bengal,Zaid,1.32,780.7,27.6,69.4,,,69.1,148.8,182.9,5.55
Wheat,Haryana,Kharif,5.32,994.5,34.3,58.0,7.04,108.7,81.3,181.4,279.8,4.69
Groundnut,Karnataka,Rabi,4.32,,19.5,65.4,7.33,79.0,61.0,133.2,181.7,2.71
Sugarcane,Uttar Pradesh,Zaid,3.52,901.5,25.1,65.8,6.24,177.7,45.0,77.5,241.3,94.38
Pulses,Karnataka,Rabi,1.3,1272.4,22.3,65.2,6.84,164.4,76.5,76.6,146.9,1.69
Rice,Punjab,Zaid,7.44,1228.8,24.2,72.9,6.76,138.7,62.9,142.5,114.2,4.46
Sugarcane,Haryana,Rabi,4.64,718.7,36.6,57.4,6.18,54.1,49.1,95.3,130.2,100.48
Potato,Tamil Nadu,Zaid,0.57,439.7,20.1,76.2,6.66,112.7,53.7,111.2,94.4,22.74
Sugarcane,Tamil Nadu,Rabi,8.12,1128.6,30.1,57.6,6.71,40.0,46.4,121.7,100.1,100.95
Rice,Gujarat,Zaid,4.56,900.0,22.0,30.0,6.07,114.5,69.4,133.2,59.7,4.67
Cotton,Madhya Pradesh,Rabi,9.06,857.7,22.7,61.2,6.89,117.1,79.8,88.4,177.8,2.41
Pulses,Andhra Pradesh,Zaid,3.03,585.2,34.0,85.9,7.33,123.1,97.5,114.3,100.6,1.43
Potato,Haryana,Zaid,4.25,1498.0,15.0,57.2,6.34,93.5,94.6,56.2,90.6,24.07
Sugarcane,Tamil Nadu,Kharif,1.58,1176.6,32.9,50.6,6.68,146.0,51.7,142.4,105.2,93.9
Groundnut,Uttar Pradesh,Zaid,1.19,1303.4,31.4,66.6,6.73,100.1,52.2,46.2,61.8,2.49
Pulses,Gujarat,Kharif,2.14,864.9,26.4,78.8,6.82,57.2,46.3,102.7,112.0,1.76
Maize,Punjab,Rabi,1.59,1668.8,27.9,51.1,7.54,182.4,62.6,30.0,241.8,5.59
Wheat,Gujarat,Kharif,7.18,870.4,18.6,59.1,7.03,60.2,45.6,177.9,132.1,4.71
Potato,Punjab,Rabi,2.28,702.3,32.3,50.4,6.76,196.6,61.7,111.1,158.9,27.93
Wheat,Gujarat,Zaid,9.06,564.6,40.0,59.2,7.54,118.9,26.2,86.2,123.5,3.55
Cotton,Andhra Pradesh,Zaid,9.38,1024.8,15.7,68.0,7.04,74.0,71.4,120.5,166.8,2.38
Wheat,Uttar Pradesh,Rabi,5.85,1341.3,27.3,59.5,6.35,110.3,62.5,163.5,128.3,3.97
Wheat,Haryana,Rabi,6.85,881.7,29.2,67.6,6.91,177.9,19.2,109.0,136.1,4.43
Rice,Andhra Pradesh,Zaid,1.68,1462.2,,65.6,6.55,129.5,68.0,129.7,204.3,4.3
Sugarcane,Madhya Pradesh,Zaid,6.65,1605.3,33.7,93.3,7.08,165.1,79.3,116.6,100.9,88.82
Groundnut,Gujarat,Rabi,2.68,547.7,22.0,68.0,6.62,73.7,82.8,95.6,187.6,2.74
Potato,Gujarat,Zaid,2.43,630.1,25.8,43.6,6.12,145.8,75.6,139.7,188.4,27.13
Wheat,Madhya Pradesh,Zaid,4.08,1352.1,34.9,78.3,7.28,83.8,55.9,142.5,110.9,3.42
Cotton,Tamil Nadu,Kharif,7.36,860.5,29.6,65.1,6.33,161.1,81.9,117.2,133.0,2.39
Cotton,Tamil Nadu,Kharif,6.38,755.2,33.0,60.5,6.43,67.1,59.7,186.8,192.8,2.58
Wheat,Andhra Pradesh,Rabi,5.88,675.7,29.5,65.0,6.56,75.6,51.1,193.9,124.6,4.45
Pulses,Uttar Pradesh,Rabi,6.93,644.9,30.4,56.8,7.3,189.4,44.4,160.8,166.6,1.77
Rice,Uttar Pradesh,Kharif,4.29,848.5,29.8,67.1,6.56,48.1,51.6,86.0,115.7,4.62
Cotton,Andhra Pradesh,Zaid,2.62,1025.5,28.0,65.1,5.97,133.7,72.1,128.6,98.8,2.34
Pulses,Uttar Pradesh,Rabi,1.52,1349.6,36.5,63.8,6.68,141.1,42.3,139.8,141.4,1.65
Rice,Punjab,Zaid,3.77,1280.5,36.9,79.1,7.6,134.5,49.5,116.5,160.8,4.36
Cotton,Uttar Pradesh,Rabi,8.17,908.8,27.4,53.6,6.12,112.8,55.3,50.0,190.1,2.76
Potato,Punjab,Zaid,3.0,991.2,24.5,72.7,6.64,111.4,65.3,148.9,71.3,26.68
Rice,Madhya Pradesh,Zaid,7.53,250.0,16.0,64.0,7.98,100.2,62.0,107.6,194.7,3.79
Cotton,Tamil Nadu,Zaid,3.68,356.1,21.0,71.7,5.73,91.1,48.9,179.2,117.1,2.25
Sugarcane,Andhra Pradesh,Kharif,8.94,632.7,21.7,56.0,7.85,133.0,36.3,96.3,111.8,96.05
Potato,Gujarat,Rabi,2.32,1139.4,18.4,66.3,7.83,86.7,41.5,84.0,203.5,24.35
Potato,Punjab,Rabi,1.44,1194.8,34.3,70.7,6.93,172.2,101.1,120.4,69.0,28.4
Cotton,Madhya Pradesh,Rabi,4.9,477.2,28.8,70.7,7.06,122.1,45.1,182.8,104.0,2.5
Potato,Punjab,Rabi,4.7,,23.0,48.6,6.32,131.8,36.5,81.5,155.4,28.33
Potato,Maharashtra,Kharif,2.58,824.5,27.4,,8.05,114.4,24.2,151.5,128.6,28.75
Groundnut,Madhya Pradesh,Zaid,2.88,543.7,32.9,61.2,6.54,213.4,57.9,92.7,40.9,2.54
Groundnut,Tamil Nadu,Zaid,3.47,620.8,21.2,56.8,6.41,65.3,55.8,77.6,208.0,2.56
Rice,West Bengal,Kharif,7.64,1655.8,23.7,70.6,5.92,121.8,46.8,85.8,160.6,4.4
Wheat,Haryana,Zaid,7.01,723.7,31.7,80.8,6.56,99.1,50.2,130.0,62.5,3.94
Sugarcane,Madhya Pradesh,Zaid,7.39,413.4,33.3,66.0,6.49,159.4,44.8,81.5,249.7,93.29
Cotton,Uttar Pradesh,Zaid,11.42,1227.9,35.9,76.0,6.3,77.5,42.3,150.5,142.7,2.18
Rice,Tamil Nadu,Zaid,2.58,524.3,34.5,66.1,7.32,152.5,60.7,135.3,145.1,
Groundnut,Madhya Pradesh,Rabi,2.41,1105.2,15.0,72.5,7.22,152.0,76.8,137.7,33.3,2.75
Wheat,Uttar Pradesh,Rabi,3.43,679.9,28.1,50.7,6.47,93.8,85.8,91.9,159.8,4.66
Pulses,Maharashtra,Rabi,2.88,560.7,31.8,86.8,6.35,76.0,52.8,102.4,152.5,1.85
Maize,Haryana,Rabi,2.36,250.0,30.0,63.2,6.01,125.1,74.3,102.7,218.1,5.72
Sugarcane,Madhya Pradesh,Kharif,4.94,823.8,29.1,80.5,6.66,104.9,43.0,74.0,125.6,97.09
Potato,Andhra Pradesh,Rabi,1.19,1344.6,,76.9,6.19,112.2,61.1,169.5,104.5,25.24
Maize,Uttar Pradesh,Zaid,2.62,706.0,28.4,60.9,7.24,106.6,40.5,139.8,179.6,4.52
Cotton,Punjab,Rabi,11.22,1414.1,29.1,76.2,7.16,145.3,46.6,87.2,199.0,2.86
Wheat,West Bengal,Kharif,5.41,922.3,22.9,76.0,5.59,108.5,54.0,148.7,136.0,4.44
Cotton,Madhya Pradesh,Rabi,2.3,600.1,23.7,92.0,7.56,102.8,38.4,,86.1,2.41
Sugarcane,Andhra Pradesh,Rabi,1.13,775.7,21.0,66.2,4.94,102.8,28.2,61.7,121.0,94.07
Pulses,Andhra Pradesh,Kharif,4.7,608.7,27.2,68.1,6.17,151.2,27.7,128.1,208.5,1.83
Maize,Punjab,Kharif,3.57,771.6,28.8,67.9,7.77,134.4,46.3,124.1,178.6,5.09
Potato,Madhya Pradesh,Rabi,2.37,886.0,18.4,62.2,5.4,105.2,81.7,176.7,165.0,26.47
Potato,West Bengal,Rabi,4.5,1131.9,20.1,69.6,5.9,121.2,38.5,,208.2,28.67
Sugarcane,West Bengal,Zaid,8.26,1132.3,29.2,66.9,6.98,105.2,21.7,33.1,159.9,88.41
Maize,Gujarat,Zaid,4.1,841.4,22.3,92.8,7.02,150.6,44.6,34.8,92.2,4.75
Groundnut,Uttar Pradesh,Rabi,2.85,1800.0,23.4,60.8,7.09,155.1,49.2,107.7,183.2,3.08
Rice,Maharashtra,Kharif,8.0,726.0,20.4,55.7,6.86,102.8,58.9,116.4,214.2,4.5
Rice,Karnataka,Kharif,4.18,1041.8,25.4,48.2,7.11,59.9,,51.2,83.8,4.27
Cotton,Tamil Nadu,Kharif,4.94,750.0,28.4,71.9,7.47,133.3,55.7,51.2,183.3,2.64
Rice,Madhya Pradesh,Rabi,2.77,602.8,27.3,64.7,6.08,102.9,48.8,175.4,145.4,4.18
Groundnut,Punjab,Rabi,1.76,549.5,37.8,76.1,7.46,189.1,80.4,45.3,135.7,2.82
Potato,Andhra Pradesh,Kharif,2.16,391.1,30.7,71.5,6.35,179.8,37.2,131.2,53.6,26.03
Rice,Haryana,Rabi,3.13,267.5,28.2,69.4,6.76,139.1,54.7,72.6,194.0,5.26
Cotton,Madhya Pradesh,Rabi,9.3,411.0,31.7,62.9,6.43,108.2,42.4,108.2,195.9,2.67
Pulses,Gujarat,Kharif,3.96,1025.9,20.2,73.1,7.08,40.0,31.7,97.5,151.0,1.79
Wheat,Punjab,Rabi,6.19,693.4,29.4,71.7,7.25,128.8,55.9,139.7,106.2,
Sugarcane,Andhra Pradesh,Kharif,5.84,1237.2,27.5,92.4,,61.9,49.3,91.9,33.9,102.56
Maize,Maharashtra,Rabi,5.42,510.8,21.5,67.7,6.82,133.7,54.4,107.4,209.1,5.36
Maize,Tamil Nadu,Kharif,5.79,892.4,20.8,85.3,8.0,94.3,48.7,143.0,181.8,5.28
Maize,Haryana,Kharif,6.59,559.0,27.1,74.1,5.12,113.6,65.6,115.5,163.6,6.4
Potato,Karnataka,Kharif,3.72,921.6,26.2,85.6,6.36,133.0,31.4,112.5,198.7,28.72
Cotton,Gujarat,Zaid,3.04,824.0,23.8,66.3,6.94,40.0,63.3,99.6,51.6,2.25
Sugarcane,Punjab,Kharif,7.24,1212.9,19.4,88.2,6.0,215.7,,58.2,185.2,97.61
Potato,Tamil Nadu,Kharif,3.3,908.1,16.0,83.2,5.62,111.2,88.6,143.4,161.3,27.22
Cotton,Gujarat,Kharif,10.32,1151.2,22.1,71.9,6.68,84.8,61.5,130.3,179.4,2.69
Maize,West Bengal,Zaid,4.5,689.0,32.7,58.9,6.28,163.0,58.3,152.9,110.6,4.64
Maize,Punjab,Kharif,5.33,906.8,26.0,69.4,6.68,147.6,73.8,122.0,83.8,6.19
Cotton,Andhra Pradesh,Rabi,11.9,442.5,32.3,76.3,6.66,83.5,45.1,30.0,191.4,2.52
Maize,Punjab,Zaid,4.12,993.0,28.1,65.0,7.13,70.0,28.1,112.0,126.7,5.19
Wheat,Punjab,Rabi,4.4,743.2,20.7,61.6,6.73,46.9,41.9,85.0,177.0,4.39
Pulses,Karnataka,Zaid,4.96,663.6,27.0,59.6,6.75,153.0,35.2,121.0,145.4,1.51
Pulses,Maharashtra,Rabi,6.19,863.2,22.4,63.8,8.2,150.8,55.8,168.6,134.5,1.59
Wheat,Madhya Pradesh,Kharif,5.92,754.9,24.9,61.7,5.11,131.2,64.2,102.5,177.1,4.3
Maize,Andhra Pradesh,Rabi,1.76,482.4,23.5,41.1,6.67,137.8,33.2,30.0,89.7,4.83
Wheat,Madhya Pradesh,Rabi,7.08,825.5,32.5,71.0,5.97,99.6,72.8,113.8,24.1,3.56
Cotton,Punjab,Zaid,6.63,932.1,36.6,66.6,5.19,163.8,61.5,110.1,170.2,2.62
Groundnut,West Bengal,Kharif,1.76,468.1,29.9,50.0,6.82,123.6,70.4,160.7,184.8,3.04
Pulses,Uttar Pradesh,Rabi,2.33,1305.7,30.4,81.3,6.27,216.3,86.8,60.8,258.1,1.75
Pulses,West Bengal,Zaid,3.36,918.0,31.9,83.3,6.13,143.0,,99.8,178.3,1.75
Wheat,Tamil Nadu,Kharif,8.24,925.5,22.2,91.1,7.1,60.8,55.9,114.7,149.7,4.62
Rice,Andhra Pradesh,Kharif,1.0,1315.0,24.5,47.5,6.05,194.5,39.1,87.3,167.4,4.94
Potato,Tamil Nadu,Rabi,1.2,760.6,24.0,44.5,7.35,85.1,75.9,138.9,166.9,25.82
Cotton,Uttar Pradesh,Rabi,4.35,609.4,24.9,68.1,7.13,150.2,22.0,93.5,57.0,2.64
Sugarcane,Karnataka,Zaid,8.39,855.0,29.3,57.8,5.77,143.7,79.9,51.1,148.9,87.57
Maize,Haryana,Rabi,4.79,710.3,26.7,78.1,6.56,78.0,54.3,107.1,61.8,5.35
Cotton,Andhra Pradesh,Zaid,9.27,770.4,22.1,66.9,7.71,159.3,69.0,87.4,44.8,2.33
Wheat,Karnataka,Rabi,6.97,663.3,31.0,81.3,6.75,138.9,66.4,173.4,178.9,4.31
Maize,Haryana,Rabi,3.97,1140.4,29.6,55.9,5.07,102.9,35.8,100.3,20.0,5.05
Sugarcane,Maharashtra,Zaid,2.8,843.5,33.4,57.7,6.24,,69.1,63.0,215.6,88.36
Maize,Madhya Pradesh,Rabi,6.31,553.3,21.6,44.6,6.88,110.8,81.4,121.4,128.7,4.92
Potato,Andhra Pradesh,Zaid,2.65,903.8,22.7,71.5,7.53,140.9,59.4,49.2,141.3,25.72
Cotton,Maharashtra,Zaid,10.29,850.6,31.8,79.3,4.8,134.5,28.2,91.9,129.1,2.16
Wheat,West Bengal,Zaid,2.04,907.6,27.6,68.3,,100.8,34.4,41.2,107.7,3.98
Potato,Gujarat,Zaid,0.6,752.2,30.7,75.5,7.06,93.8,46.0,121.9,140.8,25.36
Cotton,Uttar Pradesh,Zaid,6.9,643.1,32.6,71.1,6.32,217.5,36.7,83.6,169.2,2.53
Cotton,Uttar Pradesh,Rabi,3.85,761.4,23.7,72.3,5.89,132.8,56.3,116.3,64.3,2.35
Wheat,Gujarat,Kharif,8.25,564.5,35.6,50.9,5.62,209.3,60.5,67.6,109.6,3.94
Wheat,Maharashtra,Kharif,5.57,1159.6,27.9,70.9,7.2,,45.1,143.7,151.9,4.2
Groundnut,West Bengal,Kharif,3.2,759.8,25.9,71.2,6.01,160.8,51.9,70.9,52.7,2.71
Sugarcane,Punjab,Rabi,8.39,579.1,24.3,39.1,6.53,113.3,64.4,111.4,176.3,99.32
Maize,Karnataka,Kharif,5.85,1121.0,22.6,82.6,6.65,248.2,56.0,107.9,84.1,4.8
Wheat,Andhra Pradesh,Kharif,7.81,1065.4,32.9,74.6,6.24,,53.2,72.0,117.4,4.19
Groundnut,Uttar Pradesh,Zaid,2.48,325.3,29.2,53.0,6.49,200.2,77.3,89.7,200.5,2.71
Sugarcane,Andhra Pradesh,Zaid,4.93,833.1,25.7,61.7,5.73,156.2,76.1,89.5,169.0,87.59
Wheat,Karnataka,Rabi,3.73,268.4,25.5,72.2,7.15,83.8,86.7,37.4,198.5,3.95
Cotton,Haryana,Kharif,10.96,796.0,27.5,59.1,7.53,158.9,39.0,51.8,60.5,2.59
Potato,Punjab,Rabi,4.48,803.4,33.8,89.6,6.42,115.9,40.0,144.8,122.9,27.27
Potato,Gujarat,Zaid,1.24,250.0,34.0,40.1,6.88,66.2,84.4,90.7,163.0,23.44
Sugarcane,Uttar Pradesh,Zaid,7.47,1164.1,28.9,89.7,7.02,89.1,38.8,30.0,164.6,89.15
Rice,Karnataka,Rabi,6.47,752.4,25.0,68.3,7.52,176.5,22.4,86.9,182.3,4.42
Rice,West Bengal,Kharif,1.69,1003.9,26.7,60.1,7.94,44.2,45.6,133.8,180.8,4.65
Pulses,Maharashtra,Kharif,4.28,1119.2,33.7,89.4,7.64,175.0,35.7,134.0,159.6,1.72
Groundnut,Gujarat,Rabi,4.37,551.8,33.7,67.4,6.31,130.1,41.4,135.6,189.4,2.85
Pulses,West Bengal,Kharif,5.54,1502.9,25.6,48.6,6.24,98.8,81.1,73.7,162.7,1.87
Pulses,Tamil Nadu,Kharif,3.95,700.9,20.1,48.6,6.25,93.6,88.9,98.1,131.9,1.91
Sugarcane,Andhra Pradesh,Zaid,7.76,1071.7,28.8,65.3,6.21,113.0,15.2,38.2,77.0,84.09
Pulses,Punjab,Zaid,5.39,911.9,31.9,30.5,6.29,115.8,57.1,44.5,225.3,1.74
Wheat,Maharashtra,Rabi,6.58,729.9,31.0,72.6,6.69,74.7,52.7,119.0,77.2,3.78
Sugarcane,West Bengal,Zaid,7.53,1368.9,24.8,58.7,6.47,154.6,52.4,127.8,20.0,85.82
Groundnut,Punjab,Rabi,5.74,,26.4,66.2,5.55,140.0,47.0,104.0,82.0,2.99
Cotton,Uttar Pradesh,Zaid,2.86,494.5,28.3,95.0,7.28,136.5,25.9,83.4,138.2,2.38
Pulses,Karnataka,Zaid,5.83,1252.9,25.8,53.2,8.05,142.9,15.0,30.0,126.7,1.29
Pulses,Gujarat,Rabi,4.77,803.8,31.1,68.0,6.75,100.3,29.2,104.1,55.2,1.76
Maize,Maharashtra,Kharif,1.65,633.0,30.7,45.3,7.13,84.9,77.7,129.7,114.7,4.36
Sugarcane,Madhya Pradesh,Kharif,4.92,1257.3,26.8,73.1,6.47,176.5,29.5,125.3,53.5,96.56
Wheat,West Bengal,Kharif,8.28,705.3,24.6,69.2,7.85,150.4,33.7,78.9,164.7,4.06
Wheat,Andhra Pradesh,Zaid,1.97,1039.2,26.3,74.5,7.66,56.8,17.9,76.3,117.7,3.56
Sugarcane,Madhya Pradesh,Kharif,1.22,1049.9,28.4,51.3,7.37,123.7,52.6,134.0,106.7,94.14
Cotton,Madhya Pradesh,Zaid,11.8,1015.7,23.9,58.0,,150.3,70.5,139.3,172.9,2.37
Potato,West Bengal,Zaid,2.33,1241.3,26.6,54.9,6.95,132.2,68.1,112.9,74.1,22.71
Potato,Punjab,Zaid,3.65,836.5,19.8,57.5,7.77,114.6,28.9,118.3,82.9,27.57
Groundnut,Tamil Nadu,Zaid,2.09,930.7,26.9,49.0,7.8,139.8,67.9,110.0,80.3,2.45
Pulses,Uttar Pradesh,Rabi,3.1,345.3,22.8,62.1,6.6,132.5,64.5,121.4,100.5,1.93
Sugarcane,Punjab,Kharif,1.3,844.4,21.3,76.2,8.2,135.1,39.4,100.3,199.9,113.75
Sugarcane,Haryana,Kharif,5.87,1005.6,22.7,70.3,7.27,140.5,15.0,114.8,84.6,102.01
Pulses,Haryana,Zaid,6.31,1036.9,31.8,56.5,6.9,166.9,73.5,130.6,128.3,1.83
Maize,West Bengal,Zaid,6.43,803.1,26.9,64.7,5.89,121.6,37.6,84.0,144.5,5.28
Cotton,Karnataka,Rabi,9.01,1167.5,22.6,47.4,7.01,88.6,54.2,123.4,155.1,2.52
Cotton,Maharashtra,Zaid,7.01,836.2,25.1,95.0,6.32,189.3,56.1,162.8,153.0,2.49
Wheat,Andhra Pradesh,Kharif,6.52,651.9,28.9,56.2,7.08,131.0,15.0,125.3,124.7,4.4
Wheat,Andhra Pradesh,Kharif,6.26,1005.3,23.2,72.1,7.77,131.5,52.6,193.6,197.5,4.72
Wheat,Maharashtra,Kharif,9.65,1000.9,27.7,80.6,5.06,147.2,110.6,141.6,118.3,4.4
Potato,Madhya Pradesh,Rabi,3.65,388.0,30.0,88.4,7.32,101.9,120.0,77.6,,25.2
Groundnut,Haryana,Rabi,3.78,448.9,25.2,50.8,6.7,106.6,62.7,94.8,120.5,3.11
Cotton,Tamil Nadu,Rabi,5.09,972.3,19.8,86.8,6.39,170.6,80.3,128.8,135.8,2.65
Sugarcane,Karnataka,Kharif,7.85,909.2,28.6,64.9,6.91,172.2,65.9,83.7,131.9,97.81
Wheat,Maharashtra,Rabi,7.61,505.6,16.7,65.8,6.82,45.4,40.6,112.7,139.6,3.97
Wheat,Madhya Pradesh,Zaid,1.46,509.6,24.2,69.1,7.02,160.6,21.2,131.3,146.8,3.68
Cotton,Punjab,Zaid,2.02,794.9,31.8,54.2,7.33,52.9,23.0,60.2,141.9,2.49
Maize,Uttar Pradesh,Kharif,1.53,933.3,33.5,60.6,6.28,193.8,57.8,84.2,185.7,6.01
Groundnut,Maharashtra,Kharif,4.67,1567.6,19.8,42.5,7.37,136.3,32.6,93.9,186.7,2.67
Pulses,Andhra Pradesh,Kharif,4.75,1033.6,30.0,85.7,6.85,168.1,46.7,74.1,147.6,1.89
Sugarcane,Gujarat,Rabi,2.65,783.9,27.2,82.8,7.35,174.1,46.3,122.5,129.9,102.02
Sugarcane,Gujarat,Kharif,7.34,769.5,27.5,63.1,6.12,117.3,46.2,136.4,95.3,94.88
Sugarcane,West Bengal,Kharif,5.11,872.8,20.9,55.5,6.94,128.9,65.3,30.0,,94.73
Potato,Madhya Pradesh,Zaid,1.25,665.8,27.3,85.1,6.59,152.8,80.5,161.2,143.5,23.35
Pulses,Karnataka,Kharif,4.29,449.9,32.8,65.6,6.89,106.4,23.5,80.7,100.9,1.7
Cotton,Madhya Pradesh,Kharif,7.06,1067.5,26.3,69.7,6.25,82.6,92.3,120.6,93.9,2.41
Pulses,Tamil Nadu,Zaid,3.16,1324.5,25.7,55.5,5.74,106.3,65.0,30.0,128.8,1.6
Pulses,Punjab,Kharif,5.78,342.1,21.6,69.4,8.2,53.8,46.7,142.6,53.8,1.78
Pulses,West Bengal,Kharif,2.68,895.5,24.6,57.4,6.43,118.3,46.3,74.4,181.8,1.92
Maize,Gujarat,Zaid,3.48,1033.3,22.7,69.0,5.62,64.2,59.3,85.5,86.0,4.62
Cotton,Madhya Pradesh,Rabi,5.42,720.5,31.4,65.7,6.22,124.9,48.0,90.9,271.6,2.85
Sugarcane,Uttar Pradesh,Rabi,4.71,905.8,27.7,95.0,6.06,129.6,54.0,95.4,178.7,106.54
Pulses,West Bengal,Rabi,3.43,1165.6,26.7,60.8,6.77,93.5,30.5,105.9,212.3,1.72
Potato,Maharashtra,Zaid,3.37,722.2,29.1,66.1,7.74,88.0,80.9,111.6,81.4,23.26
Wheat,Gujarat,Kharif,3.25,986.9,24.6,47.6,6.73,151.3,56.5,157.4,131.0,4.6
Pulses,Haryana,Zaid,2.38,984.7,25.7,85.3,6.67,158.3,34.3,77.5,134.6,1.73
Potato,West Bengal,Zaid,2.56,1239.7,28.1,67.4,6.65,176.0,54.6,125.4,99.2,27.74
Cotton,Uttar Pradesh,Kharif,8.73,617.9,29.1,54.1,6.48,150.1,63.3,97.4,252.3,2.69
Maize,Tamil Nadu,Kharif,4.66,498.6,24.5,42.6,6.31,146.4,79.2,104.4,181.3,5.46
Rice,West Bengal,Rabi,3.18,871.8,22.6,54.3,5.82,70.0,63.4,116.3,63.6,4.3
Cotton,Haryana,Zaid,8.87,308.0,28.0,95.0,6.96,104.9,66.1,84.5,132.8,2.19
Maize,Madhya Pradesh,Rabi,4.1,813.5,16.6,71.9,6.4,110.4,77.8,163.2,83.8,5.05
Groundnut,Uttar Pradesh,Zaid,2.37,640.6,28.2,46.1,5.75,155.6,72.2,155.8,164.0,2.65
Sugarcane,Karnataka,Kharif,5.95,1260.1,32.2,60.5,6.69,139.8,38.5,87.5,82.3,97.96
Maize,Tamil Nadu,Zaid,4.37,1203.4,33.0,51.6,6.01,46.6,52.9,119.8,129.2,4.66
Groundnut,Punjab,Kharif,1.93,944.3,27.4,54.7,7.41,87.0,33.7,168.8,119.6,3.03
Sugarcane,Madhya Pradesh,Zaid,3.91,844.6,31.0,77.8,7.2,89.0,28.8,156.7,121.3,87.23
Potato,Haryana,Kharif,0.51,1095.9,29.2,83.8,6.4,135.8,97.9,127.2,185.6,29.18
Rice,Haryana,Zaid,1.14,774.5,30.6,79.1,6.85,84.8,28.2,153.5,121.8,4.27
Groundnut,Karnataka,Zaid,1.71,908.1,26.2,71.4,5.83,159.7,23.9,93.5,71.2,2.56
Wheat,Andhra Pradesh,Zaid,6.61,559.7,15.9,63.3,7.45,121.0,26.9,110.6,123.5,3.52
Wheat,Maharashtra,Kharif,4.83,1002.5,28.5,92.2,6.01,155.1,71.3,121.6,96.3,4.0
Cotton,Gujarat,Kharif,10.92,350.1,28.5,88.6,6.23,97.2,52.7,83.6,120.4,2.6
Potato,Madhya Pradesh,Zaid,0.89,580.4,22.9,68.0,8.2,147.3,78.3,60.7,189.5,22.69
Sugarcane,Karnataka,Rabi,1.96,,27.3,71.9,5.53,208.7,74.1,30.0,147.4,103.82
Maize,Uttar Pradesh,Kharif,5.56,541.8,27.5,84.4,6.34,116.5,58.1,38.8,60.9,5.49
Groundnut,Uttar Pradesh,Kharif,1.0,993.2,27.0,59.0,7.27,167.3,65.7,146.2,165.6,3.06
Maize,Madhya Pradesh,Kharif,2.01,961.0,23.6,77.2,7.33,73.5,50.8,95.6,195.3,5.13
Sugarcane,Karnataka,Zaid,5.31,977.7,15.3,84.6,5.28,133.3,53.3,129.3,194.1,84.71
Groundnut,Karnataka,Zaid,3.65,537.5,30.9,59.6,7.17,132.1,51.9,84.8,171.7,2.62
Potato,Uttar Pradesh,Rabi,0.59,250.0,20.2,72.2,6.91,96.9,42.1,132.1,187.3,28.43
Pulses,Gujarat,Rabi,1.94,885.0,28.1,49.5,6.83,135.0,72.1,124.4,175.7,1.8
Maize,West Bengal,Kharif,5.15,1051.9,27.7,67.7,4.8,149.5,29.4,116.4,110.7,5.59
Sugarcane,Karnataka,Kharif,3.09,1335.8,19.1,83.0,7.57,40.0,52.7,135.5,145.9,88.0
Wheat,Karnataka,Zaid,5.36,706.9,36.2,70.7,5.96,172.9,50.4,56.7,134.1,3.72
Groundnut,Haryana,Kharif,4.79,803.5,32.8,64.0,6.32,148.8,97.0,102.7,58.4,3.15
Potato,Maharashtra,Kharif,2.06,860.7,30.9,58.8,6.34,154.5,56.1,142.1,162.1,25.53
Maize,Punjab,Rabi,4.42,890.1,25.3,73.9,7.02,158.1,91.5,105.2,79.1,5.65
Groundnut,Uttar Pradesh,Zaid,2.08,454.5,30.0,72.7,6.71,156.7,72.1,34.2,127.1,2.32
Pulses,Punjab,Kharif,2.79,1239.1,30.7,58.4,6.65,111.8,79.1,64.0,175.4,1.96
Wheat,Tamil Nadu,Kharif,8.92,809.0,,59.9,6.57,120.3,68.7,127.5,214.7,4.82
Pulses,Karnataka,Zaid,6.67,1188.1,24.2,63.5,4.99,40.0,70.2,103.3,235.3,1.54
Groundnut,Gujarat,Kharif,3.61,816.1,19.4,78.9,8.2,45.8,71.5,165.5,78.3,2.67
Groundnut,West Bengal,Kharif,1.18,1337.5,24.4,64.8,5.8,115.9,77.5,83.5,112.5,3.01
Potato,Punjab,Zaid,4.19,452.9,23.8,48.9,5.58,111.5,15.0,73.4,25.1,24.71
Cotton,Punjab,Zaid,5.19,1293.2,25.0,66.3,6.73,93.8,29.6,63.1,216.2,2.65
Rice,West Bengal,Zaid,4.79,680.4,27.4,64.6,7.42,61.9,15.0,80.2,97.7,4.09
Groundnut,Madhya Pradesh,Kharif,4.3,658.0,21.6,65.4,6.13,158.0,15.0,95.9,140.6,2.93
Cotton,Madhya Pradesh,Zaid,4.27,811.1,21.3,80.6,6.32,109.1,26.3,35.3,134.7,2.27
Pulses,Andhra Pradesh,Zaid,4.53,572.1,30.7,63.4,5.6,73.0,38.2,103.1,145.6,1.42
Potato,Uttar Pradesh,Rabi,0.56,623.0,31.3,55.1,7.36,162.9,15.0,138.0,188.3,28.2
Rice,Madhya Pradesh,Kharif,5.98,1094.3,23.2,71.0,7.69,192.0,50.7,105.0,147.8,5.02
Pulses,Punjab,Kharif,4.74,875.6,28.3,63.8,7.84,76.3,38.2,130.4,90.6,2.04
Pulses,Karnataka,Kharif,2.7,966.4,31.2,68.9,7.13,146.5,70.3,124.4,215.4,1.67
Pulses,Tamil Nadu,Kharif,4.55,914.6,31.5,57.9,6.54,182.0,56.5,61.0,175.9,1.93
Potato,Tamil Nadu,Kharif,3.64,1240.2,36.5,77.3,5.89,155.1,54.0,55.5,102.9,25.12
Pulses,Madhya Pradesh,Rabi,6.55,735.9,32.0,50.8,6.19,73.4,45.5,134.0,,1.69
Cotton,Haryana,Kharif,5.58,1154.1,25.3,74.1,7.34,176.6,41.0,100.5,162.2,2.99
Groundnut,Tamil Nadu,Rabi,2.45,877.9,27.3,48.7,8.2,186.4,60.7,86.6,133.6,3.01
Potato,Tamil Nadu,Rabi,2.88,508.0,29.0,62.9,5.5,117.2,,62.7,129.4,25.95
Sugarcane,Maharashtra,Rabi,6.59,909.5,25.3,42.9,6.45,63.6,79.2,82.7,143.6,94.81
Pulses,Haryana,Rabi,4.21,1060.5,25.7,67.4,5.75,175.8,43.6,136.4,132.9,1.73
Pulses,West Bengal,Rabi,3.3,1231.3,27.5,58.5,6.26,151.7,47.8,109.8,82.0,1.73
Pulses,Gujarat,Kharif,2.43,705.7,31.5,60.5,6.2,115.9,75.3,115.4,77.2,1.84
Pulses,Uttar Pradesh,Kharif,4.18,352.2,26.0,68.8,6.26,87.7,83.4,133.8,201.4,1.86
Wheat,Gujarat,Rabi,2.48,1266.0,30.1,61.8,6.37,127.2,42.2,84.7,65.5,4.01
Cotton,Punjab,Rabi,6.87,606.8,32.2,74.9,6.26,69.9,49.5,74.1,222.1,2.57
Pulses,West Bengal,Zaid,1.9,509.4,25.6,64.4,6.23,79.2,87.0,109.4,144.1,1.56
Maize,Uttar Pradesh,Zaid,3.94,250.0,32.5,59.4,7.4,165.1,40.5,124.3,147.4,4.77
Sugarcane,Karnataka,Kharif,1.18,858.1,30.3,63.2,5.28,200.6,53.3,121.8,129.6,95.1
Groundnut,Punjab,Kharif,3.5,922.7,28.1,44.2,6.65,161.8,115.3,30.0,151.8,3.12
Cotton,West Bengal,Kharif,5.85,1082.6,30.2,85.2,6.99,95.1,54.9,135.9,170.1,2.55
Rice,Madhya Pradesh,Kharif,2.03,988.7,20.9,81.0,6.73,131.2,51.5,52.4,127.3,4.29
Potato,Madhya Pradesh,Rabi,0.99,1167.1,24.8,52.8,5.46,122.1,87.1,125.8,141.3,24.54
Rice,Andhra Pradesh,Kharif,5.73,1040.5,23.7,66.6,7.14,159.1,60.9,77.6,,5.22
Wheat,Punjab,Kharif,6.58,692.3,30.7,80.5,6.95,91.9,43.8,81.0,116.1,4.75
Cotton,Haryana,Rabi,4.01,1053.4,27.0,58.4,6.49,75.2,55.4,100.7,120.3,2.67
Cotton,Punjab,Kharif,5.09,964.1,26.3,67.8,7.3,171.3,45.9,93.5,134.7,2.77
Cotton,Maharashtra,Kharif,8.12,786.9,23.2,76.1,7.21,124.3,16.2,136.6,228.7,2.75
Pulses,Tamil Nadu,Kharif,6.12,894.2,37.2,61.9,7.32,139.9,60.2,139.0,182.8,1.81
Pulses,West Bengal,Kharif,2.16,1056.6,31.5,80.1,6.75,97.4,47.8,96.6,185.7,1.84
Cotton,Punjab,Kharif,3.93,1033.0,23.7,65.7,7.01,124.3,56.8,126.9,167.5,2.85
Sugarcane,Andhra Pradesh,Zaid,1.73,1259.1,26.5,41.7,7.4,150.3,63.2,122.4,58.2,92.75
Groundnut,Madhya Pradesh,Kharif,3.31,1178.0,28.4,67.9,7.64,166.4,94.0,137.5,151.8,2.71
Wheat,Punjab,Kharif,8.3,945.8,27.3,88.5,7.47,96.6,59.5,93.6,98.2,5.16
Groundnut,West Bengal,Kharif,3.58,738.0,37.8,75.7,6.77,188.3,69.3,92.4,170.3,3.12
Rice,Maharashtra,Rabi,2.1,814.4,32.1,51.1,7.14,125.0,59.3,112.6,29.0,
Sugarcane,Punjab,Kharif,8.18,681.5,32.4,69.0,6.11,94.6,47.6,196.6,176.2,104.95
Cotton,West Bengal,Zaid,3.6,1252.2,21.1,64.8,6.56,153.6,56.4,57.9,124.5,2.14
Cotton,Karnataka,Kharif,3.3,923.9,22.2,,7.63,146.3,28.7,77.5,127.6,2.54
Cotton,Madhya Pradesh,Zaid,2.01,782.0,26.7,59.7,6.6,108.8,54.9,113.1,150.1,2.27
Pulses,Maharashtra,Kharif,4.06,1151.6,33.6,79.8,7.89,154.8,65.0,79.5,241.7,1.75
Wheat,Tamil Nadu,Zaid,9.65,354.3,26.9,71.4,6.67,144.3,54.6,68.7,105.2,3.49
Sugarcane,Andhra Pradesh,Rabi,4.95,861.1,29.8,76.9,6.95,183.9,54.1,164.3,123.9,96.35
Wheat,Andhra Pradesh,Rabi,4.78,785.1,22.0,68.7,5.52,54.8,43.5,79.4,134.9,4.04
Sugarcane,Maharashtra,Zaid,1.87,942.9,26.3,52.8,5.88,134.6,45.2,134.4,207.2,88.4
Maize,Tamil Nadu,Zaid,5.84,979.7,27.7,50.0,5.91,169.2,54.3,107.6,52.4,4.68
Wheat,Karnataka,Rabi,2.53,900.6,23.9,57.7,6.9,129.2,48.1,145.5,163.7,4.07
Pulses,Uttar Pradesh,Rabi,4.09,664.0,24.5,49.2,6.98,120.3,30.8,101.5,78.4,1.68
Pulses,Haryana,Kharif,5.34,1232.9,32.1,68.2,6.48,102.1,42.5,128.2,150.9,1.93
Pulses,Haryana,Rabi,5.49,952.1,23.6,66.0,5.41,133.6,64.0,83.5,162.7,1.79
Cotton,West Bengal,Rabi,9.59,911.5,16.3,73.0,7.34,190.8,41.3,86.4,20.0,2.45
Rice,Madhya Pradesh,Zaid,2.42,303.5,17.3,67.8,6.12,203.3,79.0,122.3,54.3,4.08
Groundnut,Madhya Pradesh,Kharif,4.24,1300.7,25.1,67.8,6.25,124.6,58.9,119.8,160.9,2.89
Cotton,Uttar Pradesh,Rabi,11.91,578.5,27.3,58.4,5.78,121.7,70.4,67.7,39.6,2.59
Groundnut,Maharashtra,Kharif,5.98,1460.8,26.5,78.5,7.72,186.9,58.0,148.3,161.9,2.89
Wheat,Gujarat,Kharif,8.48,647.4,30.1,65.9,5.87,69.7,47.4,138.1,154.7,3.94
Pulses,Gujarat,Zaid,6.96,1168.3,31.2,81.2,7.85,131.4,41.1,58.6,126.1,1.59
Cotton,Madhya Pradesh,Rabi,3.28,530.5,32.7,68.2,6.0,165.1,30.6,82.6,191.7,2.65
Maize,West Bengal,Zaid,1.17,690.2,27.9,51.8,6.9,155.9,42.7,106.4,92.5,4.55
Potato,Karnataka,Rabi,3.91,541.7,16.5,63.4,,91.0,60.3,153.5,120.0,24.59
Sugarcane,Madhya Pradesh,Rabi,2.84,909.0,26.2,74.6,,178.3,53.4,73.4,50.7,95.84
Maize,Karnataka,Kharif,2.45,608.9,21.5,82.2,6.78,78.4,71.0,66.8,,4.59
Sugarcane,Gujarat,Zaid,3.25,736.4,21.3,86.8,7.32,90.4,49.8,67.3,233.1,92.51
Cotton,Uttar Pradesh,Kharif,9.71,1099.1,31.1,69.8,6.17,189.4,69.5,110.3,108.5,2.78
Pulses,West Bengal,Zaid,6.41,1507.4,28.1,70.0,6.73,174.7,71.5,51.3,142.5,1.59
Sugarcane,Karnataka,Zaid,8.45,1186.5,22.3,80.0,6.94,112.8,44.2,60.6,62.3,84.97
Pulses,Andhra Pradesh,Zaid,5.09,1303.2,21.6,78.9,5.96,74.0,86.1,104.5,141.2,
Sugarcane,Gujarat,Kharif,6.01,1139.9,22.7,71.9,6.93,64.9,29.2,111.4,282.2,103.26
Wheat,West Bengal,Zaid,2.79,707.0,19.7,57.8,6.5,117.9,89.0,68.0,27.7,3.82
Wheat,Maharashtra,Kharif,2.26,671.4,20.0,72.3,5.6,88.3,38.2,115.1,70.9,3.63
Groundnut,Madhya Pradesh,Zaid,2.72,625.7,26.8,61.7,6.29,118.1,55.1,97.7,78.9,2.55
Wheat,Maharashtra,Rabi,1.84,468.8,25.1,59.1,7.53,166.9,34.5,115.5,107.1,4.17
Sugarcane,Andhra Pradesh,Kharif,1.84,1069.7,30.4,65.0,8.2,170.9,84.6,98.9,252.8,94.57
Pulses,Andhra Pradesh,Rabi,1.06,250.0,23.7,79.5,5.63,60.4,55.6,109.7,58.1,1.55
Wheat,Tamil Nadu,Zaid,5.99,710.8,22.7,67.8,7.22,149.9,47.7,100.2,233.0,4.12
Potato,Maharashtra,Kharif,3.22,731.1,17.5,53.9,6.16,58.0,81.0,100.6,147.3,26.83
Pulses,Gujarat,Zaid,3.12,1049.1,26.0,68.5,6.61,132.5,89.9,58.3,183.2,1.47
Sugarcane,Haryana,Zaid,4.84,870.9,22.6,58.7,7.22,127.8,21.0,145.8,133.7,91.45
Groundnut,Karnataka,Kharif,1.14,1324.5,23.0,81.1,6.88,82.8,61.3,115.8,117.7,2.6
Sugarcane,Maharashtra,Rabi,4.89,935.4,18.2,79.8,6.0,84.6,73.1,126.7,99.6,91.1
Rice,Madhya Pradesh,Rabi,7.29,289.3,21.1,69.4,7.33,183.4,15.0,53.9,157.9,4.39
Potato,Gujarat,Kharif,3.57,648.7,29.9,56.1,7.08,72.5,66.6,57.5,136.2,27.29
Pulses,Karnataka,Rabi,1.83,1003.6,24.9,86.3,6.82,108.4,53.5,111.8,110.2,1.64
Groundnut,Uttar Pradesh,Rabi,4.44,652.2,22.0,57.9,6.51,105.3,79.5,108.3,255.2,2.88
Groundnut,Punjab,Zaid,2.46,821.4,37.7,70.3,6.78,128.7,72.0,190.8,206.6,3.13
Sugarcane,Haryana,Zaid,6.9,1090.6,34.6,59.1,5.89,143.5,22.8,95.1,125.3,91.78
Wheat,Haryana,Kharif,4.75,589.4,29.1,79.7,6.33,81.6,57.3,90.8,148.0,4.65
Wheat,Karnataka,Kharif,8.88,779.8,38.9,78.0,6.91,155.3,50.7,116.2,141.0,4.54
Sugarcane,Maharashtra,Kharif,7.72,448.9,24.8,55.3,7.17,161.5,40.4,103.0,109.4,89.14
Cotton,Haryana,Zaid,7.09,713.9,35.9,85.2,4.8,109.2,56.0,122.1,255.2,2.71
Maize,Andhra Pradesh,Rabi,6.12,893.4,26.7,61.6,6.64,156.7,49.6,118.3,167.1,5.79
Groundnut,Maharashtra,Kharif,1.5,708.3,28.9,73.6,6.12,139.5,67.1,168.0,187.4,2.97
Sugarcane,West Bengal,Kharif,4.04,509.8,22.0,87.2,7.02,128.7,63.2,77.3,252.8,108.91
Wheat,Gujarat,Kharif,8.96,334.7,23.5,76.9,6.45,166.3,64.0,114.0,77.2,3.91
Groundnut,West Bengal,Zaid,4.74,1228.2,27.4,46.4,6.3,143.6,15.0,82.2,112.3,2.49
Pulses,Uttar Pradesh,Kharif,3.36,652.0,28.7,68.5,,156.2,59.1,48.0,34.4,1.75
Sugarcane,Uttar Pradesh,Zaid,7.41,875.6,25.9,58.6,6.13,149.3,34.5,141.0,182.6,92.56
Pulses,Punjab,Rabi,2.38,1511.6,33.0,68.3,7.1,85.5,50.6,129.5,60.2,1.84
Wheat,Maharashtra,Zaid,2.33,735.3,37.0,62.7,6.44,116.2,15.0,100.9,227.2,3.6
Wheat,Uttar Pradesh,Rabi,3.13,596.0,30.5,92.6,,92.9,79.6,104.0,145.0,4.26
Groundnut,Andhra Pradesh,Kharif,5.58,576.7,30.2,70.2,6.58,108.0,60.6,41.2,173.3,2.87
Sugarcane,Uttar Pradesh,Zaid,7.17,597.4,34.4,68.7,4.8,87.2,54.7,70.4,192.8,99.53
Sugarcane,Uttar Pradesh,Zaid,3.7,541.5,27.6,67.8,6.6,93.0,37.4,75.1,112.6,79.09
Rice,Madhya Pradesh,Rabi,3.95,515.8,26.2,52.0,7.88,191.7,58.4,111.7,185.3,4.47
Maize,Tamil Nadu,Rabi,3.8,693.2,33.3,69.1,6.03,108.0,47.1,110.7,216.6,
Sugarcane,Karnataka,Rabi,6.91,566.8,26.2,72.3,6.69,138.8,,117.9,137.1,90.5
Potato,Punjab,Kharif,1.96,312.6,35.4,45.9,7.81,151.6,16.3,147.8,237.6,28.66
Pulses,Gujarat,Kharif,3.15,1105.4,24.4,80.2,7.72,125.7,73.2,164.8,176.1,1.7
Groundnut,Andhra Pradesh,Zaid,4.62,715.6,28.8,74.8,6.21,151.5,48.0,116.5,115.2,2.6
Potato,Karnataka,Zaid,2.85,556.5,27.4,59.2,6.0,128.6,54.5,104.9,153.8,25.46
Cotton,Uttar Pradesh,Rabi,9.8,744.7,16.1,85.1,7.29,136.0,55.6,98.9,204.3,2.58
Potato,Tamil Nadu,Kharif,1.95,826.5,25.7,61.5,7.73,63.4,96.9,58.0,75.1,27.28
Groundnut,West Bengal,Zaid,5.1,766.3,22.5,69.4,7.09,124.1,60.6,126.1,248.5,2.75
Groundnut,Madhya Pradesh,Kharif,3.51,1245.1,19.7,43.0,6.76,185.7,58.7,128.4,244.7,2.82
Maize,Madhya Pradesh,Kharif,2.42,918.6,29.6,83.1,7.71,87.8,59.2,77.8,155.6,4.96
Rice,Haryana,Rabi,6.62,1005.2,21.4,79.0,5.92,42.4,24.2,102.9,117.2,4.94
Wheat,Tamil Nadu,Zaid,3.91,618.8,23.5,75.8,7.61,129.0,62.2,147.9,61.4,3.59
Maize,Maharashtra,Zaid,6.99,1589.8,32.6,62.0,6.58,160.7,66.4,69.1,209.0,4.18
Sugarcane,Uttar Pradesh,Rabi,5.84,915.9,24.0,36.7,6.53,123.7,32.6,98.8,166.2,101.6
Cotton,Haryana,Zaid,8.0,1349.2,27.8,50.1,7.25,119.1,65.0,119.0,156.7,2.52
Rice,Gujarat,Rabi,5.35,930.6,21.5,69.7,7.27,147.7,98.8,134.4,143.0,5.03
Sugarcane,Haryana,Zaid,4.21,437.7,24.5,89.3,5.94,149.8,23.4,97.3,159.3,88.22
Rice,Andhra Pradesh,Rabi,3.1,927.4,24.8,57.3,6.53,159.7,42.5,200.9,57.7,4.9
Sugarcane,West Bengal,Zaid,3.83,1014.3,17.7,72.4,8.16,155.7,64.4,62.3,115.0,88.66
Rice,Uttar Pradesh,Rabi,6.73,981.1,32.4,65.3,6.92,88.0,54.9,88.9,261.4,5.12
Cotton,Tamil Nadu,Kharif,5.67,645.3,34.0,67.8,5.66,124.0,63.0,112.2,161.4,2.71
Maize,Madhya Pradesh,Kharif,6.05,1004.1,17.5,38.7,6.78,80.9,60.1,100.7,89.6,5.12
Maize,Uttar Pradesh,Rabi,1.83,711.1,23.3,77.6,7.81,140.8,57.6,114.9,68.1,4.91
Rice,Karnataka,Zaid,3.55,557.0,33.1,69.3,7.4,138.4,37.3,95.2,89.4,3.77
Cotton,Punjab,Zaid,11.44,547.4,32.6,51.7,7.38,158.3,33.4,101.6,119.4,2.5
Maize,Uttar Pradesh,Rabi,5.84,887.5,22.3,61.7,6.09,77.6,53.0,48.1,187.6,5.47
Groundnut,Madhya Pradesh,Zaid,2.99,250.0,19.9,56.2,7.77,143.0,71.4,149.5,200.3,2.45
Rice,Madhya Pradesh,Rabi,1.86,625.4,25.4,53.9,6.21,145.6,47.3,115.6,142.3,4.27
Sugarcane,Andhra Pradesh,Kharif,7.41,754.5,29.9,74.0,5.45,137.8,53.9,115.8,72.6,87.92
Groundnut,Punjab,Zaid,2.49,489.7,22.1,73.4,8.19,200.3,46.0,69.3,55.8,2.75
Groundnut,Madhya Pradesh,Kharif,5.48,250.0,31.8,59.3,6.79,112.1,15.0,106.2,165.2,3.16
Maize,Haryana,Rabi,6.75,810.8,26.7,53.2,5.47,100.8,76.1,93.1,107.0,5.7
Maize,Uttar Pradesh,Kharif,5.21,963.4,27.9,70.3,7.79,189.4,42.8,124.3,112.7,5.33
Rice,Punjab,Rabi,1.96,899.4,28.4,95.0,6.34,105.6,94.9,37.7,142.8,4.9
Maize,Uttar Pradesh,Kharif,6.31,569.2,27.6,37.1,6.39,115.1,57.0,136.3,142.4,5.24
Groundnut,Punjab,Rabi,5.71,250.0,26.8,56.8,6.45,43.6,42.7,151.7,210.7,2.98
Pulses,Madhya Pradesh,Kharif,3.32,915.9,28.4,55.1,7.88,96.2,88.5,134.9,102.9,1.78
Rice,Tamil Nadu,Kharif,7.94,363.4,26.9,86.1,5.57,143.8,68.6,30.0,119.8,4.7
Sugarcane,Madhya Pradesh,Kharif,5.67,945.4,38.4,78.3,8.2,116.7,37.7,163.5,142.7,99.61
Pulses,Maharashtra,Kharif,4.17,1052.6,21.2,68.4,5.59,144.6,32.4,125.2,122.1,1.63
Rice,Karnataka,Rabi,4.33,836.3,20.3,87.2,5.71,121.7,74.7,121.3,108.6,4.59
Groundnut,Madhya Pradesh,Kharif,2.02,641.5,27.9,51.1,7.2,142.3,63.8,41.0,42.2,2.47
Sugarcane,West Bengal,Kharif,4.15,1179.4,23.1,62.1,6.37,130.9,42.8,90.3,111.6,95.01
Pulses,Karnataka,Zaid,1.69,828.3,34.9,78.3,6.63,157.1,36.0,95.6,142.3,1.49
Potato,Punjab,Zaid,2.27,418.1,22.1,63.0,6.08,145.9,62.4,100.9,107.6,25.53
Maize,Tamil Nadu,Zaid,1.49,293.8,32.7,58.5,6.15,167.1,56.8,92.0,72.9,4.15
Wheat,West Bengal,Rabi,5.49,809.0,39.0,73.2,7.24,122.4,57.8,76.5,20.0,3.8
Cotton,West Bengal,Zaid,7.67,882.6,15.0,60.6,6.88,180.0,52.1,122.6,150.7,2.13
Maize,Tamil Nadu,Rabi,4.01,699.7,24.9,49.2,6.63,176.6,92.9,152.6,180.5,5.13
Rice,Maharashtra,Rabi,3.96,994.1,25.4,63.7,6.75,56.0,56.6,172.8,108.9,4.38
Maize,Punjab,Kharif,3.65,975.2,17.0,71.7,7.78,152.2,42.6,134.9,144.8,5.77
Sugarcane,Karnataka,Zaid,8.4,578.6,33.5,61.1,7.26,210.8,44.4,41.7,136.0,77.46
Wheat,Haryana,Rabi,6.15,761.6,26.3,65.2,7.13,157.4,86.0,96.8,199.6,4.83
Rice,Uttar Pradesh,Kharif,4.35,396.1,24.0,72.3,6.75,197.3,37.7,128.8,177.4,4.76
Potato,Haryana,Kharif,3.5,828.4,23.4,64.2,8.07,142.6,67.9,79.1,207.5,30.31
Rice,Tamil Nadu,Kharif,5.35,974.1,22.2,83.0,6.7,183.4,93.3,82.1,,5.16
Maize,West Bengal,Rabi,5.3,840.2,23.2,69.0,8.2,76.3,97.3,130.0,208.4,5.56
Cotton,Punjab,Zaid,7.96,650.8,38.3,60.6,7.41,178.4,50.7,112.6,103.5,2.47
Pulses,Haryana,Rabi,3.52,437.5,35.0,68.0,6.41,116.8,60.0,93.5,109.3,1.88
Maize,Madhya Pradesh,Zaid,5.19,787.0,31.2,54.9,5.8,135.5,46.2,82.0,60.6,4.15
Cotton,Haryana,Zaid,10.55,1278.9,22.6,73.3,7.54,140.0,57.5,90.9,267.5,2.65
Wheat,Tamil Nadu,Rabi,8.76,936.5,27.4,62.0,6.44,130.5,15.0,134.7,153.8,4.38
Rice,Karnataka,Rabi,7.64,825.1,37.7,75.0,7.16,140.9,55.5,138.5,104.6,4.7
Cotton,Maharashtra,Rabi,2.37,1121.0,21.5,52.1,7.61,56.5,39.1,112.9,,2.23
Pulses,Haryana,Zaid,4.29,1005.9,34.7,68.2,6.0,104.9,42.2,111.6,98.7,1.66
Sugarcane,Gujarat,Kharif,7.06,436.0,25.9,57.3,6.29,59.3,,132.1,103.8,94.18
Wheat,Maharashtra,Zaid,8.47,601.8,29.3,73.2,6.43,106.5,45.2,76.9,212.9,3.79
Sugarcane,Tamil Nadu,Zaid,2.64,933.9,22.8,83.7,5.96,176.6,76.0,158.0,55.9,85.39
Rice,Madhya Pradesh,Kharif,2.09,742.0,23.2,71.6,6.08,122.6,,131.2,220.7,5.35
Wheat,Haryana,Kharif,3.96,730.9,24.5,49.0,6.79,162.5,66.7,97.6,165.8,5.12
Rice,Uttar Pradesh,Zaid,4.38,688.0,28.9,56.1,6.72,120.4,53.3,111.1,,4.65
Sugarcane,West Bengal,Kharif,7.66,834.8,26.9,76.2,,128.3,66.7,113.9,156.8,103.49
Wheat,Punjab,Rabi,9.16,1127.4,31.2,60.8,6.9,109.5,22.6,98.1,167.6,4.67
Potato,West Bengal,Kharif,3.78,872.8,31.7,60.8,6.06,157.5,45.0,137.6,83.8,27.44
Maize,Punjab,Rabi,4.35,303.6,30.4,70.5,6.92,100.0,79.0,,200.8,5.74
Maize,Punjab,Rabi,6.16,689.9,36.1,53.2,7.6,110.6,50.8,136.1,76.1,5.69
Pulses,Haryana,Rabi,2.42,698.4,31.2,64.9,5.91,124.3,72.3,72.9,155.5,1.91
Groundnut,Uttar Pradesh,Kharif,3.56,871.6,31.0,55.7,,65.4,64.3,38.5,162.2,2.91
Groundnut,Maharashtra,Kharif,1.08,1111.1,32.3,72.6,7.43,103.2,52.1,118.1,112.0,2.79
Wheat,Maharashtra,Zaid,2.32,791.8,32.3,66.2,6.89,116.6,15.0,135.6,110.7,3.65
Cotton,Uttar Pradesh,Rabi,4.44,848.5,15.4,82.3,6.61,109.1,59.7,88.2,125.3,2.89
Pulses,Madhya Pradesh,Rabi,6.31,530.1,30.5,68.9,7.6,126.9,74.8,106.1,141.9,1.56
Potato,Haryana,Rabi,1.48,1438.9,24.8,64.8,5.77,146.5,60.4,159.1,153.2,29.29
Rice,Gujarat,Rabi,4.35,712.6,19.7,58.6,6.15,107.3,38.6,87.0,190.5,4.25
Maize,Tamil Nadu,Zaid,2.61,804.9,33.1,66.3,6.22,173.1,77.6,115.9,235.9,4.97
Pulses,Andhra Pradesh,Zaid,2.98,1181.8,28.9,,5.47,166.1,40.8,77.9,74.1,1.44
Groundnut,Madhya Pradesh,Zaid,3.56,702.3,29.4,55.9,6.7,198.1,75.8,87.2,,2.89
Cotton,Maharashtra,Rabi,4.88,1172.4,27.9,81.8,6.84,86.2,31.8,68.0,181.6,2.42
Maize,Andhra Pradesh,Rabi,4.61,679.6,37.2,85.3,5.93,149.3,15.0,110.0,226.1,5.25
Pulses,Madhya Pradesh,Zaid,6.13,632.1,30.8,66.3,6.21,102.1,116.2,99.8,178.5,1.71
Rice,Andhra Pradesh,Rabi,7.53,513.2,20.5,34.5,5.95,160.3,47.0,129.7,58.7,4.83
Cotton,Madhya Pradesh,Kharif,10.46,250.0,22.9,81.5,6.39,160.0,93.3,105.3,107.0,2.48
Maize,Uttar Pradesh,Kharif,4.59,616.7,35.8,63.4,7.38,238.8,65.0,98.9,170.6,5.66
Rice,Madhya Pradesh,Kharif,6.78,1394.0,26.2,75.8,6.96,114.6,37.5,153.2,279.8,4.94
Groundnut,Punjab,Rabi,1.75,1054.2,28.8,75.0,7.54,122.0,44.6,166.7,130.9,2.69
Groundnut,Gujarat,Kharif,5.68,810.5,40.0,69.0,6.93,99.7,93.2,54.7,71.9,2.51
Pulses,Uttar Pradesh,Kharif,1.25,876.6,21.5,80.6,6.51,183.6,31.5,114.5,125.8,1.82
Wheat,Maharashtra,Rabi,8.0,984.9,29.5,82.7,7.88,40.0,52.9,68.2,53.2,3.76
Groundnut,Punjab,Zaid,1.71,1098.6,28.6,62.2,6.66,134.7,24.2,156.7,160.1,2.83
Wheat,Gujarat,Rabi,9.22,,27.2,51.3,6.45,151.4,40.2,136.5,35.2,4.5
Potato,Andhra Pradesh,Rabi,4.43,1399.4,18.6,63.2,6.84,77.7,103.6,57.9,67.8,28.17
Maize,Madhya Pradesh,Rabi,2.32,890.0,30.0,69.5,7.75,127.1,56.5,103.0,131.1,5.46
Pulses,Uttar Pradesh,Rabi,6.84,602.2,15.6,75.6,6.36,134.9,61.4,145.6,106.8,1.68
Sugarcane,Tamil Nadu,Zaid,3.49,416.1,32.3,79.2,,127.6,59.9,141.8,165.6,79.47
Rice,West Bengal,Kharif,5.57,1099.4,24.7,78.5,6.95,221.9,69.1,105.5,264.6,5.49
Rice,Haryana,Kharif,2.79,984.4,30.5,71.8,7.45,131.2,57.6,72.4,117.5,5.16
Wheat,Punjab,Zaid,2.57,994.0,27.3,78.8,6.74,91.1,51.4,134.0,166.9,4.68
Cotton,Gujarat,Kharif,4.7,925.6,25.2,51.8,7.72,75.8,53.3,69.0,144.2,2.55
Cotton,Madhya Pradesh,Rabi,10.48,816.0,24.3,80.1,5.33,167.5,117.7,120.8,123.1,2.59
Rice,Tamil Nadu,Rabi,4.8,854.1,26.6,73.4,7.24,40.0,34.9,78.3,113.0,4.7
Maize,Maharashtra,Zaid,2.05,1006.9,23.4,79.5,5.67,137.3,92.2,77.1,173.8,4.72
Cotton,Andhra Pradesh,Kharif,5.24,570.1,28.9,65.0,6.0,195.1,46.9,81.3,151.1,2.76
Rice,Madhya Pradesh,Zaid,7.66,727.6,31.1,68.3,6.76,102.1,40.6,120.5,139.6,4.09
Maize,West Bengal,Rabi,1.26,983.5,25.5,52.4,7.17,119.8,58.5,,151.4,5.15
Rice,West Bengal,Zaid,7.67,968.4,32.5,75.5,6.76,187.6,60.5,87.9,82.2,4.45
Sugarcane,Punjab,Rabi,3.64,799.7,30.9,74.5,5.25,89.9,80.5,85.3,125.2,101.76
Potato,Punjab,Zaid,1.88,429.6,39.8,62.2,6.05,105.2,43.9,124.8,82.1,23.59
Maize,Maharashtra,Zaid,5.86,684.1,26.7,62.4,7.78,98.7,49.2,99.9,113.2,4.1
Potato,Punjab,Zaid,0.73,1055.9,17.0,80.4,6.1,101.0,51.6,146.4,122.0,26.46
Sugarcane,Madhya Pradesh,Zaid,5.26,807.8,34.3,73.0,6.72,92.0,57.6,133.8,107.8,93.17
Cotton,Punjab,Rabi,10.55,977.8,23.4,67.2,6.26,134.7,32.6,103.6,126.8,2.62
Maize,Madhya Pradesh,Rabi,6.22,1305.9,20.0,60.4,6.07,195.2,66.0,83.4,179.5,4.92
Cotton,Andhra Pradesh,Zaid,7.1,775.2,32.9,79.0,6.44,101.3,71.4,121.2,65.3,2.54
Potato,Punjab,Zaid,3.91,296.3,26.3,71.8,6.48,116.8,61.3,101.0,198.0,28.46
Pulses,Madhya Pradesh,Rabi,4.26,250.0,33.4,59.9,7.11,101.1,69.9,124.9,127.4,1.49
Rice,Madhya Pradesh,Zaid,6.46,844.3,30.7,63.8,6.61,144.5,66.0,123.2,112.6,4.35
Sugarcane,Andhra Pradesh,Rabi,6.32,962.7,24.6,66.2,6.59,143.8,55.9,122.4,,100.28
Rice,Madhya Pradesh,Rabi,3.3,953.6,31.4,66.1,7.23,129.7,48.8,146.9,206.9,4.74
Wheat,Andhra Pradesh,Kharif,3.05,860.8,35.4,,7.33,,68.6,69.2,167.5,4.56
Rice,Maharashtra,Kharif,1.67,723.9,29.4,74.5,6.05,68.0,41.5,153.7,138.2,3.97
Wheat,Madhya Pradesh,Rabi,8.06,710.1,29.6,47.0,7.99,149.4,36.3,143.6,130.1,4.23
Groundnut,West Bengal,Kharif,4.2,455.1,21.8,56.9,4.88,119.6,71.1,159.8,81.0,2.82
Rice,Maharashtra,Zaid,1.85,1031.5,24.0,70.5,6.08,68.0,65.3,143.0,126.9,3.76
Wheat,West Bengal,Zaid,5.41,1059.7,23.7,85.2,6.72,71.3,72.9,120.3,168.4,4.14
Cotton,Punjab,Zaid,7.29,849.1,28.8,67.6,7.13,64.2,72.7,89.3,127.5,2.61
Rice,Karnataka,Rabi,2.0,643.3,32.0,49.2,6.04,133.5,39.2,88.4,148.8,3.99
Potato,Punjab,Rabi,1.03,894.0,29.5,62.3,5.7,97.7,63.4,95.6,154.4,31.04
Pulses,Karnataka,Rabi,2.41,803.0,33.8,45.8,6.67,179.9,59.6,109.1,28.1,1.65
Wheat,Andhra Pradesh,Kharif,1.86,1045.1,20.3,54.2,7.11,114.1,78.6,120.8,239.7,4.64
Wheat,Tamil Nadu,Rabi,8.47,295.3,25.1,78.7,6.59,98.8,60.9,150.6,179.3,4.28
Cotton,Gujarat,Zaid,5.56,789.7,26.9,70.9,7.08,140.7,86.0,76.7,163.5,2.37
Pulses,Andhra Pradesh,Rabi,1.77,1111.6,22.4,78.0,6.5,120.4,40.9,130.0,91.7,1.73
Groundnut,Gujarat,Rabi,3.16,1055.8,30.0,35.0,6.74,127.9,50.7,92.3,88.5,2.58
Potato,Uttar Pradesh,Rabi,4.89,1055.7,31.2,76.3,5.91,199.6,51.8,91.3,154.0,27.64
Sugarcane,Karnataka,Kharif,3.93,909.7,27.6,70.7,7.14,76.8,38.0,32.9,85.4,91.89
Rice,Uttar Pradesh,Kharif,3.53,1102.7,23.4,78.7,6.75,65.4,36.3,135.7,84.7,4.72
Cotton,Madhya Pradesh,Kharif,10.01,970.4,19.6,69.6,5.65,126.4,53.3,79.0,109.7,2.49
Groundnut,Punjab,Kharif,5.5,1129.0,29.3,71.8,6.8,120.7,76.4,83.0,94.1,2.98
Rice,Gujarat,Rabi,1.55,1129.9,28.3,70.1,5.94,151.5,62.1,127.0,214.1,4.26
Pulses,Gujarat,Kharif,6.49,1178.7,25.2,79.6,7.0,96.9,65.1,106.9,20.0,1.73
Potato,Maharashtra,Rabi,3.54,1175.7,16.8,57.2,7.69,145.1,77.5,60.2,140.5,28.73
Cotton,Gujarat,Kharif,5.18,850.3,29.3,70.4,5.15,147.0,71.3,196.8,213.9,2.63
Wheat,Uttar Pradesh,Zaid,6.65,1033.4,29.4,76.2,7.61,102.4,61.5,152.6,252.9,4.33
Maize,Madhya Pradesh,Zaid,5.71,454.1,27.4,73.5,7.09,174.9,41.2,127.2,225.7,4.55
Cotton,Punjab,Rabi,8.23,990.3,23.4,81.9,7.33,126.0,51.6,114.8,150.0,2.86
Maize,Haryana,Zaid,6.57,356.1,26.6,45.3,7.01,84.9,79.9,106.8,141.0,5.13
Maize,Maharashtra,Kharif,1.55,318.9,25.7,78.2,6.92,163.3,77.8,118.2,156.3,5.28
Pulses,Andhra Pradesh,Kharif,2.2,1290.6,34.8,72.7,6.27,130.0,49.8,106.4,144.1,1.74
Pulses,Uttar Pradesh,Kharif,2.0,485.5,29.2,94.4,7.7,149.8,85.9,112.2,181.5,1.87
Wheat,Andhra Pradesh,Rabi,5.52,1592.6,23.0,73.1,6.96,105.4,23.3,100.0,148.8,4.0
Wheat,West Bengal,Kharif,1.22,1497.8,28.5,71.3,7.61,177.5,62.3,77.4,112.7,4.07
Rice,Maharashtra,Zaid,2.59,1578.2,24.5,68.3,5.49,181.0,52.9,133.9,190.7,3.77
Maize,Punjab,Kharif,5.57,1010.4,25.1,52.7,7.88,160.6,68.7,129.3,115.6,6.35
Pulses,West Bengal,Kharif,2.22,818.1,33.7,88.6,7.16,71.8,45.0,90.6,156.6,1.86
Rice,Maharashtra,Zaid,6.56,1002.3,22.4,52.1,6.34,95.9,70.9,106.0,120.0,4.06
Groundnut,Maharashtra,Kharif,5.71,741.6,24.8,79.5,7.29,83.7,71.9,139.8,118.9,3.03
Pulses,Gujarat,Rabi,3.92,1004.2,36.8,89.4,7.13,179.4,72.5,121.4,148.7,1.74
Pulses,Karnataka,Rabi,5.68,473.2,32.9,48.2,7.61,113.6,67.6,140.3,145.9,1.56
Cotton,Madhya Pradesh,Zaid,3.1,971.2,19.1,58.0,5.68,94.0,15.9,157.7,79.4,2.09
Wheat,Maharashtra,Zaid,4.03,1142.4,26.9,77.7,6.59,100.1,20.6,156.8,129.5,3.84
Potato,Tamil Nadu,Zaid,2.55,831.8,33.0,62.5,6.77,40.0,15.0,53.7,179.0,24.33
Potato,Punjab,Rabi,4.39,729.6,19.8,74.4,5.91,95.7,18.1,123.9,122.6,29.74
Maize,Madhya Pradesh,Rabi,2.69,1106.4,28.0,58.5,7.06,57.8,79.0,185.8,176.9,5.05
Wheat,Maharashtra,Rabi,3.41,678.6,30.8,67.4,6.79,171.9,32.2,104.3,99.2,4.03
Maize,Uttar Pradesh,Kharif,6.25,676.8,28.2,72.9,6.72,85.9,70.5,37.3,156.1,4.97
Maize,Karnataka,Rabi,3.38,531.1,23.9,72.0,7.1,176.2,43.0,148.3,136.6,5.25
Pulses,West Bengal,Rabi,1.48,821.6,19.9,54.1,7.37,130.9,74.2,116.9,215.6,1.82
Maize,Haryana,Kharif,3.47,1525.3,26.8,66.5,7.6,169.5,59.0,69.3,263.4,5.5
Pulses,Andhra Pradesh,Rabi,5.04,278.4,24.4,61.1,6.95,166.3,64.1,75.2,115.5,1.53
Sugarcane,Madhya Pradesh,Zaid,4.83,526.0,23.7,73.6,8.15,131.2,38.1,108.3,197.9,81.19
Wheat,Uttar Pradesh,Kharif,9.64,737.7,23.4,79.2,6.44,123.5,44.4,85.3,153.5,4.56
Wheat,Madhya Pradesh,Kharif,1.65,702.7,32.6,72.9,6.76,126.5,80.2,130.3,131.7,4.29
Rice,Gujarat,Kharif,2.98,1225.3,29.5,59.8,5.79,59.6,31.9,133.6,158.6,4.59
Groundnut,Maharashtra,Rabi,2.46,880.3,31.7,66.7,5.91,48.4,52.4,58.0,194.5,2.65
Rice,Uttar Pradesh,Kharif,1.23,766.3,24.4,63.0,7.14,116.9,64.3,63.3,49.2,4.63
Sugarcane,Gujarat,Kharif,4.47,418.1,26.1,83.4,6.13,160.2,37.9,138.2,248.3,98.51
Cotton,Madhya Pradesh,Zaid,6.81,912.2,30.6,42.1,4.8,195.8,44.9,102.3,155.3,2.53
Cotton,Andhra Pradesh,Rabi,11.58,721.4,15.0,56.2,6.15,177.2,21.1,158.7,99.5,2.77
Maize,Maharashtra,Zaid,6.1,1371.7,28.7,51.1,7.58,138.6,38.0,121.5,158.2,4.61
Potato,Maharashtra,Rabi,2.26,649.8,29.4,65.5,7.13,145.6,19.0,122.6,75.3,25.32
Potato,Haryana,Rabi,4.99,927.1,23.8,71.4,5.89,164.6,41.9,135.9,250.3,30.73
Wheat,Maharashtra,Rabi,8.42,1047.4,40.0,76.9,6.85,168.8,34.1,139.2,144.7,4.39
Pulses,Gujarat,Zaid,5.31,1048.8,29.6,86.2,7.58,69.6,70.1,109.6,199.1,1.6
Rice,Tamil Nadu,Zaid,5.99,638.9,27.7,62.1,6.45,110.1,45.1,119.9,257.2,4.41
Wheat,Maharashtra,Kharif,7.28,437.5,22.1,68.4,6.6,175.5,60.5,51.8,147.8,4.29
Potato,Gujarat,Zaid,2.67,474.1,28.2,53.9,6.61,98.4,60.9,81.8,36.6,24.12
Sugarcane,Tamil Nadu,Zaid,6.55,783.6,29.6,79.6,6.87,127.3,41.3,54.0,40.8,82.92
Maize,Karnataka,Kharif,6.02,1140.5,26.5,76.2,5.35,240.7,66.6,142.7,125.0,5.15
Sugarcane,Madhya Pradesh,Rabi,1.49,872.8,27.3,70.4,6.42,54.6,84.4,63.5,160.7,95.46
Potato,Andhra Pradesh,Rabi,3.97,250.0,36.8,46.3,6.2,167.7,49.9,93.2,158.6,26.46
Sugarcane,Andhra Pradesh,Rabi,7.39,500.9,22.6,64.6,7.23,107.8,17.6,71.3,121.3,99.51
Sugarcane,Andhra Pradesh,Rabi,6.44,1187.3,30.0,76.4,6.91,130.1,57.9,43.5,142.2,97.22
Groundnut,Maharashtra,Kharif,5.79,1006.2,27.0,64.9,6.1,50.1,43.1,81.7,144.7,
Cotton,Karnataka,Rabi,6.99,544.6,31.2,68.8,6.56,180.5,69.3,144.9,56.4,2.55
Potato,West Bengal,Zaid,2.77,1328.4,21.9,63.8,6.97,172.4,96.9,79.8,105.0,27.64
Potato,Uttar Pradesh,Zaid,3.27,915.9,19.0,46.8,6.61,128.3,46.9,126.5,85.9,23.21
Groundnut,Gujarat,Zaid,3.22,273.9,28.3,64.2,6.43,119.7,70.6,120.9,162.6,2.24
Cotton,Tamil Nadu,Rabi,2.24,981.0,27.1,68.0,6.4,171.2,81.6,133.8,71.8,2.83
Sugarcane,Haryana,Rabi,8.16,1045.6,27.9,74.4,6.23,69.6,65.8,102.6,79.3,107.85
Potato,Maharashtra,Rabi,1.52,1043.0,28.5,60.8,7.64,,46.2,,135.2,
Wheat,Uttar Pradesh,Zaid,9.47,1294.5,19.9,93.1,6.32,108.0,56.4,62.4,205.9,3.88
Maize,Tamil Nadu,Rabi,5.94,1281.0,29.3,58.3,6.17,172.7,45.2,30.0,127.2,5.24
Cotton,West Bengal,Rabi,5.13,692.9,21.6,60.9,6.57,122.4,63.6,128.9,253.4,2.87
Groundnut,Uttar Pradesh,Kharif,5.67,1127.6,22.3,52.9,7.33,149.8,63.5,219.9,104.0,2.98
Rice,Karnataka,Kharif,6.07,913.2,17.0,95.0,7.47,162.7,83.9,84.0,213.6,4.75
Maize,Punjab,Rabi,2.95,581.0,25.7,42.1,6.83,124.0,33.8,77.6,165.2,5.52
Pulses,Andhra Pradesh,Kharif,3.59,866.9,23.0,59.7,7.37,89.7,48.6,111.3,158.1,1.84
Rice,Andhra Pradesh,Kharif,7.5,1151.0,21.4,57.8,6.27,134.5,15.0,107.3,122.4,4.96
Rice,Maharashtra,Rabi,7.97,878.1,35.9,78.0,6.5,97.0,55.7,63.4,157.2,4.46
Pulses,Haryana,Kharif,4.15,1140.1,27.7,61.6,6.63,175.2,40.2,76.3,192.4,1.84
Pulses,Maharashtra,Rabi,6.53,985.2,24.8,40.5,7.75,110.8,106.7,173.5,58.5,1.76
Pulses,Andhra Pradesh,Rabi,4.88,927.5,37.3,57.5,5.28,191.8,41.8,85.6,222.7,1.85
Groundnut,Gujarat,Kharif,2.08,1468.9,33.3,79.4,6.36,127.8,43.7,99.0,76.0,2.37
Rice,Madhya Pradesh,Kharif,7.76,1000.0,29.9,75.1,7.08,155.2,75.8,60.5,172.6,4.78
Cotton,Maharashtra,Zaid,6.59,661.8,32.6,86.7,6.76,143.8,,141.9,187.6,2.27
Groundnut,Andhra Pradesh,Rabi,2.05,711.7,33.6,62.8,6.82,152.4,72.2,104.4,242.7,2.84
Cotton,Uttar Pradesh,Rabi,11.31,1045.7,28.5,69.8,6.78,41.9,32.9,74.6,210.3,2.71
Groundnut,Karnataka,Kharif,2.19,1321.3,22.8,92.6,5.54,90.9,67.8,172.9,178.8,3.21
Groundnut,Karnataka,Rabi,2.93,,31.9,66.4,6.06,113.6,33.5,93.4,184.0,2.94
Potato,Punjab,Kharif,2.19,868.6,25.6,80.7,6.47,163.8,61.7,86.3,209.6,30.25
Potato,Karnataka,Rabi,4.97,1414.1,29.0,77.1,6.39,113.6,49.6,139.2,51.4,28.11
Rice,Maharashtra,Kharif,6.19,997.6,25.1,66.2,6.57,81.8,48.4,91.3,195.8,4.74
Rice,Madhya Pradesh,Rabi,3.83,911.5,23.5,71.6,6.71,175.7,55.8,112.6,116.5,5.02
Potato,Punjab,Zaid,3.66,379.2,28.3,55.5,7.42,160.7,64.0,83.0,78.5,23.46
Pulses,Haryana,Kharif,6.29,701.3,28.2,67.3,5.49,150.2,92.4,111.9,129.0,1.99
Rice,Maharashtra,Zaid,2.55,458.1,33.4,48.7,6.84,116.2,69.8,89.7,164.1,3.63
Wheat,Gujarat,Zaid,1.55,861.8,25.1,60.3,6.77,150.3,73.0,89.7,246.3,3.97
Groundnut,Uttar Pradesh,Rabi,3.32,,22.0,69.3,5.66,175.4,58.3,143.4,160.7,2.73
Sugarcane,Maharashtra,Kharif,2.92,543.4,30.9,61.6,6.87,134.7,97.3,117.3,165.3,97.99
Pulses,Haryana,Zaid,1.89,542.9,36.2,52.2,6.69,124.3,43.4,136.9,129.1,1.6
Wheat,Punjab,Rabi,7.47,903.4,27.4,76.5,6.45,141.9,49.7,148.6,213.0,4.88
Groundnut,Punjab,Rabi,1.31,971.1,37.0,62.4,7.19,132.1,53.6,95.7,138.6,2.96
Cotton,Maharashtra,Rabi,10.33,816.1,36.0,81.1,8.2,69.1,69.1,112.2,209.2,2.58
Sugarcane,Madhya Pradesh,Zaid,2.02,,25.5,58.1,6.81,131.4,73.2,135.9,259.6,83.55
Rice,Madhya Pradesh,Rabi,1.43,655.3,16.1,57.3,5.66,181.1,74.3,119.4,148.3,4.59
Groundnut,Maharashtra,Kharif,5.44,1090.0,30.3,95.0,5.16,111.1,32.4,141.4,99.4,2.59
Groundnut,Uttar Pradesh,Rabi,3.66,929.2,21.0,55.0,5.87,66.8,36.8,124.3,120.7,2.76
Sugarcane,Punjab,Rabi,1.81,967.2,32.3,93.5,6.96,182.0,53.5,41.1,222.5,100.2
Maize,Karnataka,Rabi,1.08,321.9,28.3,65.6,6.59,162.2,34.1,113.3,156.0,4.96
Pulses,Tamil Nadu,Rabi,2.87,1046.4,26.7,50.0,7.04,125.4,60.9,80.4,168.9,1.64
Potato,Maharashtra,Kharif,1.24,690.2,19.1,57.6,5.99,204.8,53.0,119.8,131.6,26.93
Cotton,Punjab,Rabi,4.26,783.1,31.5,83.0,7.18,161.7,49.9,162.6,115.3,3.02
Cotton,Punjab,Zaid,9.94,722.3,18.0,56.3,7.56,97.8,43.8,139.3,243.9,2.7
Potato,Maharashtra,Rabi,4.48,1274.8,29.3,75.7,5.76,139.2,54.6,149.7,159.8,26.09
Sugarcane,West Bengal,Kharif,1.43,892.0,34.3,58.2,6.32,144.3,97.1,141.4,99.3,90.98
Maize,Gujarat,Rabi,1.5,479.1,23.2,60.3,7.27,156.4,30.6,30.9,205.0,4.94
Potato,Madhya Pradesh,Kharif,4.31,835.3,20.6,65.1,6.27,184.1,29.2,145.0,119.4,26.05
Pulses,Uttar Pradesh,Rabi,2.05,1055.0,34.5,82.6,7.86,121.4,34.6,50.0,27.5,1.79
Cotton,West Bengal,Kharif,7.72,1000.9,18.2,66.8,6.38,119.4,35.6,100.2,186.8,2.5
Rice,Karnataka,Kharif,2.56,832.8,30.4,72.9,6.39,127.2,72.4,140.3,100.2,4.81
Sugarcane,Maharashtra,Kharif,8.94,773.9,27.6,54.0,6.02,85.6,37.5,91.6,120.0,
Cotton,Haryana,Rabi,7.41,1043.1,20.1,80.5,6.33,138.2,61.3,117.0,206.2,2.71
Wheat,Uttar Pradesh,Rabi,3.61,981.5,18.5,75.7,6.2,64.8,59.7,137.8,87.5,4.42
Groundnut,Gujarat,Kharif,4.38,1023.1,24.0,57.2,7.45,182.0,38.2,94.5,37.3,2.78
Sugarcane,Tamil Nadu,Kharif,3.13,501.4,27.6,67.8,7.14,124.9,70.0,142.4,122.9,103.0
Maize,Punjab,Zaid,6.97,767.3,22.7,83.3,5.27,140.2,53.2,86.9,73.9,5.06
Groundnut,Andhra Pradesh,Kharif,5.4,1178.4,25.1,56.7,6.67,129.1,55.4,91.2,113.2,2.87
Sugarcane,Uttar Pradesh,Kharif,1.71,616.7,25.3,78.9,6.44,88.1,67.5,87.8,142.7,96.97
Sugarcane,Karnataka,Rabi,1.2,343.3,28.9,74.1,6.43,117.9,69.2,41.5,69.1,83.02
Wheat,Tamil Nadu,Kharif,6.06,670.2,17.0,73.8,7.05,104.2,60.3,104.2,182.0,4.55
Sugarcane,Tamil Nadu,Rabi,6.48,849.0,31.9,73.2,7.82,139.0,36.9,89.7,20.0,98.71
Cotton,Andhra Pradesh,Rabi,4.85,913.1,27.9,47.8,6.95,118.2,85.5,140.6,111.9,2.61
Wheat,Uttar Pradesh,Kharif,7.18,872.3,33.5,80.3,6.45,117.0,95.4,110.9,195.9,4.79
Cotton,Maharashtra,Zaid,8.09,1551.4,27.2,55.1,7.61,163.4,52.3,81.4,192.1,2.15
Wheat,Haryana,Kharif,8.74,,38.0,65.2,5.6,185.0,69.2,164.7,,4.49
Cotton,Tamil Nadu,Rabi,3.34,739.6,26.2,52.1,6.25,103.6,65.4,46.0,32.6,2.89
Sugarcane,Haryana,Kharif,6.17,679.3,28.8,79.4,6.82,135.7,74.1,136.6,142.0,112.96
Sugarcane,Gujarat,Kharif,1.58,1630.2,21.7,85.1,6.6,121.9,26.5,178.0,140.8,97.11
Sugarcane,Tamil Nadu,Rabi,2.79,1481.4,24.9,49.0,6.27,132.2,32.0,111.9,152.3,102.22
Maize,Gujarat,Kharif,1.62,364.4,34.5,80.2,7.07,56.8,44.8,144.4,165.1,5.07
Cotton,Haryana,Kharif,4.47,702.1,24.3,67.4,6.13,161.1,30.5,117.4,143.8,2.8
Sugarcane,Madhya Pradesh,Zaid,4.25,798.9,29.1,68.3,6.83,82.6,89.9,62.5,182.5,83.84
Groundnut,Punjab,Rabi,2.21,1062.1,27.9,72.7,6.67,113.3,53.2,87.5,92.4,3.03
Sugarcane,West Bengal,Zaid,1.63,979.2,22.2,83.3,6.52,116.3,53.1,113.5,224.8,94.93
Pulses,Andhra Pradesh,Rabi,2.42,,28.7,76.5,6.17,159.4,48.2,98.8,54.8,1.58
Wheat,Punjab,Kharif,5.0,608.5,19.2,65.5,7.14,55.2,84.6,42.7,153.1,4.54
Rice,Madhya Pradesh,Kharif,1.07,577.0,20.7,66.9,7.7,193.0,53.1,112.7,267.8,4.93
Sugarcane,Punjab,Rabi,7.01,834.4,22.6,40.4,6.0,181.1,52.4,102.0,158.5,105.65
Maize,West Bengal,Zaid,4.37,1210.8,33.7,73.0,7.05,138.4,62.5,73.2,160.2,4.55
Pulses,Andhra Pradesh,Rabi,2.22,286.6,31.3,72.7,5.62,173.1,50.5,86.1,125.2,1.69
Pulses,Madhya Pradesh,Kharif,6.66,342.8,32.1,63.1,6.27,108.8,21.9,104.8,156.6,1.65
Rice,Haryana,Kharif,6.66,782.2,31.7,55.9,6.51,142.2,88.6,97.0,159.1,5.78
Maize,Karnataka,Rabi,1.03,1079.8,31.8,78.8,5.16,168.6,56.4,60.8,142.0,4.79
Sugarcane,Tamil Nadu,Rabi,2.92,945.0,21.9,80.7,6.83,65.5,91.7,98.2,203.4,88.02
Cotton,Andhra Pradesh,Zaid,8.55,911.5,17.0,60.3,5.11,68.0,38.4,124.2,113.2,2.3
Maize,Andhra Pradesh,Rabi,6.99,830.8,35.5,70.9,6.41,61.8,106.9,124.6,123.5,5.19
Wheat,Uttar Pradesh,Kharif,5.83,1097.9,19.3,81.8,6.82,106.4,55.4,122.3,70.1,4.8
Pulses,Madhya Pradesh,Zaid,1.87,1290.3,26.0,58.9,4.92,56.5,15.0,126.3,128.1,1.33
Wheat,Madhya Pradesh,Zaid,2.2,250.0,28.0,77.3,7.13,128.4,67.2,118.5,79.6,3.45
Sugarcane,Andhra Pradesh,Zaid,8.81,454.0,26.5,54.7,6.03,40.0,51.7,169.9,147.7,86.24
Potato,Karnataka,Rabi,1.56,483.5,31.4,76.0,6.12,70.6,76.1,69.0,133.7,22.93
Maize,Andhra Pradesh,Rabi,3.91,,28.4,57.2,5.88,124.9,56.3,89.9,162.9,5.0
Pulses,Tamil Nadu,Rabi,2.85,677.6,25.7,60.1,5.82,191.9,52.5,168.0,146.5,1.79
Cotton,Maharashtra,Rabi,3.74,1261.7,24.9,81.3,6.99,180.2,32.7,138.6,173.8,2.34
Pulses,Madhya Pradesh,Rabi,5.12,1460.9,28.1,90.9,6.16,94.1,69.1,,149.7,1.65
Sugarcane,West Bengal,Rabi,8.83,980.3,31.1,56.6,6.17,132.7,35.9,104.9,143.8,94.18
Cotton,Uttar Pradesh,Rabi,9.72,859.0,26.0,60.4,5.79,135.0,42.9,103.7,184.3,2.5
Pulses,Haryana,Zaid,5.76,844.9,31.7,66.8,6.21,143.5,28.7,117.7,206.5,1.84
Pulses,Karnataka,Rabi,6.28,451.4,26.7,78.3,6.53,111.5,63.9,121.5,146.2,1.64
Sugarcane,Uttar Pradesh,Kharif,5.95,717.6,26.9,52.0,7.18,69.9,56.3,121.0,110.8,96.69
Sugarcane,Karnataka,Rabi,1.01,368.5,23.3,74.6,6.43,143.0,60.8,112.3,104.7,91.07
Cotton,Haryana,Rabi,10.66,862.5,,68.6,5.53,150.8,49.1,69.5,103.0,3.06
Potato,Punjab,Zaid,2.83,493.6,33.2,59.1,6.69,115.5,26.9,132.4,211.6,25.59
Groundnut,Tamil Nadu,Rabi,4.91,375.9,28.1,82.4,7.73,115.9,51.4,151.3,117.4,2.58
Sugarcane,West Bengal,Zaid,1.07,1108.8,25.4,44.5,5.67,104.0,43.3,105.8,176.7,82.39
Groundnut,Maharashtra,Kharif,1.68,724.8,28.1,54.3,7.38,55.4,61.7,115.1,128.5,2.68
Pulses,Maharashtra,Rabi,2.25,573.1,26.0,73.6,6.29,145.8,57.7,95.1,110.4,1.72
Groundnut,Maharashtra,Zaid,1.43,765.0,29.0,61.0,5.59,134.7,68.3,119.1,232.3,2.56
Potato,West Bengal,Kharif,1.27,374.8,26.0,61.9,5.52,118.6,61.3,52.3,118.5,25.82
Cotton,West Bengal,Zaid,8.94,1031.6,23.7,75.3,6.43,133.3,66.2,86.6,158.7,2.39
Groundnut,Gujarat,Rabi,5.38,1025.8,31.8,85.0,5.78,116.7,60.0,81.7,72.7,2.79
Pulses,Maharashtra,Zaid,1.82,770.9,29.3,59.0,7.42,140.0,47.5,163.2,159.5,1.74
Maize,Maharashtra,Rabi,4.47,557.6,15.0,73.3,7.03,111.3,48.3,97.5,128.6,4.35
Rice,Uttar Pradesh,Kharif,2.6,1118.7,25.9,81.2,6.62,82.7,41.2,109.1,222.9,5.01
Groundnut,Haryana,Kharif,4.18,1380.4,27.7,81.2,6.59,114.1,76.2,30.0,88.5,2.56
Potato,Punjab,Rabi,4.17,1421.2,27.1,83.2,6.3,125.1,62.6,,152.7,32.6
Wheat,Tamil Nadu,Kharif,8.63,693.7,23.9,68.2,8.03,169.8,58.0,168.4,110.5,4.36
Maize,Gujarat,Rabi,4.52,626.4,24.4,57.0,5.84,182.5,73.7,162.6,90.7,5.5
Cotton,Punjab,Kharif,2.94,351.8,28.0,47.5,7.2,158.0,60.7,163.9,184.4,3.01
Pulses,Andhra Pradesh,Rabi,3.64,593.8,22.2,67.7,6.81,156.3,48.4,154.4,77.9,1.63
Potato,Tamil Nadu,Rabi,0.79,951.7,36.7,54.1,6.28,190.3,15.0,150.6,77.9,28.91
Potato,Gujarat,Zaid,2.69,255.7,23.0,66.8,6.7,185.0,24.3,71.2,171.1,
Cotton,Haryana,Zaid,5.83,756.2,29.3,66.8,7.25,99.1,43.5,90.0,154.8,2.62
Potato,Punjab,Zaid,3.73,924.9,19.4,71.9,6.65,40.0,61.9,61.2,56.9,25.79
Sugarcane,Gujarat,Zaid,5.08,1524.1,30.6,60.4,7.19,44.7,55.0,123.0,86.2,79.84
Sugarcane,Maharashtra,Zaid,3.56,837.6,34.0,69.0,7.78,165.0,28.3,74.5,148.4,80.78
Potato,West Bengal,Zaid,2.74,1184.2,19.5,75.1,8.05,183.7,34.4,135.3,124.2,23.83
Potato,Punjab,Kharif,2.81,926.4,22.2,65.9,5.92,79.4,57.9,85.6,88.7,25.43
Groundnut,Haryana,Zaid,4.52,528.6,23.4,57.3,6.76,136.5,25.0,75.8,154.8,2.68
Pulses,Tamil Nadu,Kharif,5.77,1139.9,22.8,77.1,5.26,165.0,24.5,84.8,139.3,1.78
Pulses,Karnataka,Kharif,3.73,1234.7,21.2,35.1,6.92,130.8,65.9,103.0,209.4,1.72
Maize,Tamil Nadu,Kharif,2.16,909.1,26.3,82.2,7.42,124.4,37.8,144.6,196.5,4.89
Maize,Maharashtra,Rabi,6.41,683.5,26.8,47.7,5.81,144.9,47.6,63.5,168.8,4.69
Rice,Punjab,Zaid,1.27,494.0,25.9,58.1,6.66,90.7,77.9,133.2,183.6,4.51
Wheat,Karnataka,Kharif,7.27,,33.1,86.1,6.13,111.1,57.6,103.7,112.1,4.31
Maize,Madhya Pradesh,Zaid,6.3,834.1,29.2,81.5,7.14,169.1,58.6,126.9,211.9,4.83
Maize,Madhya Pradesh,Kharif,4.23,598.2,26.2,68.0,6.47,115.2,63.3,110.9,36.0,4.91
Rice,Madhya Pradesh,Zaid,4.49,1137.3,24.4,50.1,7.27,40.0,55.7,84.8,200.2,4.1
Pulses,Gujarat,Rabi,2.14,295.9,30.9,80.9,7.25,180.6,49.5,171.9,202.6,1.79
Pulses,Punjab,Rabi,3.59,715.1,31.4,72.4,7.15,156.2,46.2,147.5,248.5,1.96
Cotton,Maharashtra,Zaid,9.8,418.6,30.0,72.5,6.44,160.5,48.8,55.4,121.4,2.21
Wheat,Andhra Pradesh,Rabi,8.51,731.8,24.4,63.1,7.57,151.4,65.8,126.7,83.5,4.38
Potato,Uttar Pradesh,Zaid,3.33,1456.4,22.7,75.1,6.94,151.5,60.5,63.6,138.7,23.74
Cotton,Gujarat,Zaid,6.3,491.5,26.6,61.1,7.35,152.0,65.8,109.1,182.3,2.43
Groundnut,Gujarat,Zaid,5.32,717.1,21.6,50.0,6.29,138.1,53.1,65.5,110.5,2.64
Sugarcane,Karnataka,Kharif,3.38,547.2,30.8,71.3,4.98,93.4,37.0,130.0,165.4,99.89
Groundnut,Haryana,Kharif,1.72,1164.4,26.0,82.6,7.51,77.3,29.9,122.5,236.7,3.14
Maize,Maharashtra,Rabi,4.79,1154.0,26.0,65.7,,69.1,64.2,90.2,238.6,5.12
Sugarcane,Gujarat,Zaid,5.1,546.3,23.6,81.2,6.32,154.8,76.5,90.4,20.0,81.13
Wheat,Karnataka,Rabi,8.92,1173.8,28.1,76.6,6.73,163.6,46.0,148.8,221.7,4.53
Rice,Punjab,Rabi,4.61,1076.9,21.4,81.2,6.03,158.3,48.0,47.2,,5.06
Groundnut,Andhra Pradesh,Zaid,5.41,803.1,22.8,71.7,5.86,76.5,54.5,57.1,237.0,2.54
Groundnut,Punjab,Rabi,3.28,1072.7,19.3,89.3,6.15,94.1,98.0,97.1,159.8,3.1
Potato,Punjab,Rabi,2.58,1241.0,24.7,58.3,6.8,57.9,46.2,115.6,243.5,29.61
Potato,Karnataka,Kharif,1.43,250.0,31.0,71.3,6.06,101.0,19.8,134.2,186.0,27.15
Cotton,Tamil Nadu,Zaid,7.58,1143.1,30.7,68.6,7.45,175.9,46.9,94.5,79.5,2.17
Rice,Uttar Pradesh,Rabi,2.33,1024.8,27.4,70.3,5.57,158.1,52.1,173.7,129.6,4.6
Rice,Madhya Pradesh,Kharif,4.2,487.2,17.5,73.3,6.45,132.7,89.5,130.9,146.1,4.45
Pulses,Haryana,Kharif,5.39,731.8,24.1,63.0,6.88,106.3,51.6,86.8,147.2,2.01
Groundnut,Haryana,Zaid,5.4,1282.9,28.0,74.7,6.32,116.6,56.7,65.6,140.2,2.7
Groundnut,Punjab,Kharif,4.68,1029.6,26.7,79.4,5.53,146.4,59.0,99.2,182.3,3.22
Groundnut,Andhra Pradesh,Zaid,5.86,565.8,28.2,70.9,6.03,98.8,100.5,134.2,171.7,2.68
Potato,Karnataka,Rabi,1.3,1326.7,16.9,64.3,7.22,80.8,65.0,132.0,175.6,27.68
Cotton,Tamil Nadu,Zaid,10.41,685.9,15.0,69.2,8.07,74.5,100.7,76.4,190.0,2.18
Wheat,Punjab,Kharif,9.78,629.0,25.4,94.5,,206.7,83.1,126.0,66.6,4.84
Groundnut,Karnataka,Rabi,5.34,1342.0,23.0,63.4,7.11,121.6,36.7,58.3,110.5,2.84
Cotton,Madhya Pradesh,Kharif,2.32,601.0,26.5,68.6,6.18,169.5,15.0,121.0,56.5,2.77
Potato,Maharashtra,Rabi,3.02,799.7,19.2,76.4,7.32,85.5,57.2,111.7,54.6,27.41
Groundnut,West Bengal,Kharif,4.77,372.7,30.9,95.0,6.33,160.9,37.1,86.2,160.5,2.78
Cotton,Andhra Pradesh,Rabi,2.37,516.0,,63.6,6.65,193.4,47.3,128.3,259.6,2.53
Maize,Maharashtra,Rabi,1.13,818.0,15.0,57.1,6.22,164.3,50.0,84.7,56.3,5.03
Potato,Madhya Pradesh,Zaid,3.34,985.6,27.7,70.1,5.07,183.8,43.2,,108.9,24.62
Rice,Punjab,Kharif,7.35,1126.0,15.0,68.0,5.93,124.6,49.8,75.1,69.8,5.06
Cotton,Uttar Pradesh,Rabi,4.41,855.9,18.8,86.4,5.19,103.1,64.5,,205.9,2.48
Potato,Maharashtra,Kharif,2.87,1408.2,30.5,73.5,6.64,107.1,26.1,143.3,171.7,25.55
Wheat,Maharashtra,Zaid,8.84,821.9,26.2,63.3,7.54,145.2,114.0,88.5,144.7,4.21
Pulses,Tamil Nadu,Rabi,1.48,645.6,25.8,77.2,6.31,151.1,73.6,138.3,71.7,1.74
Maize,Haryana,Rabi,5.64,1185.8,30.0,46.8,7.03,52.3,48.2,31.1,146.4,4.93
Groundnut,Andhra Pradesh,Zaid,3.13,984.2,30.5,72.8,6.97,91.5,46.7,85.8,32.2,2.35
Groundnut,Haryana,Rabi,2.58,1017.1,19.4,51.2,5.87,115.2,59.9,75.0,188.2,3.23
Potato,Karnataka,Kharif,1.87,1062.2,27.5,72.0,6.01,91.9,75.4,78.3,115.5,25.15
Potato,Tamil Nadu,Kharif,3.97,1156.5,29.6,60.0,5.39,137.9,19.8,143.0,205.3,28.55
Wheat,Karnataka,Kharif,7.14,911.1,19.8,74.1,6.23,97.7,29.1,39.8,110.5,4.2
Sugarcane,Karnataka,Kharif,5.32,1139.2,27.2,58.8,5.47,154.7,56.0,44.4,85.3,96.32
Wheat,Haryana,Kharif,6.82,368.8,27.1,51.9,6.19,100.2,60.2,196.5,66.9,4.78
Rice,Gujarat,Rabi,1.22,497.3,38.3,79.4,7.28,122.0,,103.6,133.3,4.13
Cotton,West Bengal,Zaid,10.63,547.9,32.1,52.3,7.78,46.1,84.3,81.3,65.8,2.27
Sugarcane,Uttar Pradesh,Zaid,8.46,1085.3,15.0,73.8,6.82,127.0,,104.0,123.0,83.44
Rice,Maharashtra,Kharif,4.11,570.5,24.9,65.0,5.91,77.4,49.2,59.1,201.3,4.09
Maize,Maharashtra,Rabi,2.83,337.5,26.1,63.4,7.08,99.4,45.5,106.3,277.1,5.12
Pulses,Madhya Pradesh,Kharif,2.77,748.7,16.2,73.4,6.6,152.4,63.1,190.4,189.7,1.72
Sugarcane,Uttar Pradesh,Rabi,5.74,662.0,22.6,82.3,6.02,163.3,15.0,107.7,253.6,98.55
Sugarcane,Maharashtra,Kharif,1.76,1119.4,22.0,70.6,7.31,132.4,69.3,119.5,115.6,93.76
Cotton,Tamil Nadu,Rabi,9.53,975.1,27.3,81.9,5.95,123.9,52.0,80.9,161.9,2.69
Rice,Haryana,Zaid,2.01,857.8,31.8,53.0,6.97,109.5,42.6,69.3,189.8,4.82
Cotton,Madhya Pradesh,Zaid,10.59,1142.0,18.2,56.4,7.6,127.5,37.6,46.7,92.7,2.18
Rice,Punjab,Zaid,5.93,1078.6,29.6,78.8,7.95,132.6,64.5,113.0,118.8,4.57
Wheat,Tamil Nadu,Kharif,6.86,838.1,21.0,75.8,7.27,218.7,42.8,100.9,240.0,4.74
Sugarcane,Punjab,Rabi,2.68,793.6,26.0,76.0,6.93,195.4,36.6,82.6,132.0,104.67
Wheat,Uttar Pradesh,Kharif,9.67,1160.3,30.1,66.5,7.1,153.5,53.6,30.0,125.1,4.22
Cotton,Tamil Nadu,Zaid,7.01,1094.5,22.9,78.0,7.03,69.3,50.0,72.6,62.4,2.31
Pulses,Madhya Pradesh,Zaid,1.24,974.1,20.9,82.9,6.7,168.9,31.9,190.2,108.7,1.7
Pulses,Madhya Pradesh,Rabi,1.63,1122.4,22.0,54.8,7.43,91.0,73.6,67.6,233.2,1.76
Potato,Haryana,Kharif,3.43,250.0,28.2,67.7,5.68,149.2,61.1,87.4,136.8,31.67
Pulses,West Bengal,Kharif,4.96,766.1,25.3,65.8,7.96,160.5,49.3,30.0,117.7,1.76
Groundnut,Madhya Pradesh,Zaid,5.53,682.9,36.4,66.5,6.52,81.7,15.0,,119.9,2.15
Groundnut,Maharashtra,Kharif,4.47,689.4,38.3,83.9,6.94,129.7,60.1,127.7,89.7,2.55
Maize,West Bengal,Zaid,1.59,730.3,27.2,70.1,6.72,94.1,46.5,43.4,50.9,4.58
Groundnut,Andhra Pradesh,Zaid,4.24,1154.5,21.7,80.5,6.6,126.7,107.8,152.6,228.7,2.98
Maize,Punjab,Zaid,6.48,622.2,24.2,66.6,6.99,147.3,17.0,71.1,160.0,4.67
Sugarcane,Haryana,Rabi,1.06,586.2,18.2,58.5,7.69,172.0,46.6,84.1,167.3,104.54
Pulses,Gujarat,Kharif,3.11,849.2,23.7,89.8,6.71,111.1,52.6,91.5,148.0,1.82
Pulses,Madhya Pradesh,Rabi,1.48,1005.0,36.5,46.3,6.47,122.2,55.2,83.8,110.2,1.75
Groundnut,Punjab,Rabi,4.4,969.5,30.1,95.0,6.46,193.0,58.3,77.6,245.8,3.3
Sugarcane,Tamil Nadu,Rabi,5.64,1122.7,23.1,64.3,7.65,52.7,82.3,57.9,159.6,95.13
Cotton,Karnataka,Kharif,4.44,820.0,19.2,59.5,7.78,95.1,91.9,83.7,124.1,2.42
Rice,Andhra Pradesh,Zaid,6.84,1364.0,33.7,95.0,6.54,160.8,73.8,117.8,190.8,3.96
Maize,Haryana,Zaid,4.94,844.5,19.4,63.2,7.14,122.9,99.0,83.1,300.0,5.33
Sugarcane,West Bengal,Rabi,3.68,250.0,22.9,61.6,7.04,175.4,42.1,87.3,188.3,97.1
Maize,Maharashtra,Zaid,5.12,738.9,30.1,87.9,7.67,120.8,78.0,93.1,88.3,4.22
Wheat,Madhya Pradesh,Rabi,8.45,731.0,20.6,67.7,6.66,62.5,49.7,43.0,169.2,4.07
Groundnut,Uttar Pradesh,Rabi,3.83,573.3,22.5,92.8,6.77,125.1,36.9,152.8,,2.98
Cotton,Tamil Nadu,Zaid,6.3,1346.0,30.0,64.7,7.42,154.2,39.5,70.8,110.3,2.34
Cotton,Punjab,Kharif,5.51,763.5,25.8,69.8,6.7,136.8,78.7,112.2,143.4,2.93
Wheat,Karnataka,Zaid,3.17,1189.7,32.9,65.8,6.91,87.0,55.0,85.5,115.3,3.8
Rice,Haryana,Rabi,6.95,814.4,23.6,74.5,6.7,161.6,30.5,89.3,141.1,5.13
Sugarcane,Tamil Nadu,Zaid,2.96,962.1,23.1,63.8,6.84,125.4,63.1,66.1,162.2,91.32
Sugarcane,Gujarat,Rabi,3.69,648.9,32.2,74.7,5.85,201.9,37.3,125.6,183.0,96.21
Maize,Uttar Pradesh,Rabi,1.18,713.6,31.7,87.4,8.2,138.7,89.2,183.2,224.1,5.48
Sugarcane,West Bengal,Rabi,6.79,278.4,,81.1,7.01,167.1,55.7,71.6,87.8,105.82
Sugarcane,Haryana,Rabi,5.7,643.8,31.3,63.7,6.97,159.8,30.0,51.4,168.7,102.43
Rice,Uttar Pradesh,Zaid,6.83,1232.4,20.5,68.5,6.19,51.2,60.2,98.9,179.2,4.43
Maize,Haryana,Kharif,6.53,1143.6,31.7,69.8,6.39,,69.8,62.2,50.5,4.93
Groundnut,Andhra Pradesh,Rabi,5.93,568.9,25.7,75.9,6.77,148.6,56.8,64.8,20.0,2.9
Groundnut,Gujarat,Zaid,3.18,,29.2,79.0,6.49,125.8,40.7,61.5,106.5,2.39
Potato,Gujarat,Rabi,4.38,476.5,26.3,60.5,6.53,116.3,69.9,130.8,111.8,27.31
Pulses,Tamil Nadu,Kharif,2.11,512.6,28.6,48.3,7.25,181.2,82.3,122.1,113.2,1.92
Rice,West Bengal,Kharif,5.2,860.7,32.4,55.4,6.87,89.4,68.3,103.4,193.7,4.45
Wheat,Haryana,Rabi,4.44,787.6,18.4,80.4,6.22,40.0,65.4,141.4,61.7,4.34
Cotton,Uttar Pradesh,Rabi,9.77,1286.0,22.5,73.0,6.97,110.4,55.5,151.8,68.5,2.39
Groundnut,Punjab,Kharif,3.52,718.9,32.9,86.3,7.16,131.0,84.2,68.8,124.8,3.2
Cotton,Karnataka,Zaid,2.75,748.3,18.2,70.5,5.93,156.3,51.7,162.2,38.2,2.2
Cotton,Tamil Nadu,Zaid,5.84,1128.7,22.4,70.0,6.2,112.9,80.9,130.4,131.9,2.24
Groundnut,Uttar Pradesh,Kharif,4.15,935.5,32.3,85.0,6.76,145.6,38.0,94.0,202.4,3.08
Wheat,Andhra Pradesh,Zaid,5.84,250.0,33.1,75.9,5.7,118.0,25.7,85.5,181.7,4.19
Sugarcane,Gujarat,Rabi,5.42,984.5,30.2,62.4,7.35,75.4,41.0,125.3,248.8,102.35
Cotton,Gujarat,Rabi,10.42,758.7,30.3,73.2,6.87,124.4,58.4,91.5,203.6,2.64
Rice,Gujarat,Kharif,5.43,857.4,15.0,78.2,6.46,167.8,79.8,77.0,112.0,4.89
Pulses,Andhra Pradesh,Rabi,2.15,781.7,32.8,74.6,7.24,144.0,69.9,139.0,59.7,1.75
Cotton,Punjab,Zaid,4.87,533.4,24.1,66.4,6.39,101.3,72.8,139.4,91.9,2.3
Pulses,Andhra Pradesh,Rabi,4.41,1012.0,30.6,60.2,7.35,79.8,38.4,35.9,154.6,1.71
Pulses,Madhya Pradesh,Rabi,6.32,700.8,31.4,49.2,7.3,233.4,60.8,75.1,97.0,1.83
Potato,Madhya Pradesh,Zaid,2.97,422.1,26.8,95.0,6.46,230.8,66.2,146.7,128.3,22.74
Rice,Punjab,Kharif,4.92,573.2,26.9,56.7,6.47,95.9,,162.3,193.6,5.43
Maize,Tamil Nadu,Rabi,1.94,996.4,28.9,84.0,6.65,132.4,73.8,114.9,83.7,4.68
Cotton,Punjab,Kharif,3.0,1220.2,31.8,57.7,5.75,104.5,68.3,90.6,140.0,2.84
Rice,Karnataka,Rabi,7.8,1027.6,24.3,66.0,7.47,214.8,91.6,71.3,178.1,4.76
Rice,Punjab,Zaid,7.67,605.7,31.1,93.7,7.28,131.5,,127.5,113.5,4.43
Cotton,Andhra Pradesh,Kharif,7.29,1066.8,33.3,84.4,7.1,98.1,73.9,126.9,103.7,2.56
Wheat,Karnataka,Kharif,2.62,513.5,25.6,50.7,6.73,133.8,87.0,138.9,180.9,4.45
Sugarcane,West Bengal,Kharif,5.8,709.1,20.1,60.5,5.76,104.2,35.5,191.2,208.1,110.36
Maize,Andhra Pradesh,Rabi,6.46,659.8,30.5,46.3,6.86,98.6,30.8,95.7,205.6,5.47
Maize,Maharashtra,Zaid,3.88,845.6,23.1,61.4,8.17,96.3,31.3,91.8,113.1,4.56
Rice,Maharashtra,Zaid,3.11,674.0,29.8,47.8,6.12,40.0,50.1,179.1,179.1,3.85
Rice,Maharashtra,Rabi,1.32,954.3,21.9,85.5,5.41,120.9,61.3,108.0,146.3,4.16
Cotton,West Bengal,Zaid,9.67,729.2,34.3,55.9,6.6,89.8,64.5,138.3,108.1,2.49
Wheat,Gujarat,Rabi,1.88,1525.9,36.4,89.4,7.11,80.3,43.2,34.7,190.8,3.91
Cotton,Andhra Pradesh,Kharif,3.24,712.9,29.3,82.5,6.21,134.0,48.3,128.5,232.2,2.67
Potato,Punjab,Zaid,0.74,1104.4,30.7,58.6,7.03,72.3,38.4,87.9,216.5,28.19
Cotton,West Bengal,Kharif,2.36,1702.6,27.8,75.0,6.89,94.4,50.5,80.9,152.7,2.74
Wheat,Madhya Pradesh,Rabi,1.76,1054.5,25.0,68.0,6.55,75.2,35.8,39.1,110.6,3.94
Cotton,Madhya Pradesh,Rabi,5.77,981.4,27.6,64.2,6.31,154.4,38.7,149.3,162.7,2.63
Pulses,Haryana,Kharif,2.64,931.0,28.5,59.7,6.47,163.4,44.5,126.4,153.9,2.02
Wheat,Uttar Pradesh,Kharif,3.74,918.3,25.4,74.8,6.15,40.0,65.1,63.0,60.9,4.36
Wheat,Madhya Pradesh,Zaid,7.97,663.1,15.0,67.6,5.53,40.0,49.0,95.9,165.0,3.43
Cotton,Tamil Nadu,Zaid,10.87,1055.7,18.4,46.2,6.49,132.3,78.5,93.9,162.6,2.52
Maize,Punjab,Rabi,6.07,596.1,26.2,62.9,5.53,149.1,35.3,135.2,200.3,5.68
Maize,Haryana,Kharif,1.92,1439.3,28.2,87.2,6.45,120.0,33.1,156.3,211.5,5.66
Pulses,Tamil Nadu,Rabi,5.87,460.1,24.0,65.5,7.06,40.3,40.5,117.8,118.5,1.7
Pulses,West Bengal,Zaid,3.77,1192.8,31.7,70.9,6.14,115.8,46.0,110.2,178.3,1.52
Wheat,Madhya Pradesh,Zaid,5.36,1076.3,33.4,57.6,6.22,147.6,53.3,77.9,148.6,3.87
Cotton,Madhya Pradesh,Rabi,10.06,879.7,25.6,51.2,6.3,99.7,73.5,106.1,117.8,2.59
Wheat,Maharashtra,Zaid,8.51,768.8,29.2,93.0,6.79,86.4,93.6,180.7,40.8,3.81
Groundnut,Madhya Pradesh,Zaid,2.12,726.6,26.9,73.5,5.64,179.7,67.1,67.9,230.7,2.81
Wheat,Andhra Pradesh,Kharif,6.9,820.3,26.5,73.1,6.5,160.6,52.4,165.8,130.6,4.3
Potato,Maharashtra,Kharif,2.92,278.6,34.6,70.1,6.35,100.4,57.6,131.7,206.5,22.58
Maize,Tamil Nadu,Zaid,2.85,999.6,26.0,61.6,6.98,140.7,65.4,46.7,74.5,4.18
Potato,Andhra Pradesh,Zaid,1.06,404.2,33.7,61.5,7.2,102.7,41.7,128.7,182.1,21.4
Potato,Madhya Pradesh,Zaid,1.54,1206.4,29.2,59.4,8.06,103.5,62.0,142.3,187.1,24.41
Pulses,Andhra Pradesh,Zaid,4.57,507.2,31.6,93.3,6.12,135.6,80.4,73.5,138.8,1.4
Rice,Karnataka,Kharif,1.6,642.4,24.7,95.0,6.86,159.6,29.7,87.1,250.6,4.22
Wheat,Haryana,Rabi,8.04,710.7,21.4,84.2,5.55,95.9,47.2,68.8,83.1,4.43
Potato,Uttar Pradesh,Kharif,3.29,989.7,24.4,69.0,6.68,74.6,32.8,55.3,101.3,27.29
Wheat,Andhra Pradesh,Zaid,5.86,1171.7,23.8,77.0,6.54,99.8,27.2,141.0,104.1,3.92
Sugarcane,West Bengal,Rabi,1.82,1555.2,21.1,69.4,7.48,48.3,90.8,123.2,46.4,89.25
Maize,Maharashtra,Zaid,2.95,782.0,23.4,81.1,7.84,97.2,47.6,94.3,43.5,3.98
Pulses,West Bengal,Zaid,4.6,620.3,26.4,70.4,6.24,146.5,39.7,97.8,82.8,1.43
Sugarcane,Uttar Pradesh,Rabi,3.14,566.6,26.6,75.6,6.27,158.2,44.4,52.7,185.8,101.42
Pulses,Punjab,Kharif,5.39,1266.7,21.7,87.7,6.61,70.9,69.6,147.1,125.9,1.94
Pulses,West Bengal,Kharif,7.0,1252.7,15.2,82.4,5.94,170.3,48.8,91.4,103.4,1.87
Potato,Karnataka,Rabi,2.22,600.0,30.0,58.8,7.54,107.0,79.0,133.6,134.0,25.13
Pulses,Gujarat,Kharif,6.17,1127.1,27.1,76.0,6.46,136.3,46.2,133.0,170.4,1.74
Pulses,Punjab,Kharif,5.74,329.6,33.0,84.8,7.14,123.6,30.1,105.0,81.7,1.83
Potato,Gujarat,Zaid,1.53,726.9,30.8,55.8,6.96,119.8,87.9,120.6,118.3,27.69
Potato,Haryana,Kharif,4.03,1188.3,19.7,59.7,7.31,118.6,59.2,170.1,259.3,31.95
Sugarcane,Maharashtra,Zaid,3.45,691.1,16.5,78.9,6.2,159.3,49.7,30.0,144.2,79.6
Rice,Tamil Nadu,Zaid,5.69,1005.8,35.1,71.7,6.55,130.2,79.2,103.3,112.6,3.92
Cotton,West Bengal,Zaid,7.72,665.5,29.1,58.9,7.38,121.6,37.0,106.8,141.4,2.52
Sugarcane,Maharashtra,Rabi,3.03,713.6,25.1,78.3,6.29,69.8,96.8,62.2,141.0,95.8
Pulses,Haryana,Rabi,3.42,250.0,32.8,52.7,5.8,145.9,77.0,129.6,141.9,1.75
Maize,Haryana,Kharif,3.02,1181.8,24.4,81.2,6.69,159.5,41.7,96.1,135.6,5.59
Groundnut,Andhra Pradesh,Kharif,3.41,508.5,20.4,76.0,6.92,99.4,28.7,98.4,196.0,2.69
Pulses,Madhya Pradesh,Rabi,5.72,848.5,24.5,84.9,5.97,182.5,77.4,82.3,109.0,1.73
Groundnut,Andhra Pradesh,Rabi,3.81,852.9,32.7,84.8,6.96,103.8,42.2,93.3,220.2,2.82
Rice,Madhya Pradesh,Kharif,4.58,1177.8,29.2,56.4,7.25,162.4,62.8,115.7,168.0,4.47
Rice,West Bengal,Rabi,1.32,1286.4,24.9,69.7,7.98,71.0,15.0,83.2,203.0,4.66
Maize,West Bengal,Zaid,3.58,951.3,20.4,58.0,5.4,124.7,80.3,142.9,56.4,4.58
Potato,Madhya Pradesh,Zaid,3.82,1176.5,27.0,71.1,8.2,61.5,80.3,80.2,95.2,23.51
Potato,Gujarat,Rabi,3.0,564.2,27.6,65.9,6.87,139.2,88.8,131.5,92.3,27.92
Maize,Andhra Pradesh,Kharif,1.77,990.6,26.7,76.1,6.69,144.4,23.3,64.6,131.1,5.42
Maize,Haryana,Kharif,5.04,516.8,15.0,89.4,7.01,42.1,77.8,45.7,141.0,5.4
Pulses,Andhra Pradesh,Kharif,5.67,870.3,28.4,66.8,6.57,127.9,80.3,,94.1,1.8
Maize,Tamil Nadu,Zaid,2.86,668.9,26.4,77.6,7.1,128.7,55.9,130.8,134.1,4.35
Groundnut,Karnataka,Zaid,3.25,690.2,28.5,58.9,6.21,176.0,62.1,96.2,116.4,2.43
Sugarcane,Karnataka,Zaid,7.19,999.5,32.0,57.8,6.21,65.5,29.1,137.0,188.0,74.3
Potato,Maharashtra,Kharif,1.79,801.5,20.9,72.2,5.77,61.7,83.0,70.3,231.6,28.01
Groundnut,Haryana,Rabi,3.98,664.1,23.3,57.0,6.45,119.5,41.1,102.9,173.9,2.78
Pulses,Gujarat,Rabi,2.89,320.2,36.9,63.0,5.53,151.8,43.4,119.8,193.8,1.69
Wheat,Tamil Nadu,Kharif,1.65,835.6,28.4,61.1,6.66,83.3,75.3,74.7,96.2,4.13
Sugarcane,Maharashtra,Rabi,5.28,1251.1,29.4,70.7,7.66,206.5,40.5,101.5,179.8,94.05
Rice,Tamil Nadu,Kharif,3.33,1255.6,28.4,77.5,6.42,133.3,103.5,111.5,183.1,4.93
Pulses,Haryana,Rabi,1.38,744.0,30.4,65.5,6.63,205.1,44.7,114.3,113.7,2.0
Potato,West Bengal,Kharif,2.57,510.7,26.3,65.7,6.89,125.8,45.6,68.0,53.2,25.61
Groundnut,West Bengal,Rabi,1.55,1095.5,28.0,53.4,6.6,157.7,77.6,113.8,114.2,2.64
Sugarcane,Karnataka,Rabi,8.11,800.8,27.2,48.2,6.32,166.1,62.3,176.4,209.7,99.24
Potato,Haryana,Zaid,4.41,533.9,15.0,56.8,7.51,196.8,68.9,106.0,242.1,28.78
Maize,Punjab,Rabi,6.06,1274.0,17.4,63.1,7.47,114.1,80.0,65.5,208.1,5.28
Groundnut,West Bengal,Zaid,2.24,1015.2,28.8,78.7,5.35,148.3,23.3,152.9,204.0,2.84
Maize,West Bengal,Zaid,4.2,1069.0,25.4,49.4,7.28,214.4,53.1,141.0,150.1,5.1
Sugarcane,Gujarat,Rabi,6.03,518.1,16.9,59.7,6.55,136.4,44.6,170.1,98.0,102.31
Rice,Haryana,Rabi,5.32,828.9,26.4,62.1,5.77,50.6,74.8,51.1,128.3,4.68
Maize,Uttar Pradesh,Rabi,6.37,862.9,32.6,48.6,6.46,143.9,28.9,70.2,124.9,4.94
Sugarcane,Uttar Pradesh,Rabi,7.07,1316.3,24.0,59.5,6.92,230.0,43.4,91.4,196.7,109.82
Pulses,Uttar Pradesh,Rabi,3.22,910.8,31.4,65.1,6.31,110.2,120.0,129.2,131.4,1.81
Maize,Gujarat,Kharif,2.44,918.1,25.4,64.2,6.48,151.6,45.0,138.9,104.5,5.58
Rice,Karnataka,Kharif,1.25,473.5,28.0,72.2,6.34,117.7,57.9,137.2,158.5,4.53
Groundnut,Madhya Pradesh,Rabi,3.92,408.5,30.7,74.0,6.06,126.1,59.1,131.6,38.6,2.67
Pulses,Madhya Pradesh,Rabi,5.88,,31.3,51.4,5.46,40.0,79.5,132.9,155.9,1.74
Cotton,Uttar Pradesh,Rabi,7.01,580.4,30.9,57.2,6.59,81.3,56.7,91.7,153.8,2.45
Potato,Maharashtra,Kharif,0.6,417.3,23.6,40.6,6.95,147.9,42.6,98.2,173.5,26.62
Maize,Andhra Pradesh,Kharif,3.39,1224.0,25.7,85.8,5.92,128.0,46.2,89.4,158.8,5.16
Wheat,Gujarat,Kharif,2.21,649.8,29.0,56.5,6.09,134.1,69.3,81.1,164.1,4.42
Cotton,Gujarat,Kharif,7.85,628.4,23.7,82.6,5.9,138.8,80.8,93.7,133.3,2.56
Wheat,Maharashtra,Zaid,3.42,665.8,29.0,64.6,6.02,40.0,51.0,62.7,134.4,3.39
Sugarcane,Tamil Nadu,Zaid,4.96,1263.3,38.2,66.1,6.69,97.9,54.5,80.0,127.4,78.43
Potato,Andhra Pradesh,Rabi,4.72,1118.6,30.1,74.6,7.9,153.9,66.1,90.9,76.3,25.68
Rice,Punjab,Zaid,5.08,,21.6,70.1,6.48,40.0,40.2,80.1,189.7,4.69
Rice,Haryana,Kharif,5.65,1226.9,36.7,68.5,7.19,122.0,53.4,79.3,137.7,4.18
Maize,Maharashtra,Zaid,5.53,1353.1,30.0,76.7,6.48,81.9,30.6,117.2,110.5,4.11
Maize,Andhra Pradesh,Rabi,4.51,1408.0,21.2,67.0,7.55,53.2,53.8,71.3,213.1,4.7
Maize,Haryana,Zaid,2.23,1015.5,22.9,86.6,5.93,162.1,19.9,143.5,49.6,4.84
Rice,Gujarat,Rabi,5.44,1275.9,22.2,62.9,6.0,84.1,42.1,114.0,34.6,3.9
Wheat,Uttar Pradesh,Rabi,5.87,524.2,24.7,69.8,6.56,117.5,53.7,156.6,198.3,4.46
Wheat,Haryana,Zaid,3.64,1104.9,29.7,68.9,6.49,112.0,41.8,156.9,174.4,4.4
Potato,Maharashtra,Kharif,1.23,1278.5,25.2,95.0,6.85,143.2,61.0,94.3,96.3,25.91
Groundnut,Karnataka,Zaid,4.88,735.8,22.9,64.2,6.84,80.2,82.5,91.2,279.5,2.7
Maize,Uttar Pradesh,Zaid,6.41,1226.4,26.8,63.5,7.09,172.0,87.3,151.3,180.8,4.97
Sugarcane,Karnataka,Kharif,4.93,931.6,26.5,66.3,6.38,105.4,45.4,91.4,103.8,97.66
Potato,Andhra Pradesh,Zaid,4.37,669.7,24.4,71.8,6.98,62.0,58.1,78.8,204.9,23.81
Pulses,Punjab,Kharif,3.15,847.9,28.5,52.8,6.85,107.4,68.3,45.3,178.2,1.95
Wheat,Uttar Pradesh,Zaid,2.64,635.8,31.6,53.2,8.2,79.3,30.1,36.3,196.1,3.66
Maize,West Bengal,Rabi,6.89,1156.2,25.3,61.4,6.92,146.7,42.4,146.6,26.8,5.03
Groundnut,Karnataka,Kharif,5.16,704.5,29.7,77.1,7.18,208.5,42.6,104.9,143.6,2.97
Potato,Karnataka,Rabi,2.05,590.7,17.2,75.2,7.09,181.0,63.7,51.1,89.6,23.39
Cotton,Karnataka,Rabi,10.53,1133.4,22.2,88.7,6.96,120.6,70.5,98.0,60.7,2.34
Pulses,Gujarat,Kharif,4.6,926.5,26.0,70.4,7.41,115.3,76.3,74.2,300.0,1.7
Pulses,West Bengal,Zaid,5.74,496.6,32.7,71.8,7.03,97.2,46.1,122.7,82.1,1.45
Rice,Andhra Pradesh,Rabi,4.73,681.4,,89.2,8.11,155.6,54.1,183.5,89.1,4.74
Groundnut,Tamil Nadu,Rabi,5.14,362.1,22.0,85.0,8.19,139.4,77.0,96.1,243.5,2.7
Wheat,Karnataka,Zaid,9.95,1046.1,32.2,44.5,6.25,96.0,79.4,140.2,221.4,3.95
Wheat,Punjab,Kharif,7.79,495.6,24.1,60.1,,162.2,60.2,147.4,160.7,4.59
Wheat,Punjab,Rabi,3.64,1336.6,25.3,58.4,7.34,172.2,57.3,112.1,204.1,4.93
Potato,Maharashtra,Rabi,4.85,334.6,31.0,70.6,,120.0,43.5,71.7,126.6,25.8
Pulses,Tamil Nadu,Kharif,1.97,660.7,18.3,82.3,6.97,115.5,64.9,88.8,121.6,1.78
Pulses,Tamil Nadu,Zaid,4.91,1051.7,29.1,,6.62,118.1,78.2,144.0,160.9,1.69
Maize,Gujarat,Rabi,6.56,724.0,19.0,49.4,5.79,80.5,66.2,163.9,125.9,5.19
Wheat,Punjab,Zaid,5.87,250.0,28.2,73.0,7.76,95.4,63.4,125.9,20.0,3.94
Pulses,Uttar Pradesh,Kharif,4.17,864.5,23.7,72.0,7.12,48.9,24.4,43.0,197.5,1.7
Cotton,Andhra Pradesh,Rabi,4.17,1252.0,25.5,70.0,7.09,109.5,26.1,86.0,154.3,2.6
Potato,Punjab,Rabi,2.21,970.1,25.5,57.7,6.69,147.3,65.5,134.3,,33.26
Pulses,Haryana,Rabi,2.3,593.7,40.0,65.4,7.0,163.2,47.3,71.7,61.5,1.71
Sugarcane,Tamil Nadu,Kharif,5.0,327.2,25.8,48.9,5.95,149.7,29.0,55.6,131.8,102.43
Sugarcane,West Bengal,Zaid,8.08,840.3,25.4,88.9,8.2,109.4,41.7,115.7,213.3,94.38
Maize,Gujarat,Rabi,2.1,873.7,22.9,69.7,8.01,189.2,26.6,100.8,131.2,4.8
Rice,Tamil Nadu,Kharif,3.98,1072.7,26.5,,5.42,151.2,65.4,35.3,99.4,4.67
Pulses,Uttar Pradesh,Zaid,1.62,668.8,31.9,50.4,7.11,132.9,15.0,105.2,104.2,1.64
Groundnut,Uttar Pradesh,Zaid,1.63,1185.0,,65.7,6.68,162.1,83.0,107.5,117.9,2.64
Sugarcane,Karnataka,Kharif,5.32,418.7,33.7,57.9,7.33,90.0,31.2,77.7,187.5,85.52
Groundnut,Tamil Nadu,Zaid,4.51,1128.4,34.4,69.0,7.05,127.2,59.9,106.7,94.8,2.33
Maize,Punjab,Zaid,6.64,819.2,34.0,54.8,6.01,151.1,65.5,89.6,118.5,5.37
Groundnut,West Bengal,Zaid,1.68,1406.5,31.1,80.3,5.8,91.9,23.7,69.9,133.8,2.54
Maize,Gujarat,Kharif,4.25,850.1,32.7,69.7,6.53,162.2,59.0,102.4,216.6,5.41
Sugarcane,West Bengal,Zaid,6.91,1503.0,34.6,45.9,7.45,86.3,32.5,64.0,96.9,84.01
Cotton,Haryana,Kharif,8.75,1008.4,27.0,42.6,7.82,125.8,56.1,91.2,148.3,2.83
Maize,Uttar Pradesh,Zaid,4.49,1072.8,27.4,46.6,5.75,112.3,53.8,114.1,132.3,4.84
Rice,Madhya Pradesh,Rabi,1.64,440.6,21.4,77.6,5.33,148.6,44.7,98.0,120.3,4.39
Potato,Madhya Pradesh,Rabi,1.67,817.7,28.6,78.6,6.92,168.8,33.5,41.6,98.6,27.01
Groundnut,West Bengal,Zaid,1.2,616.2,24.1,86.1,4.84,87.0,64.8,94.9,120.5,2.55
Pulses,Punjab,Kharif,4.65,1639.0,38.4,68.3,6.17,141.7,22.1,99.5,209.9,2.12
Rice,West Bengal,Zaid,4.7,573.7,23.5,54.9,5.9,117.8,78.5,115.7,112.5,4.31
Groundnut,Madhya Pradesh,Rabi,3.91,494.6,22.8,46.5,6.75,207.7,30.1,127.2,140.4,2.95
Rice,Madhya Pradesh,Kharif,2.15,872.1,24.3,66.8,7.56,153.5,81.3,147.1,197.0,4.75
Groundnut,Tamil Nadu,Zaid,5.18,757.0,27.2,66.9,6.46,94.1,61.9,133.4,115.1,2.55
Wheat,Uttar Pradesh,Zaid,5.33,1447.3,30.9,72.6,7.63,177.9,27.9,109.3,64.8,3.43
Potato,Uttar Pradesh,Zaid,4.91,882.1,18.1,76.9,7.11,68.1,65.5,80.5,224.4,25.26
Rice,Karnataka,Zaid,1.76,746.8,25.3,62.6,5.93,99.2,58.5,62.1,195.4,4.14
Wheat,Karnataka,Rabi,4.3,907.9,26.5,74.3,7.32,175.6,59.4,166.4,153.9,4.54
Cotton,Karnataka,Rabi,8.43,1460.1,31.4,63.1,5.81,101.7,88.0,64.3,49.9,2.33
Rice,Gujarat,Zaid,1.46,958.4,33.5,76.0,7.29,112.0,26.5,72.4,,3.48
Pulses,Gujarat,Kharif,1.53,1292.2,21.5,68.0,7.66,186.5,52.2,79.0,156.6,1.8
Cotton,West Bengal,Rabi,7.03,688.2,27.9,68.1,,173.2,18.5,136.0,183.9,2.94
Cotton,Haryana,Zaid,10.3,474.5,40.0,78.5,6.13,101.7,29.4,172.8,180.9,2.29
Potato,Madhya Pradesh,Rabi,1.71,513.3,26.4,59.0,7.12,151.0,56.6,73.6,150.3,24.8
Sugarcane,Uttar Pradesh,Zaid,1.3,491.3,33.7,61.8,6.84,97.6,15.0,91.1,151.2,87.65
Rice,Maharashtra,Rabi,1.4,996.8,27.3,79.6,7.24,146.7,37.6,74.9,31.8,
Sugarcane,Karnataka,Kharif,4.7,1229.5,22.7,75.7,7.18,193.0,28.3,77.3,86.5,87.19
Potato,West Bengal,Kharif,2.48,678.7,22.9,63.8,5.41,120.6,41.3,92.1,81.3,25.3
Groundnut,West Bengal,Rabi,3.66,574.5,34.2,76.4,6.64,124.3,25.6,83.9,103.4,2.7
Sugarcane,Andhra Pradesh,Kharif,3.73,681.5,31.2,59.9,6.3,135.1,79.9,108.0,119.0,94.27
Wheat,Maharashtra,Zaid,1.67,1098.5,29.0,46.2,6.95,205.5,62.1,108.0,127.2,3.84
Wheat,Haryana,Kharif,5.4,653.6,21.9,71.4,8.08,132.9,109.7,99.0,61.0,4.62
Cotton,Tamil Nadu,Rabi,2.94,1493.0,16.8,65.3,7.64,133.6,37.4,53.4,51.4,2.4
Cotton,Gujarat,Zaid,3.25,493.0,35.6,64.4,7.69,98.6,52.1,97.1,85.0,2.17
Groundnut,Madhya Pradesh,Kharif,5.4,945.9,26.8,63.5,,40.0,48.3,91.3,250.4,3.14
Pulses,Andhra Pradesh,Rabi,1.2,673.0,37.8,83.0,6.34,129.5,62.5,77.2,205.3,1.71
Sugarcane,West Bengal,Kharif,6.74,359.5,33.8,83.9,6.61,103.5,71.5,126.0,203.5,103.35
Pulses,Tamil Nadu,Zaid,1.83,772.1,23.6,56.6,5.91,83.4,55.7,101.9,143.5,1.48
Maize,Maharashtra,Kharif,4.76,1038.7,26.8,66.5,7.0,112.6,54.6,116.5,185.1,5.0
Cotton,Uttar Pradesh,Zaid,7.6,931.7,24.5,65.8,8.0,132.2,106.7,136.1,144.4,2.51
Pulses,Punjab,Kharif,1.37,471.3,37.7,60.3,6.18,197.6,73.7,179.5,131.4,2.11
Groundnut,Karnataka,Zaid,2.3,1140.0,24.7,83.0,8.2,182.1,79.9,100.7,156.5,2.52
Cotton,Karnataka,Zaid,9.44,947.7,25.0,58.6,7.12,168.1,30.2,82.5,125.9,2.55
Sugarcane,Tamil Nadu,Kharif,3.23,1036.9,29.7,68.7,8.2,106.8,71.8,152.2,167.0,107.7
Sugarcane,Uttar Pradesh,Kharif,5.67,705.6,20.4,53.2,6.43,169.8,35.5,97.8,97.1,104.96
Potato,Uttar Pradesh,Zaid,1.87,850.4,27.8,53.4,7.68,128.1,47.4,74.8,86.0,26.95
Rice,West Bengal,Kharif,2.13,850.5,28.3,59.6,6.6,153.4,20.4,51.3,146.5,5.31
Maize,Maharashtra,Kharif,4.33,883.2,25.5,78.2,6.42,117.2,67.2,63.7,115.3,4.83
Cotton,Karnataka,Rabi,10.89,894.9,24.2,72.9,7.65,177.1,49.7,82.6,185.2,2.73
Pulses,Punjab,Zaid,1.48,1160.1,21.7,54.0,7.18,102.9,75.8,116.5,214.7,1.89
Groundnut,Andhra Pradesh,Rabi,5.12,1098.2,27.8,78.7,6.56,100.2,58.6,96.4,131.5,3.03
Maize,Gujarat,Rabi,1.89,768.0,17.0,95.0,5.07,77.8,56.8,147.1,147.8,4.73
Groundnut,Madhya Pradesh,Rabi,5.78,972.1,20.9,56.5,7.28,134.6,65.9,58.2,158.8,2.84
Potato,Maharashtra,Rabi,4.03,996.7,27.6,50.0,6.15,138.5,32.5,181.5,256.9,27.35
Cotton,Andhra Pradesh,Zaid,2.76,1069.3,19.9,58.8,8.2,80.5,68.0,75.0,47.2,2.06
Rice,Gujarat,Rabi,3.49,1335.7,20.6,61.1,6.84,190.9,27.5,108.9,99.4,4.23
Cotton,Maharashtra,Rabi,4.23,1004.1,20.1,82.7,6.82,134.3,81.8,173.6,130.5,2.57
Maize,Haryana,Kharif,1.95,712.9,25.6,52.2,7.21,71.3,60.2,138.9,96.6,5.48
Rice,Gujarat,Zaid,5.74,982.1,28.7,68.7,7.01,154.4,35.1,124.6,167.8,3.89
Wheat,Karnataka,Zaid,1.58,839.2,31.9,82.2,6.79,160.0,56.1,184.3,169.5,3.89
Groundnut,Punjab,Rabi,5.75,525.6,30.5,83.3,6.33,185.6,87.7,80.6,35.9,2.86
Potato,Karnataka,Kharif,0.56,716.1,31.9,73.6,6.16,129.4,46.8,89.3,146.9,23.24
Sugarcane,Tamil Nadu,Rabi,1.76,1301.0,23.9,,6.93,169.8,91.3,83.4,180.0,100.71
Wheat,Punjab,Rabi,4.58,769.2,28.2,64.5,6.61,106.5,37.1,74.5,197.5,4.78
Pulses,Madhya Pradesh,Kharif,2.82,601.0,23.8,84.3,7.25,110.6,31.9,122.1,223.0,1.65
Potato,Haryana,Rabi,4.59,1261.1,22.2,59.2,5.91,91.1,69.5,151.2,133.3,28.15
Wheat,Karnataka,Rabi,3.11,881.6,25.6,59.4,6.33,151.6,39.0,122.8,70.6,4.38
Rice,Haryana,Rabi,3.83,340.6,30.3,63.4,8.02,172.5,20.2,59.5,114.8,4.41
Cotton,Andhra Pradesh,Rabi,9.5,870.1,26.1,71.8,6.09,155.6,88.4,115.4,112.6,2.7
Rice,Uttar Pradesh,Kharif,2.34,599.0,16.7,68.3,6.67,117.5,50.7,127.9,149.0,4.82
Maize,Gujarat,Rabi,3.35,866.8,30.3,71.8,6.88,77.2,51.8,163.3,152.1,5.06
Potato,West Bengal,Zaid,3.76,692.4,32.5,59.4,6.57,88.3,70.5,120.2,256.7,29.04
Groundnut,Punjab,Zaid,3.79,878.2,30.9,82.8,7.43,203.4,61.4,103.3,167.2,3.11
Rice,Andhra Pradesh,Kharif,1.14,748.3,25.7,45.3,7.96,127.1,67.3,56.1,138.1,4.85
Pulses,Karnataka,Rabi,4.96,983.5,27.1,63.2,7.43,142.8,40.0,143.8,75.1,1.73
Maize,Andhra Pradesh,Zaid,1.74,543.9,31.6,57.2,7.26,133.9,70.8,68.6,161.1,4.85
Cotton,Uttar Pradesh,Kharif,6.25,1050.3,27.0,51.3,6.77,134.5,36.5,64.1,168.8,2.71
Pulses,Gujarat,Kharif,4.49,1129.4,26.5,56.2,6.42,149.0,15.0,128.3,168.7,1.77
Sugarcane,Maharashtra,Rabi,1.86,469.5,26.8,65.8,5.79,121.8,36.0,114.3,82.2,89.97
Cotton,Andhra Pradesh,Kharif,8.07,250.0,25.5,64.0,6.65,99.9,54.0,110.8,114.1,2.58
Wheat,Punjab,Zaid,9.71,530.4,32.1,52.3,6.23,145.1,44.2,142.3,,3.88
Cotton,Haryana,Rabi,3.07,888.0,23.8,91.0,6.34,190.6,52.9,105.8,138.4,2.68
Cotton,Madhya Pradesh,Zaid,11.47,329.9,32.7,80.7,7.33,157.0,46.8,129.6,112.6,2.07
Sugarcane,Madhya Pradesh,Rabi,2.9,803.1,21.9,79.0,6.99,147.5,48.2,73.9,159.0,95.3
Potato,Tamil Nadu,Rabi,1.1,989.3,23.3,61.3,7.61,113.0,31.4,116.4,63.5,26.93
Cotton,Madhya Pradesh,Rabi,3.31,950.2,29.2,68.4,6.08,118.8,66.9,116.4,25.1,2.42
Pulses,Andhra Pradesh,Rabi,4.72,1006.3,35.5,77.2,6.43,89.6,63.7,103.4,106.3,1.7
Wheat,Gujarat,Rabi,8.79,752.0,34.0,87.1,6.43,80.4,80.8,140.5,203.2,4.36
Groundnut,Uttar Pradesh,Zaid,2.52,250.0,25.0,78.5,5.86,168.3,39.8,128.9,164.7,2.36
Sugarcane,Maharashtra,Kharif,8.57,1133.0,27.0,91.2,7.13,154.4,67.9,108.7,205.4,95.97
Maize,Gujarat,Zaid,3.4,1522.0,28.2,79.7,5.96,71.4,25.6,212.6,184.2,4.04
Groundnut,Andhra Pradesh,Kharif,5.81,744.7,32.2,76.4,6.59,43.2,32.9,68.2,121.7,2.51
Groundnut,Karnataka,Zaid,1.02,1404.9,23.3,66.4,6.68,76.5,31.5,91.6,135.0,2.27
Rice,Karnataka,Zaid,2.96,586.3,34.8,53.8,7.45,159.4,56.0,77.5,195.0,3.53
Maize,Uttar Pradesh,Zaid,3.22,707.8,27.5,49.5,7.64,96.5,55.2,155.1,114.8,4.37
Cotton,Uttar Pradesh,Rabi,9.74,837.0,23.9,61.1,7.32,213.1,92.1,68.4,54.2,2.68
Pulses,Uttar Pradesh,Rabi,5.77,1083.7,27.1,58.7,5.56,101.2,84.6,105.4,169.5,1.87
Sugarcane,Uttar Pradesh,Kharif,8.88,931.8,25.5,62.6,7.7,172.5,38.3,106.2,134.5,104.38
Potato,Uttar Pradesh,Rabi,4.69,327.6,26.0,68.1,5.42,83.6,80.0,68.8,83.7,25.73
Cotton,Haryana,Kharif,11.52,777.7,27.7,60.5,6.81,81.7,61.0,45.8,160.3,2.69
Rice,Gujarat,Zaid,5.96,1199.7,33.9,71.1,6.57,147.2,52.1,115.5,192.3,4.27
Rice,Uttar Pradesh,Rabi,3.43,565.3,22.8,53.7,6.84,164.3,58.1,86.7,175.2,5.18
Maize,Punjab,Kharif,3.47,1054.8,29.3,73.8,7.04,158.6,68.2,84.8,104.9,5.6
Sugarcane,Andhra Pradesh,Rabi,2.96,884.7,28.7,81.4,5.95,91.7,46.4,100.1,179.3,96.28
Sugarcane,Gujarat,Kharif,5.5,551.6,26.1,63.7,6.66,132.5,105.5,77.7,73.4,98.22
Maize,Maharashtra,Zaid,5.4,887.3,25.1,58.6,6.56,113.5,71.4,109.7,149.5,4.7
Sugarcane,Uttar Pradesh,Rabi,8.05,381.7,25.6,54.7,7.68,75.2,60.0,41.1,159.6,97.37
Groundnut,Madhya Pradesh,Zaid,5.35,753.9,24.6,76.4,7.31,108.0,24.1,171.9,195.5,2.73
Cotton,Haryana,Zaid,4.45,1107.8,22.9,78.3,5.63,82.1,45.2,74.5,134.9,2.32
Sugarcane,Madhya Pradesh,Kharif,8.2,830.1,27.5,67.3,5.96,100.6,37.4,115.1,121.9,94.2
Sugarcane,Karnataka,Kharif,2.96,733.3,25.2,75.9,6.56,96.3,58.9,108.2,105.3,92.21
Groundnut,Tamil Nadu,Rabi,4.28,564.7,29.8,66.3,6.52,127.3,52.1,107.1,103.1,2.73
Maize,Andhra Pradesh,Kharif,1.17,492.6,30.9,73.7,5.05,141.6,25.2,114.4,156.2,5.22
Cotton,Uttar Pradesh,Rabi,10.02,1114.5,22.1,68.8,4.8,129.4,87.6,129.4,80.0,2.27
Wheat,Karnataka,Kharif,4.26,1290.0,16.3,78.3,7.32,64.2,70.7,132.0,58.0,4.24
Cotton,Tamil Nadu,Zaid,3.58,688.2,19.7,63.1,7.36,170.2,34.7,142.9,35.8,2.45
Wheat,Gujarat,Rabi,5.3,822.4,25.6,64.7,7.64,69.9,51.1,139.5,112.0,4.05
Pulses,Haryana,Zaid,2.27,595.8,31.7,73.7,5.92,109.3,78.8,58.8,132.2,1.52
Groundnut,Madhya Pradesh,Rabi,5.33,1002.4,31.0,75.1,6.14,61.7,40.3,98.0,236.1,2.71
Maize,Uttar Pradesh,Rabi,4.48,395.1,32.4,72.4,7.5,173.3,35.9,87.0,120.6,5.69
Wheat,Maharashtra,Rabi,2.62,1223.4,25.5,88.5,6.1,147.9,18.8,106.9,56.9,3.66
Wheat,Maharashtra,Zaid,2.91,788.4,29.8,65.8,6.08,149.6,60.8,136.1,20.0,3.66
Groundnut,Andhra Pradesh,Zaid,2.61,352.3,21.8,54.1,5.91,56.9,44.4,119.8,90.7,2.34
Groundnut,Karnataka,Kharif,4.45,1110.6,27.2,75.5,7.46,151.8,36.9,110.5,140.7,2.97
Pulses,West Bengal,Rabi,1.42,250.0,28.3,82.2,7.6,55.7,78.1,81.1,137.1,1.76
Wheat,Tamil Nadu,Kharif,7.02,833.1,15.0,55.2,6.52,147.2,,79.7,231.8,4.56
Maize,Tamil Nadu,Rabi,4.22,396.6,27.3,78.3,5.91,146.2,15.0,82.5,174.7,5.55
Potato,Haryana,Kharif,2.17,1170.6,25.6,81.1,6.58,128.2,63.0,116.1,199.2,28.6
Cotton,Haryana,Rabi,3.8,1611.2,29.1,61.3,6.53,171.7,88.1,113.3,180.6,2.81
Rice,Uttar Pradesh,Kharif,1.2,428.1,17.4,83.4,5.51,130.6,52.4,80.4,68.7,4.56
Cotton,Haryana,Kharif,10.03,466.9,33.1,64.8,7.02,103.8,51.9,116.3,112.7,2.55
Potato,Andhra Pradesh,Kharif,2.59,630.2,23.2,48.9,5.55,78.2,58.0,145.9,124.2,26.3
Pulses,Madhya Pradesh,Kharif,5.93,452.6,23.9,63.3,6.13,82.0,67.4,144.0,149.3,1.6
Pulses,Madhya Pradesh,Zaid,6.39,525.1,,68.1,5.6,129.3,26.5,99.3,54.0,1.53
Groundnut,Gujarat,Rabi,5.37,1300.2,23.3,70.8,7.09,115.7,47.2,173.9,138.3,2.71
Potato,Punjab,Zaid,0.96,849.1,28.3,58.7,6.72,100.9,19.7,124.0,95.8,25.15
Maize,Andhra Pradesh,Rabi,5.25,673.9,28.0,70.8,7.24,171.1,55.8,98.9,159.5,4.61
Pulses,Punjab,Kharif,4.96,1138.3,28.5,73.0,6.84,134.7,41.6,68.7,178.6,1.92
Cotton,Haryana,Zaid,6.27,647.0,23.1,54.3,8.2,100.8,30.0,129.6,155.7,2.55
Potato,Gujarat,Rabi,0.52,603.3,35.4,60.0,,128.8,59.2,83.3,102.3,26.34
Groundnut,Karnataka,Kharif,1.3,1234.4,27.2,64.9,5.81,114.1,80.2,84.4,143.3,2.89
Wheat,Uttar Pradesh,Rabi,6.51,725.8,25.8,65.9,5.75,142.9,42.7,136.6,160.9,4.3
Rice,Uttar Pradesh,Zaid,4.15,1195.3,23.0,80.7,6.87,127.8,37.2,106.0,185.0,4.96
Groundnut,Tamil Nadu,Rabi,2.26,,25.6,85.9,6.62,135.7,77.2,141.4,179.7,2.99
Maize,Madhya Pradesh,Zaid,6.34,554.2,21.8,66.8,5.99,57.1,49.3,85.4,30.5,4.55
Maize,Punjab,Kharif,6.52,639.2,23.0,74.5,5.93,196.5,26.7,130.1,57.9,5.99
Pulses,Maharashtra,Kharif,2.51,691.2,32.0,65.7,,102.8,69.9,143.7,133.9,1.67
Rice,Haryana,Kharif,1.59,354.3,18.2,48.3,6.79,43.6,15.5,180.7,177.2,4.77
Pulses,Andhra Pradesh,Kharif,4.95,532.2,21.4,64.5,5.84,40.0,45.1,61.8,179.1,
Sugarcane,Madhya Pradesh,Kharif,5.25,543.3,24.9,71.4,8.2,121.0,55.7,170.0,,92.52
Wheat,West Bengal,Kharif,5.83,1346.0,30.4,69.5,6.6,62.6,75.3,35.6,226.8,4.14
Pulses,Maharashtra,Zaid,5.33,985.2,27.2,55.5,7.57,116.3,80.5,119.6,119.8,1.65
Pulses,Punjab,Rabi,3.55,1422.4,28.2,75.8,7.16,40.2,74.9,58.7,108.9,1.86
Groundnut,Tamil Nadu,Zaid,2.22,985.2,27.9,65.9,7.27,128.1,,103.0,175.8,2.63
Rice,Madhya Pradesh,Kharif,4.25,1094.1,30.9,75.1,5.37,66.5,51.1,168.4,196.5,4.47
Potato,Gujarat,Zaid,4.31,911.9,27.4,71.2,6.49,92.2,56.6,165.9,188.7,26.49
Rice,Madhya Pradesh,Zaid,5.86,934.8,26.7,87.8,6.52,159.4,38.8,134.9,78.3,4.28
Groundnut,Tamil Nadu,Zaid,3.15,924.5,26.7,70.7,7.28,153.6,56.6,53.9,181.6,2.45
Wheat,West Bengal,Kharif,4.06,1174.4,23.6,79.3,6.98,142.7,61.1,90.4,216.2,4.48
Potato,Uttar Pradesh,Zaid,4.99,859.8,33.7,64.6,6.26,120.2,20.2,101.0,98.8,26.7
Potato,Madhya Pradesh,Rabi,2.89,1023.7,29.1,65.8,6.77,92.7,65.5,155.4,265.7,26.33
Maize,Karnataka,Rabi,2.01,1182.0,29.2,75.8,7.56,138.8,40.0,49.6,190.4,4.8
Sugarcane,Uttar Pradesh,Zaid,3.73,829.6,26.9,73.1,6.98,84.1,88.7,97.9,92.8,93.76
Wheat,Maharashtra,Kharif,1.45,971.0,32.3,66.5,6.7,106.5,49.6,116.9,111.2,3.83
Cotton,Punjab,Zaid,11.52,696.5,29.2,83.1,6.61,167.4,60.7,158.3,168.5,2.87
Pulses,Haryana,Rabi,4.5,896.7,30.0,60.9,5.8,190.7,71.9,102.0,155.7,2.01
Wheat,Haryana,Kharif,3.9,662.0,24.4,69.4,5.99,98.8,62.2,94.0,46.1,4.22
Groundnut,Haryana,Zaid,3.05,822.9,29.6,63.7,7.99,118.2,48.1,74.7,137.8,2.87
Maize,West Bengal,Zaid,1.86,1120.6,20.3,61.1,6.32,85.3,94.4,138.6,34.2,4.76
Potato,Haryana,Rabi,2.02,1263.0,40.0,54.7,7.16,40.0,63.9,171.6,200.8,31.06
Pulses,Tamil Nadu,Zaid,5.61,619.8,22.5,58.8,5.79,138.5,45.4,95.3,149.2,1.7
Sugarcane,Maharashtra,Rabi,1.98,432.7,27.8,66.2,7.54,60.8,57.5,134.3,127.9,96.51
Groundnut,Madhya Pradesh,Zaid,2.61,699.8,23.0,55.5,6.06,185.0,79.6,126.9,183.7,2.6
Wheat,Punjab,Zaid,2.21,666.8,24.0,64.1,6.66,144.5,54.9,86.5,131.9,4.16
Potato,West Bengal,Rabi,4.64,649.1,20.9,77.8,5.74,77.8,72.0,70.3,195.0,25.33
Potato,Karnataka,Rabi,3.01,473.0,31.8,56.4,7.04,91.5,90.2,30.0,121.2,25.77
Cotton,Karnataka,Zaid,6.44,1038.9,23.3,80.9,7.86,112.4,52.2,77.2,116.9,2.28
Maize,Haryana,Kharif,4.19,1154.6,22.9,63.6,5.88,121.7,57.4,146.2,264.2,5.61
Wheat,Gujarat,Kharif,9.12,840.7,30.5,78.1,7.12,52.1,81.0,170.9,144.3,4.77
Rice,Madhya Pradesh,Kharif,4.91,550.2,25.8,61.4,7.56,116.1,65.6,104.2,215.1,4.58
Sugarcane,Andhra Pradesh,Kharif,3.94,607.5,23.0,62.4,6.08,157.8,28.6,101.7,125.2,100.77
Rice,Madhya Pradesh,Kharif,2.52,604.6,27.9,67.5,8.2,142.9,28.8,177.3,106.3,4.68
Potato,Madhya Pradesh,Zaid,2.71,1385.0,26.5,84.9,6.02,178.1,74.0,148.3,232.7,24.57
Pulses,Tamil Nadu,Zaid,4.62,973.1,28.9,75.4,6.49,137.5,71.0,131.5,149.7,1.56
Pulses,Uttar Pradesh,Kharif,1.22,1138.9,22.4,63.8,7.89,146.9,65.4,130.7,183.0,1.8
Cotton,Karnataka,Kharif,2.78,992.5,22.7,67.1,6.42,42.2,73.7,133.2,127.0,2.6
Maize,Punjab,Rabi,6.62,1233.7,28.0,73.9,6.13,214.5,75.4,46.1,119.6,5.3
Pulses,Maharashtra,Zaid,6.95,603.9,22.8,58.0,5.37,103.1,62.5,56.0,187.8,1.52
Rice,Punjab,Zaid,1.41,926.8,36.2,85.8,5.71,161.6,27.0,83.9,149.9,4.14
Sugarcane,Gujarat,Rabi,2.19,899.0,28.2,64.8,6.82,93.0,54.7,132.3,179.0,101.03
Pulses,Madhya Pradesh,Zaid,1.73,864.7,19.8,65.5,6.61,178.1,52.5,115.4,127.7,1.62
Sugarcane,Madhya Pradesh,Zaid,7.6,629.5,30.5,77.3,6.09,141.6,112.1,129.2,112.5,78.2
Pulses,Maharashtra,Rabi,5.22,874.3,27.0,59.9,6.95,121.2,49.8,63.3,90.1,1.73
Maize,Andhra Pradesh,Rabi,6.81,1136.8,30.5,73.1,5.67,58.3,53.1,116.6,94.2,5.23
Maize,Uttar Pradesh,Zaid,6.77,1553.6,33.9,60.0,6.53,102.3,50.7,81.1,159.5,4.97
Sugarcane,Gujarat,Rabi,4.6,1182.1,36.7,88.9,5.99,135.5,23.7,61.6,207.2,95.57
Maize,Punjab,Rabi,6.79,900.0,32.4,76.5,6.75,59.4,73.2,80.8,121.2,5.72
Potato,Punjab,Kharif,1.31,881.5,22.8,88.4,6.54,103.8,15.0,81.4,184.2,29.96
Wheat,Uttar Pradesh,Zaid,1.58,889.0,20.2,83.7,6.29,154.1,54.2,95.9,211.8,4.1
Pulses,Tamil Nadu,Kharif,4.07,756.2,25.7,68.5,7.91,174.1,64.4,87.7,243.3,1.89
Cotton,Madhya Pradesh,Zaid,2.51,994.2,22.2,51.4,6.11,151.6,93.5,145.2,128.2,2.3
Maize,Maharashtra,Rabi,2.82,444.7,19.8,60.1,7.02,134.7,74.4,98.0,117.5,4.72
Pulses,Karnataka,Kharif,1.64,766.4,28.4,64.5,6.32,156.6,69.6,138.1,276.0,1.88
Rice,Andhra Pradesh,Rabi,6.93,826.6,31.1,66.2,6.35,72.2,85.3,94.4,55.8,3.99
Groundnut,Haryana,Rabi,3.71,1185.5,23.8,50.5,5.69,121.3,62.3,78.4,83.2,3.14
Pulses,Andhra Pradesh,Zaid,1.94,1116.6,,67.9,7.21,114.7,54.3,106.6,55.3,1.46
Rice,Maharashtra,Rabi,1.52,1165.6,23.8,77.1,6.96,125.9,41.7,86.7,145.4,3.88
Wheat,Haryana,Rabi,5.59,656.0,31.2,73.1,6.2,197.8,66.4,117.9,97.7,4.69
Wheat,Gujarat,Rabi,5.73,1134.9,32.3,76.0,7.1,149.0,41.7,74.8,184.6,3.77
Potato,Madhya Pradesh,Rabi,3.93,631.3,28.8,65.5,6.73,,44.0,93.3,241.5,29.05
Wheat,Maharashtra,Zaid,6.71,1203.1,23.0,75.8,6.55,95.1,65.4,144.1,83.9,3.7
Wheat,West Bengal,Rabi,4.66,1400.6,29.8,72.3,6.46,122.4,69.6,95.0,105.7,4.29
Groundnut,Gujarat,Kharif,3.28,931.8,21.3,52.6,6.46,88.6,15.0,167.9,166.1,3.15
Groundnut,Madhya Pradesh,Rabi,2.09,544.4,18.8,,7.38,92.1,50.2,99.9,182.4,2.68
Pulses,Uttar Pradesh,Kharif,6.78,,17.9,53.6,7.25,160.8,46.5,159.5,92.0,1.89
Cotton,Punjab,Kharif,11.33,363.4,29.7,67.2,6.05,141.1,31.2,124.3,167.6,2.8
Sugarcane,Punjab,Zaid,5.07,699.4,18.2,58.0,6.5,101.2,16.4,110.7,121.6,
Rice,Tamil Nadu,Kharif,6.26,559.4,33.0,65.6,6.32,150.4,24.0,90.0,173.5,4.83
Wheat,Punjab,Zaid,1.81,1053.0,21.2,92.8,7.78,138.8,33.9,119.4,265.7,4.55
Rice,Gujarat,Zaid,4.93,842.5,28.5,65.2,7.26,143.8,52.0,140.5,221.1,4.49
Rice,Andhra Pradesh,Rabi,6.2,1091.3,25.6,70.6,7.06,106.5,72.4,129.1,161.6,4.47
Wheat,Andhra Pradesh,Rabi,7.81,,32.1,59.7,,133.6,40.4,77.2,98.0,4.47
Rice,Haryana,Kharif,6.49,843.1,23.0,64.0,,177.3,27.3,143.9,229.2,5.03
Rice,West Bengal,Rabi,2.51,1261.7,29.9,76.5,7.15,159.0,46.8,78.0,57.4,4.76
Wheat,West Bengal,Zaid,1.41,736.1,19.9,67.5,6.33,194.2,51.0,97.9,88.2,3.82
Maize,Punjab,Kharif,1.03,1269.6,23.5,59.1,5.85,150.5,62.7,140.1,87.6,5.21
Groundnut,Haryana,Zaid,2.75,1291.7,,82.8,6.82,115.2,47.3,92.4,161.4,2.87
Maize,Tamil Nadu,Rabi,4.69,488.6,22.2,95.0,6.98,165.2,48.5,114.7,102.3,4.6
Pulses,Andhra Pradesh,Zaid,1.01,995.8,23.6,76.9,6.97,90.8,68.4,171.5,97.6,1.55
Maize,Karnataka,Rabi,3.28,,29.7,63.7,5.93,125.7,60.1,126.3,154.5,5.61
Maize,Gujarat,Kharif,5.64,1216.4,34.2,87.1,6.35,184.6,70.4,93.0,165.2,5.12
Groundnut,Uttar Pradesh,Zaid,4.71,1135.8,17.7,72.2,5.54,112.2,75.8,137.3,211.6,2.6
Maize,Karnataka,Kharif,2.04,625.6,20.5,70.6,5.32,199.6,21.2,115.6,73.6,4.54
Potato,Haryana,Rabi,0.87,651.5,22.4,48.5,,122.1,85.8,162.5,20.0,29.08
Groundnut,West Bengal,Zaid,3.71,1029.3,29.1,58.8,5.9,93.3,40.7,132.3,117.8,2.67
Pulses,Andhra Pradesh,Kharif,5.56,740.4,30.1,50.6,8.07,117.5,53.3,106.7,32.2,1.52
Sugarcane,Uttar Pradesh,Rabi,7.29,1462.7,24.1,69.0,7.75,60.4,84.2,81.8,172.5,90.8
Potato,Haryana,Kharif,4.62,898.5,25.2,79.1,7.04,78.7,70.2,112.1,117.4,28.64
Potato,Karnataka,Rabi,2.58,932.8,33.5,56.5,7.34,96.1,42.9,130.4,122.1,26.54
Wheat,Haryana,Zaid,7.81,1258.6,27.4,93.2,7.33,102.4,71.1,72.0,222.2,4.33
Pulses,Uttar Pradesh,Rabi,6.39,514.2,29.4,77.2,8.18,117.4,18.8,63.2,129.6,1.91
Groundnut,West Bengal,Zaid,1.11,514.0,31.4,67.5,6.69,,43.0,99.7,219.1,2.74
Pulses,Maharashtra,Kharif,1.85,753.1,31.6,62.8,6.25,103.3,53.2,68.9,165.3,1.73
Groundnut,Tamil Nadu,Rabi,4.05,1091.5,31.9,58.3,5.6,152.3,42.6,91.5,148.4,2.58
Maize,Tamil Nadu,Rabi,1.38,938.8,21.0,59.1,7.38,40.0,47.5,142.2,131.7,4.52
Groundnut,Madhya Pradesh,Zaid,4.47,1104.7,26.5,73.4,7.19,68.3,58.2,78.9,197.8,2.44
Cotton,Madhya Pradesh,Rabi,10.36,1020.7,21.1,43.4,6.88,118.7,50.7,100.9,187.8,2.43
Maize,Uttar Pradesh,Rabi,4.39,442.7,26.6,58.8,6.22,124.3,60.1,161.2,44.7,5.44
Cotton,West Bengal,Kharif,7.44,927.0,26.2,47.6,6.17,105.1,83.3,121.6,159.5,2.92
Maize,Andhra Pradesh,Kharif,4.35,1198.9,,58.3,6.45,143.7,62.7,71.5,103.3,5.68
Wheat,Uttar Pradesh,Rabi,9.8,366.7,29.0,54.5,5.5,161.1,39.1,53.3,137.4,3.91
Wheat,Maharashtra,Zaid,1.98,863.7,25.6,63.8,5.53,154.8,87.4,141.6,,3.67
Sugarcane,Uttar Pradesh,Kharif,7.73,1239.7,25.5,55.1,6.75,159.2,67.8,74.2,117.0,97.29
Groundnut,Punjab,Kharif,1.81,860.5,28.0,78.1,7.34,94.5,22.3,80.2,201.3,3.01
Rice,Tamil Nadu,Kharif,5.79,250.0,25.0,64.3,7.55,74.7,75.8,44.1,138.7,4.7
Sugarcane,Tamil Nadu,Kharif,5.55,701.9,24.2,91.1,7.41,65.4,68.6,126.6,241.2,108.69
Rice,West Bengal,Kharif,4.22,639.0,26.7,79.4,6.43,136.1,52.5,46.5,243.6,4.8
Potato,West Bengal,Kharif,2.02,675.8,26.7,70.4,7.58,144.6,39.8,78.0,144.1,26.33
Groundnut,Haryana,Rabi,3.35,775.0,28.0,70.6,5.73,172.9,45.4,125.9,211.8,2.97
Maize,Karnataka,Rabi,4.53,1135.4,31.4,43.1,7.85,124.3,46.4,56.5,126.8,4.73
Rice,Gujarat,Kharif,4.26,1050.3,22.4,71.4,6.82,115.5,39.4,163.6,,4.57
Wheat,Maharashtra,Kharif,8.13,1263.3,24.1,63.0,5.95,127.7,76.7,132.9,61.5,3.92
Wheat,Madhya Pradesh,Rabi,1.28,774.4,24.9,74.5,5.9,140.9,67.2,68.1,257.9,4.42
Cotton,Madhya Pradesh,Kharif,3.55,1064.2,24.0,61.3,5.81,79.1,38.4,119.3,75.9,2.31
Potato,West Bengal,Rabi,2.96,694.8,27.9,73.7,6.52,44.0,71.3,90.1,201.7,26.48
Sugarcane,West Bengal,Kharif,8.17,798.9,31.5,58.4,7.63,83.9,32.4,95.4,99.7,97.13
Cotton,Andhra Pradesh,Kharif,9.21,841.3,32.0,52.9,7.06,202.0,72.1,166.6,150.7,2.66
Potato,Madhya Pradesh,Rabi,2.72,549.7,30.4,62.8,6.74,154.6,41.1,125.3,176.9,24.66
Maize,Madhya Pradesh,Kharif,5.86,1191.8,18.2,81.2,7.51,96.8,33.0,42.7,111.6,4.9
Rice,Haryana,Kharif,1.51,970.8,30.3,61.8,5.64,119.4,25.3,39.8,234.1,4.66
Groundnut,Madhya Pradesh,Rabi,3.4,634.8,29.1,55.4,7.19,133.7,28.5,89.0,83.9,2.72
Wheat,Tamil Nadu,Kharif,2.44,780.4,26.3,79.6,6.45,116.9,77.7,119.1,82.7,4.45
Sugarcane,West Bengal,Zaid,5.46,629.8,30.2,69.3,6.67,197.2,70.9,95.3,47.0,80.25
Pulses,Punjab,Rabi,4.82,304.7,20.6,38.6,7.33,147.8,43.6,100.6,139.5,1.93
Sugarcane,West Bengal,Rabi,4.98,250.0,30.1,69.7,5.81,57.8,66.1,117.7,56.3,92.85
Potato,Haryana,Kharif,1.39,578.5,23.5,62.1,6.98,,20.1,88.4,57.2,24.43
Wheat,Haryana,Kharif,9.92,1057.1,25.9,82.3,7.52,107.6,75.5,139.3,137.5,4.87
Sugarcane,Haryana,Rabi,5.38,549.0,25.3,95.0,7.25,166.1,83.0,113.0,158.1,112.05
Wheat,West Bengal,Kharif,9.1,600.6,24.6,65.4,6.29,144.0,78.7,30.0,197.9,4.8
Sugarcane,Maharashtra,Zaid,4.11,694.4,27.0,70.5,6.39,81.1,30.8,31.4,193.4,81.47
Wheat,Andhra Pradesh,Kharif,7.08,1237.8,28.7,63.6,7.35,110.2,46.4,128.5,138.2,4.98
Groundnut,Punjab,Rabi,3.83,592.3,27.3,84.8,6.98,106.1,53.3,127.1,107.2,3.13
Sugarcane,Gujarat,Kharif,7.24,1074.1,32.2,47.0,7.59,112.6,50.6,84.6,72.9,89.74
Groundnut,Maharashtra,Kharif,1.9,470.9,33.0,66.8,8.11,140.2,55.8,64.1,146.8,2.56
Sugarcane,Andhra Pradesh,Kharif,3.13,783.3,26.9,74.2,6.88,166.6,51.1,134.7,43.1,101.21
Groundnut,Karnataka,Zaid,2.86,1231.5,27.4,66.1,6.95,136.7,,45.4,104.8,2.49
Groundnut,Uttar Pradesh,Zaid,5.33,560.6,28.4,56.5,6.06,146.3,65.4,115.0,85.2,2.62
Maize,Haryana,Rabi,2.45,1583.8,30.3,74.9,6.1,112.8,56.2,105.7,135.7,5.03
Groundnut,Gujarat,Kharif,5.23,342.7,26.4,60.2,8.2,78.1,15.0,98.6,109.3,2.65
Maize,Punjab,Kharif,6.87,828.0,25.8,66.4,7.69,102.9,44.6,89.5,186.0,5.49
Wheat,Tamil Nadu,Kharif,7.49,985.6,22.3,85.0,7.08,181.3,91.1,74.4,196.6,4.95
Groundnut,Andhra Pradesh,Kharif,5.41,878.0,29.9,57.1,7.2,106.9,28.7,136.7,154.9,2.95
Rice,Uttar Pradesh,Zaid,5.26,688.0,28.7,72.7,6.2,40.0,65.2,92.7,113.6,3.95
Groundnut,Tamil Nadu,Kharif,4.53,811.8,25.2,70.8,6.56,129.5,45.5,69.8,126.3,3.0
Wheat,Punjab,Zaid,9.3,1031.6,30.4,89.5,6.02,127.8,51.4,113.6,138.6,4.18
Wheat,Uttar Pradesh,Rabi,6.67,887.9,26.6,52.5,7.72,90.4,42.8,78.0,177.7,4.54
Pulses,Karnataka,Kharif,5.41,878.1,27.4,65.1,6.84,169.9,15.4,92.4,118.3,1.79
Potato,Gujarat,Rabi,3.62,961.9,28.2,72.1,5.23,106.2,55.2,59.7,120.5,26.5
Pulses,Uttar Pradesh,Rabi,2.99,963.8,30.8,56.7,7.03,149.8,67.4,103.0,144.6,1.96
Maize,Karnataka,Rabi,3.5,960.2,25.3,82.2,5.93,96.2,100.5,99.0,196.6,5.41
Potato,Haryana,Rabi,1.82,1082.0,26.9,73.3,,85.0,15.0,121.8,112.8,29.42
Sugarcane,Andhra Pradesh,Zaid,5.39,782.6,33.7,75.7,6.19,117.3,33.6,89.6,204.1,88.93
Rice,Haryana,Rabi,1.75,1386.8,32.5,92.7,6.21,122.1,88.1,143.0,158.7,5.05
Cotton,Haryana,Rabi,2.06,634.1,24.3,73.4,6.25,122.9,51.3,101.9,140.0,2.73
Groundnut,Karnataka,Zaid,3.92,971.7,24.5,57.6,6.15,141.0,48.4,97.0,92.3,2.3
Pulses,Madhya Pradesh,Kharif,3.09,250.0,15.0,78.9,6.33,172.0,53.0,71.1,20.0,1.45
Sugarcane,Maharashtra,Rabi,4.86,952.5,22.2,69.8,6.35,157.1,58.9,116.2,208.4,99.13
Potato,Gujarat,Rabi,2.51,456.4,21.8,77.5,7.22,55.6,59.1,40.9,123.4,22.97
Maize,Karnataka,Rabi,2.29,733.0,32.2,82.9,6.84,181.1,72.1,124.3,75.7,4.5
Pulses,Haryana,Kharif,2.29,818.1,29.7,79.9,5.06,128.5,71.8,122.6,166.3,1.66
Pulses,Haryana,Zaid,4.19,574.6,37.1,51.7,5.72,98.7,67.3,134.9,146.1,1.74
Potato,Uttar Pradesh,Zaid,1.76,314.4,28.0,65.4,6.46,125.0,72.0,64.1,161.3,24.61
Pulses,Andhra Pradesh,Kharif,1.47,737.7,23.5,67.5,5.76,130.9,32.0,166.8,157.5,1.73
Rice,Uttar Pradesh,Kharif,3.24,651.7,29.9,69.2,7.58,76.8,57.6,70.6,118.2,4.27
Cotton,Gujarat,Kharif,7.75,488.2,29.7,63.1,6.64,,58.5,100.2,115.4,2.4
Rice,Gujarat,Zaid,7.31,571.9,32.6,47.7,7.34,150.8,58.7,87.7,138.3,3.66
Cotton,Andhra Pradesh,Rabi,6.92,865.7,30.8,68.9,5.52,130.1,59.3,161.4,104.7,2.54
Sugarcane,Madhya Pradesh,Rabi,3.04,689.6,18.8,83.2,6.83,163.5,100.5,51.3,211.5,108.16
Rice,Gujarat,Rabi,6.94,671.6,30.8,70.0,5.26,114.0,78.6,138.2,230.4,4.4
Rice,Karnataka,Kharif,4.33,1283.6,25.3,67.7,7.46,154.5,59.2,30.0,218.4,4.88
Groundnut,West Bengal,Zaid,2.78,963.2,23.6,62.8,6.44,102.0,70.5,136.4,140.0,2.8
Maize,Maharashtra,Zaid,3.18,657.7,21.2,66.6,6.6,119.5,69.4,61.7,192.9,4.77
Pulses,Uttar Pradesh,Kharif,5.67,1188.7,28.9,54.8,6.05,147.4,71.5,104.7,165.9,1.86
Potato,Karnataka,Zaid,1.92,470.7,36.3,64.3,6.21,179.2,54.4,55.0,166.9,23.14
Cotton,Tamil Nadu,Zaid,3.16,715.9,25.0,56.7,5.8,112.9,28.4,128.2,152.6,2.27
Wheat,Haryana,Kharif,5.04,886.1,24.9,67.4,7.56,119.4,74.9,114.4,214.8,4.72
Potato,Andhra Pradesh,Rabi,0.88,1037.5,16.2,86.0,6.12,111.1,75.8,90.7,144.7,26.39
Groundnut,Uttar Pradesh,Zaid,2.48,611.0,22.3,57.5,5.85,145.4,61.0,112.8,124.1,2.63
Potato,Uttar Pradesh,Kharif,3.68,456.4,32.7,50.6,6.01,174.6,48.0,72.8,86.6,25.82
Pulses,Punjab,Kharif,1.76,1181.9,33.3,68.8,6.26,169.0,46.7,95.9,59.7,1.82
Groundnut,Maharashtra,Zaid,5.08,461.0,30.7,46.9,7.46,140.9,49.0,121.6,102.2,2.52
Maize,West Bengal,Rabi,5.46,548.9,29.0,62.3,6.57,165.3,66.2,78.7,130.4,4.86
Maize,Tamil Nadu,Kharif,2.74,688.6,20.0,81.2,6.17,,67.3,115.2,234.4,5.03
Sugarcane,Tamil Nadu,Zaid,2.61,1403.9,21.2,71.3,6.26,77.5,25.9,106.6,,95.37
Cotton,Andhra Pradesh,Kharif,7.86,413.9,27.1,70.0,6.9,,44.7,89.6,211.8,2.52
Groundnut,Punjab,Zaid,3.58,1036.4,30.8,49.4,6.72,99.0,76.7,84.5,90.4,2.67
Potato,Haryana,Rabi,2.58,945.5,22.9,55.4,6.95,122.4,78.2,104.2,57.4,29.14
Pulses,Tamil Nadu,Rabi,5.83,856.5,32.8,73.4,6.12,134.0,41.6,128.6,163.1,1.66
Maize,Uttar Pradesh,Kharif,6.07,494.5,28.8,65.8,6.97,103.4,37.8,64.2,111.6,5.41
Cotton,Maharashtra,Rabi,8.1,1506.5,35.1,52.3,7.84,104.1,49.7,92.2,170.7,2.38
Wheat,Uttar Pradesh,Zaid,6.02,596.4,28.8,72.2,6.62,142.7,34.6,91.8,137.2,4.17
Groundnut,Gujarat,Kharif,1.25,851.9,30.0,62.6,6.69,90.6,58.6,193.1,49.0,2.71
Groundnut,Maharashtra,Rabi,2.27,518.4,15.0,71.2,7.32,128.3,65.8,82.2,244.8,2.68
Wheat,West Bengal,Kharif,2.35,893.1,22.9,71.9,5.94,152.4,54.7,182.8,253.8,4.79
Pulses,Andhra Pradesh,Kharif,1.14,377.4,23.2,77.3,7.18,152.5,69.6,174.1,81.8,1.77
Pulses,Andhra Pradesh,Kharif,2.97,1009.0,16.8,64.5,7.43,127.6,40.9,103.6,196.5,1.73
Maize,West Bengal,Kharif,1.86,674.5,31.0,65.9,6.47,136.9,59.8,71.0,171.8,5.43
Wheat,Gujarat,Zaid,5.22,250.0,27.3,72.0,6.61,104.4,48.8,116.0,46.6,3.51
Groundnut,Haryana,Rabi,3.04,870.2,27.5,92.0,6.42,140.0,46.5,101.2,158.0,3.09
Maize,Madhya Pradesh,Rabi,6.87,1024.2,25.5,84.1,5.73,125.8,70.4,55.9,215.9,4.58
Wheat,Maharashtra,Zaid,5.41,1129.4,30.0,89.3,7.16,122.9,49.8,,131.3,4.01
Potato,Madhya Pradesh,Rabi,3.6,1235.7,30.1,69.0,5.62,165.3,57.8,40.1,77.9,26.43
Pulses,Andhra Pradesh,Kharif,6.24,967.5,,63.1,7.1,189.0,31.4,87.4,209.3,1.78
Pulses,Madhya Pradesh,Kharif,5.27,789.9,22.5,83.2,7.48,160.1,44.7,93.4,36.5,1.57
Wheat,Maharashtra,Rabi,9.23,960.7,25.6,70.9,6.3,191.9,74.5,41.4,109.6,4.61
Pulses,Haryana,Rabi,6.71,1260.4,22.3,67.2,5.84,113.9,50.1,120.7,134.0,1.68
Sugarcane,Karnataka,Zaid,6.95,250.0,25.5,74.1,7.53,133.7,70.7,133.3,268.5,76.29
Maize,Gujarat,Rabi,4.02,627.2,34.6,79.7,5.75,145.1,71.3,30.0,142.5,4.82
Groundnut,Madhya Pradesh,Zaid,3.85,461.3,23.2,50.6,6.45,117.2,42.3,118.4,97.9,2.51
Potato,West Bengal,Rabi,1.41,813.9,26.4,69.4,5.88,135.5,67.2,90.5,85.3,28.17
Maize,Punjab,Zaid,5.24,1151.1,26.8,45.3,7.34,174.4,22.2,92.8,107.3,5.1
Maize,West Bengal,Zaid,2.67,546.3,29.0,82.7,6.88,110.8,36.5,144.4,154.8,4.59
Potato,Karnataka,Kharif,1.3,832.6,31.7,69.5,6.63,163.3,64.3,166.1,89.7,26.27
Cotton,West Bengal,Zaid,9.03,1249.6,19.5,52.8,6.25,,34.1,112.7,52.4,2.37
Wheat,Uttar Pradesh,Zaid,9.35,401.6,21.2,64.1,6.64,84.6,66.0,49.0,137.9,4.42
Rice,Karnataka,Kharif,5.18,603.4,26.8,67.8,6.89,215.7,69.9,63.4,195.7,4.71
Sugarcane,Madhya Pradesh,Kharif,8.0,633.2,21.1,40.0,7.13,135.4,48.5,39.4,60.9,89.06
Sugarcane,Haryana,Rabi,4.55,1168.7,23.9,55.1,6.83,62.3,16.2,57.6,154.1,109.17
Wheat,West Bengal,Rabi,3.7,950.0,28.5,52.8,7.23,94.4,78.4,129.8,108.6,3.98
Cotton,Gujarat,Rabi,6.75,1074.0,25.2,50.3,6.99,208.7,59.6,96.3,57.1,2.53
Cotton,Tamil Nadu,Zaid,9.95,1140.0,28.7,86.0,7.34,93.5,67.5,140.0,176.8,2.48
Pulses,Maharashtra,Zaid,3.17,275.1,25.8,50.6,6.62,194.0,87.0,117.2,171.4,1.64
Cotton,Andhra Pradesh,Kharif,4.75,1223.1,23.5,49.8,7.68,135.0,56.1,56.8,101.0,2.51
Rice,West Bengal,Zaid,7.56,1233.0,26.9,54.8,5.7,135.6,59.2,91.1,163.6,4.13
Sugarcane,Tamil Nadu,Rabi,5.82,793.0,28.8,69.2,7.26,141.3,50.1,107.4,68.2,94.31
Cotton,Maharashtra,Rabi,11.79,1236.2,36.5,72.1,7.84,77.9,41.8,91.3,87.7,2.22
Pulses,Madhya Pradesh,Rabi,6.24,733.5,31.1,,7.15,92.5,38.5,120.0,113.9,1.77
Maize,Madhya Pradesh,Kharif,4.05,816.4,26.1,63.5,6.42,104.0,46.5,89.8,117.8,5.2
Maize,West Bengal,Kharif,3.24,707.1,29.3,82.0,6.64,88.4,87.0,49.6,118.1,5.51
Wheat,Uttar Pradesh,Rabi,5.76,778.3,28.9,59.2,6.09,107.3,16.2,97.9,136.9,4.37
Potato,Tamil Nadu,Zaid,1.38,1171.2,30.1,52.7,6.15,115.8,42.7,117.1,129.6,23.72
Sugarcane,Punjab,Zaid,3.44,550.3,25.4,95.0,7.49,133.7,39.2,107.1,113.2,83.04
Pulses,Tamil Nadu,Kharif,1.3,1119.1,,76.3,7.79,161.6,70.6,150.8,273.1,1.92
Groundnut,Andhra Pradesh,Rabi,4.68,276.4,23.1,73.6,6.74,131.7,24.2,123.7,134.8,2.89
Wheat,Tamil Nadu,Rabi,1.78,1006.2,18.6,70.3,7.92,132.8,61.3,162.7,137.4,4.53
Maize,Gujarat,Kharif,6.06,828.8,30.7,65.9,7.63,74.6,87.9,101.1,73.5,5.01
Groundnut,Madhya Pradesh,Rabi,5.99,1318.3,33.8,54.0,7.38,138.1,54.7,87.9,133.9,2.69
Maize,West Bengal,Zaid,1.83,1060.8,27.2,34.3,6.96,138.9,69.6,96.4,186.4,4.43
Rice,Haryana,Kharif,7.98,843.2,21.2,73.3,7.03,131.4,69.9,135.9,123.6,5.58
Wheat,Gujarat,Kharif,1.56,622.7,31.6,49.9,6.98,205.5,46.8,109.9,114.9,4.49
Rice,Madhya Pradesh,Rabi,1.63,,29.6,62.3,6.52,93.3,52.8,103.4,134.5,4.31
Groundnut,Tamil Nadu,Kharif,1.72,987.9,23.6,77.9,7.09,70.9,69.7,91.4,153.4,3.09
Groundnut,Maharashtra,Rabi,4.91,780.3,30.3,73.2,7.48,163.9,76.1,30.0,108.1,2.54
Groundnut,Haryana,Kharif,1.73,529.5,26.9,66.2,6.75,99.4,57.0,74.6,73.1,3.21
Cotton,Maharashtra,Rabi,11.6,1036.7,22.4,44.2,7.07,126.8,16.1,78.9,181.6,2.33
Cotton,Maharashtra,Zaid,8.35,447.4,26.5,66.1,7.48,62.8,65.4,109.5,53.9,2.13
Groundnut,Karnataka,Rabi,5.03,907.0,17.6,70.9,5.95,83.5,72.7,61.8,143.3,2.73
Pulses,Andhra Pradesh,Rabi,5.23,1070.5,30.3,68.4,7.33,94.9,106.1,30.0,164.3,1.76
Sugarcane,Maharashtra,Zaid,4.15,1135.5,28.3,78.1,7.44,91.2,46.9,174.7,127.4,82.25
Pulses,Andhra Pradesh,Zaid,1.58,,22.3,74.3,6.78,98.1,83.7,120.5,169.8,1.56
Rice,Punjab,Zaid,4.61,1191.7,25.2,79.8,6.71,86.0,30.4,67.3,100.4,4.57
Cotton,Punjab,Rabi,9.01,650.5,18.7,65.2,6.88,77.8,42.3,76.5,159.6,2.59
Wheat,Haryana,Zaid,5.65,906.9,29.9,79.0,6.87,166.5,60.4,130.4,205.3,4.06
Potato,Haryana,Kharif,2.37,958.2,30.3,56.1,6.97,121.8,47.2,102.8,121.4,30.16
Potato,Karnataka,Kharif,2.93,609.9,29.3,81.7,5.5,77.7,74.0,151.1,146.1,26.39
Potato,Tamil Nadu,Zaid,3.35,1012.4,26.4,60.5,7.17,134.3,51.2,90.4,135.2,25.73
Wheat,Punjab,Kharif,5.46,881.8,40.0,51.9,4.92,156.0,63.3,49.8,258.8,4.71
Pulses,Uttar Pradesh,Kharif,4.09,1092.9,25.9,82.0,5.87,118.8,29.9,153.2,162.9,1.95
Sugarcane,Haryana,Rabi,5.29,1262.4,18.9,55.3,6.91,121.6,65.5,138.6,73.8,110.42
Pulses,Tamil Nadu,Kharif,4.42,398.2,23.9,72.8,7.09,40.0,81.6,63.9,125.3,1.77
Groundnut,Punjab,Zaid,5.12,974.1,24.3,,7.59,116.3,59.6,85.5,69.9,2.75
Wheat,Tamil Nadu,Rabi,8.22,620.3,31.4,67.1,6.83,246.1,27.9,173.2,106.2,4.77
Pulses,Uttar Pradesh,Kharif,1.71,486.1,20.1,41.3,7.03,153.9,75.6,93.5,121.0,1.6
Cotton,Andhra Pradesh,Zaid,2.24,839.1,19.3,55.0,6.9,120.2,36.5,87.2,245.1,2.4
Pulses,West Bengal,Rabi,5.07,1035.3,25.4,80.4,6.68,91.8,60.1,40.6,209.9,1.69
Maize,West Bengal,Rabi,2.47,765.9,30.7,63.0,7.41,113.4,83.5,150.5,116.0,5.3
Wheat,Madhya Pradesh,Zaid,3.56,598.1,24.8,85.9,5.64,138.5,91.9,92.9,84.1,3.71
Groundnut,Madhya Pradesh,Rabi,4.66,1185.4,23.5,69.7,6.61,74.6,40.3,68.9,73.4,2.63
Sugarcane,Gujarat,Kharif,3.22,1294.7,17.3,68.4,4.92,128.3,64.6,91.8,240.7,91.75
Groundnut,Haryana,Zaid,4.17,911.7,24.8,87.4,6.23,81.5,24.6,53.6,162.7,2.49
Maize,Karnataka,Zaid,4.59,734.4,23.6,64.2,8.03,137.9,64.9,181.6,207.3,4.67
Groundnut,Tamil Nadu,Zaid,2.35,951.8,27.9,53.6,6.84,182.7,53.9,116.8,135.2,2.55
Cotton,Maharashtra,Zaid,11.36,519.2,26.9,82.7,5.91,94.6,54.7,131.0,23.8,2.34
Pulses,Tamil Nadu,Zaid,2.81,1201.5,27.7,73.9,6.92,97.6,31.3,96.8,218.0,1.55
Groundnut,Karnataka,Zaid,5.78,552.4,29.3,73.4,6.49,102.6,30.5,105.0,174.5,2.43
Cotton,Karnataka,Kharif,10.59,984.1,29.3,80.3,6.73,82.9,65.5,116.0,98.9,2.56
Rice,Maharashtra,Kharif,7.52,424.7,31.1,71.6,6.23,105.5,46.5,80.3,159.3,4.66
Maize,Tamil Nadu,Rabi,2.25,1107.7,26.4,83.2,7.07,130.1,58.6,132.6,163.5,5.31
Rice,Madhya Pradesh,Zaid,6.77,1059.1,26.2,69.1,6.63,88.5,50.3,30.0,162.0,4.24
Sugarcane,Punjab,Kharif,2.92,870.4,25.4,70.5,6.84,179.5,42.4,78.9,245.1,116.35
Maize,West Bengal,Kharif,1.4,763.6,28.1,73.7,6.98,153.6,42.8,74.4,116.0,5.51
Wheat,Karnataka,Zaid,5.28,979.4,34.7,49.1,6.53,137.7,53.8,89.2,202.1,3.84
Maize,Karnataka,Kharif,3.65,969.0,31.3,60.7,8.2,89.7,57.6,83.5,132.7,4.99
Cotton,Tamil Nadu,Zaid,8.18,1197.3,29.6,51.9,7.12,147.5,57.1,115.9,122.8,2.47
Sugarcane,Gujarat,Zaid,2.29,664.0,28.0,,6.31,157.7,75.4,74.3,40.2,93.75
Pulses,Maharashtra,Kharif,1.86,1498.7,24.8,61.8,7.12,100.8,29.9,57.8,260.5,1.64
Cotton,Maharashtra,Rabi,4.31,291.3,35.2,68.4,6.98,121.3,72.1,94.1,162.4,2.49
Groundnut,Punjab,Zaid,3.44,823.1,33.5,62.9,7.69,190.5,56.1,107.1,89.0,2.7
Cotton,Andhra Pradesh,Zaid,3.76,756.4,28.9,89.4,6.91,108.8,63.4,119.3,106.5,2.28
Wheat,Uttar Pradesh,Rabi,5.26,1046.4,25.5,80.1,7.0,137.8,23.9,116.9,116.7,4.42
Sugarcane,Haryana,Zaid,3.34,682.8,26.7,61.9,7.55,217.6,50.3,44.5,175.4,90.68
Potato,Uttar Pradesh,Rabi,3.54,780.9,21.5,58.9,6.21,146.6,31.8,55.9,90.7,24.64
Rice,Uttar Pradesh,Kharif,7.54,974.2,28.8,69.8,6.91,131.7,34.4,110.4,145.0,4.87
Sugarcane,Madhya Pradesh,Rabi,2.61,1069.0,26.4,70.0,7.27,101.1,15.0,154.9,185.8,93.73
Pulses,Gujarat,Rabi,5.83,782.5,37.1,87.3,6.4,203.6,68.9,91.3,63.2,1.62
Groundnut,Tamil Nadu,Kharif,3.81,866.6,22.8,54.7,6.67,153.7,30.8,97.7,194.9,2.69
Wheat,Karnataka,Zaid,2.92,632.4,31.4,86.1,6.89,125.7,78.1,69.0,174.6,3.89
Groundnut,Punjab,Kharif,2.14,,18.0,51.1,8.07,189.1,29.0,139.4,170.8,2.99
Maize,Haryana,Kharif,2.07,874.4,28.3,77.9,7.23,91.2,31.2,81.5,163.3,5.69
Groundnut,Andhra Pradesh,Kharif,1.64,1154.8,35.7,82.9,6.41,152.9,30.2,103.7,90.2,2.54
Wheat,Punjab,Zaid,2.44,880.0,21.7,,6.99,77.9,,105.4,202.8,4.49
Sugarcane,Uttar Pradesh,Zaid,7.81,1237.8,21.0,63.3,6.4,94.0,60.3,80.8,30.2,76.81
Pulses,Gujarat,Rabi,6.48,810.1,25.9,83.1,7.17,149.8,49.8,176.3,20.0,1.8
Potato,Madhya Pradesh,Zaid,1.35,258.0,30.3,53.2,5.93,171.0,43.3,122.5,100.4,22.73
Groundnut,Andhra Pradesh,Zaid,5.41,929.2,40.0,77.2,7.0,132.6,48.5,49.9,252.1,3.15
Cotton,Karnataka,Zaid,9.57,677.0,30.3,73.6,7.54,106.7,59.7,81.2,158.9,2.05
Wheat,Gujarat,Kharif,7.26,496.2,21.9,57.9,8.11,73.7,49.2,67.3,148.9,4.09
Rice,Punjab,Zaid,6.44,457.8,27.3,69.3,6.65,147.4,31.2,80.1,196.2,3.95
Cotton,West Bengal,Kharif,4.55,313.9,19.1,77.4,4.8,148.9,64.5,58.8,129.7,2.62
Wheat,Andhra Pradesh,Zaid,5.89,1222.8,31.9,61.7,6.07,58.9,48.7,120.8,127.3,3.79
Rice,Maharashtra,Zaid,1.34,835.2,24.6,69.4,6.92,135.6,71.6,116.7,121.0,4.23
Sugarcane,Gujarat,Zaid,5.47,385.4,29.3,77.4,7.24,157.5,86.2,40.4,300.0,
Cotton,Haryana,Zaid,5.59,927.1,25.4,59.4,6.98,153.9,52.4,55.0,164.3,2.63
Sugarcane,Maharashtra,Rabi,5.09,460.6,27.5,58.6,7.9,111.3,59.6,97.5,154.4,90.94
Wheat,Karnataka,Zaid,3.28,719.1,25.2,65.8,6.41,40.0,75.3,77.3,147.6,3.72
Rice,Madhya Pradesh,Rabi,5.78,523.3,28.0,88.4,6.23,93.9,40.3,126.2,109.5,4.7
Pulses,Andhra Pradesh,Kharif,5.68,838.9,22.6,81.7,7.16,105.2,52.6,131.9,110.5,1.92
Sugarcane,Gujarat,Kharif,7.37,889.9,23.1,57.5,7.38,134.8,88.6,135.0,160.8,101.92
Groundnut,Punjab,Kharif,3.08,881.3,15.0,58.0,5.87,97.4,113.0,76.6,165.3,3.04
Pulses,Madhya Pradesh,Rabi,1.86,913.6,37.7,61.5,7.13,142.3,43.6,116.2,227.6,1.79
Sugarcane,Punjab,Kharif,4.31,1233.2,20.7,74.8,6.88,124.3,56.8,105.1,150.2,109.9
Potato,West Bengal,Zaid,2.9,1117.1,35.5,68.3,6.59,130.4,25.6,30.0,228.3,24.25
Cotton,Madhya Pradesh,Rabi,10.39,727.1,19.9,67.9,6.9,150.9,23.2,35.1,162.8,2.55
Groundnut,Karnataka,Zaid,4.88,1106.6,31.7,62.0,6.55,207.8,73.1,52.7,116.8,2.43
Cotton,Karnataka,Rabi,11.22,775.8,22.5,63.5,6.72,132.4,61.9,155.1,128.7,2.48
Potato,Maharashtra,Rabi,1.25,1066.6,25.8,48.7,7.21,85.5,32.8,83.2,164.9,23.46
Rice,Punjab,Zaid,6.35,506.6,31.0,68.3,7.27,53.5,69.3,,157.6,4.24
Maize,Tamil Nadu,Kharif,4.76,1000.9,23.0,47.7,6.34,215.4,47.9,92.3,222.0,5.44
Rice,Punjab,Rabi,6.46,1029.4,23.5,57.8,6.89,155.1,57.5,100.6,190.6,4.81
Potato,Karnataka,Rabi,0.94,864.4,27.1,75.0,,96.8,22.2,75.3,40.2,25.1
Wheat,Uttar Pradesh,Kharif,2.13,862.8,23.5,56.7,7.15,138.1,31.8,43.3,21.7,4.35
Potato,Andhra Pradesh,Kharif,3.64,747.8,29.1,67.3,7.2,126.6,49.9,80.5,219.2,28.3
Cotton,Haryana,Rabi,7.19,913.4,38.0,80.6,6.59,175.3,53.7,,172.6,2.78
Wheat,Karnataka,Rabi,4.6,1033.4,24.4,51.0,6.84,171.8,80.4,121.4,138.5,4.13
Wheat,Gujarat,Zaid,1.26,,26.0,54.8,6.19,161.1,50.6,119.0,75.6,3.97
Cotton,Gujarat,Kharif,11.79,385.5,23.0,72.0,7.31,82.8,63.2,170.6,190.8,2.65
Maize,Punjab,Kharif,5.34,819.5,31.3,59.7,6.27,65.8,33.6,100.9,196.9,5.63
Pulses,Gujarat,Rabi,2.9,1037.2,22.8,68.8,7.69,135.6,69.7,220.0,183.4,1.66
Rice,Tamil Nadu,Kharif,1.14,1244.7,27.4,60.6,7.31,96.7,73.8,145.5,107.4,5.06
Potato,Maharashtra,Rabi,0.68,865.7,28.0,52.8,6.78,135.9,85.0,141.4,222.6,28.79
Groundnut,Madhya Pradesh,Kharif,5.21,919.5,27.3,72.5,6.86,119.0,48.4,124.4,138.4,
Pulses,Tamil Nadu,Zaid,4.02,460.0,22.1,63.2,4.8,95.6,58.5,90.6,161.1,1.57
Pulses,Andhra Pradesh,Rabi,4.36,854.7,36.1,95.0,5.54,159.7,74.2,145.1,154.4,1.75
Wheat,Punjab,Kharif,5.33,612.0,25.0,67.1,7.58,119.5,73.1,89.5,166.9,4.78
Rice,Punjab,Zaid,4.25,779.1,17.5,73.4,6.1,156.5,26.6,170.6,234.8,4.76
Rice,Madhya Pradesh,Rabi,6.57,485.4,27.8,79.1,7.39,135.9,63.3,118.3,41.8,4.46
Sugarcane,West Bengal,Zaid,6.2,1033.4,27.9,,6.87,163.0,80.5,78.3,124.2,104.81
Pulses,Haryana,Rabi,3.04,586.8,24.9,82.4,7.51,123.5,54.1,118.5,106.8,1.84
Groundnut,Punjab,Zaid,2.36,1004.4,21.6,60.4,6.1,164.8,48.9,138.4,77.7,3.15
Maize,Madhya Pradesh,Kharif,3.14,1253.5,33.9,76.7,7.3,118.1,,113.6,114.9,5.0
Potato,Andhra Pradesh,Rabi,3.59,361.7,27.9,58.3,7.13,179.8,44.7,83.7,123.9,24.49
Sugarcane,Uttar Pradesh,Zaid,8.48,560.7,,57.7,5.92,128.3,45.1,128.8,115.9,96.8
Cotton,Karnataka,Kharif,11.34,1036.6,21.8,91.6,7.17,44.8,57.3,63.2,226.4,2.57
Maize,Uttar Pradesh,Rabi,3.59,981.8,34.4,64.5,5.51,112.8,83.7,147.0,108.3,5.11
Rice,Andhra Pradesh,Rabi,3.47,744.6,24.1,,7.48,106.0,81.8,146.9,169.5,4.17
Cotton,Tamil Nadu,Kharif,2.34,931.2,16.9,64.5,7.37,149.2,85.6,63.8,162.8,2.44
Maize,Andhra Pradesh,Rabi,4.73,966.2,20.1,72.1,6.78,182.7,81.4,116.2,207.1,5.47
Groundnut,West Bengal,Kharif,5.44,846.9,19.7,73.1,7.3,120.0,67.6,81.8,164.6,2.92
Maize,Andhra Pradesh,Zaid,1.06,425.7,29.1,45.3,6.67,104.5,65.0,116.9,183.0,4.63
Cotton,Punjab,Zaid,7.27,1023.1,32.6,82.6,,53.9,39.3,105.1,109.5,2.5
Pulses,West Bengal,Kharif,4.91,835.5,21.5,92.2,5.98,178.4,19.5,74.5,98.3,1.96
Wheat,Punjab,Rabi,6.21,335.4,30.9,85.8,6.6,138.5,31.8,49.6,127.0,4.45
Rice,Karnataka,Rabi,6.89,1098.6,25.1,67.6,8.2,113.8,43.3,121.0,208.9,4.94
Potato,Karnataka,Zaid,4.46,936.4,33.7,51.4,6.18,106.9,26.1,76.8,136.5,22.59
Groundnut,Andhra Pradesh,Rabi,1.27,745.7,25.6,74.8,6.04,113.8,63.8,112.1,88.5,2.56
Maize,Haryana,Kharif,1.33,297.4,29.0,64.6,6.34,124.3,51.4,154.8,162.3,5.6
Cotton,Karnataka,Zaid,2.15,1014.9,19.4,84.3,6.57,88.5,23.5,151.8,135.8,1.8
Rice,Andhra Pradesh,Kharif,7.36,1111.0,31.7,61.9,7.11,121.8,32.9,161.8,181.6,4.7
Potato,Haryana,Rabi,4.45,1170.1,20.3,67.3,7.3,170.9,44.9,182.2,85.3,29.13
Potato,Tamil Nadu,Kharif,2.83,1202.1,33.6,75.4,7.63,116.9,54.7,40.6,181.6,24.98
Sugarcane,West Bengal,Kharif,3.1,993.6,18.5,53.6,,155.4,71.9,104.9,104.1,102.72
Groundnut,Madhya Pradesh,Zaid,1.13,890.7,26.4,69.7,5.65,125.6,62.8,89.0,185.7,2.47
Wheat,Uttar Pradesh,Rabi,7.32,922.1,31.0,60.8,7.2,82.0,41.6,122.5,20.0,4.8
Potato,Haryana,Rabi,3.3,1359.7,18.9,87.7,7.16,126.4,27.8,101.2,100.7,27.09
Maize,West Bengal,Zaid,6.76,1245.6,25.5,85.2,6.26,174.8,53.5,114.0,198.9,5.05
Pulses,Haryana,Rabi,1.56,736.9,20.0,56.9,5.79,176.7,61.8,93.9,139.9,1.84
Maize,Andhra Pradesh,Zaid,2.41,530.5,16.9,80.6,8.2,97.5,46.8,102.2,92.0,4.02
Wheat,Andhra Pradesh,Rabi,8.07,915.1,32.8,74.7,6.8,147.7,35.5,92.5,59.7,4.22
Potato,Uttar Pradesh,Rabi,2.39,351.6,21.1,64.7,6.36,105.1,40.3,99.5,62.3,26.7
Pulses,Maharashtra,Kharif,2.14,858.8,25.7,72.7,7.12,118.3,50.9,103.2,135.0,1.69
Potato,Maharashtra,Rabi,4.71,649.4,28.3,59.2,6.62,155.5,65.9,81.5,197.2,28.1
Potato,Tamil Nadu,Rabi,3.69,250.0,34.4,62.8,6.37,135.1,19.9,108.6,89.9,25.14
Potato,West Bengal,Kharif,3.08,1581.4,27.4,72.3,8.2,157.3,30.7,30.0,163.5,24.32
Wheat,Andhra Pradesh,Zaid,6.22,830.2,24.5,75.8,7.57,114.0,83.7,101.7,77.1,3.4
Groundnut,Madhya Pradesh,Kharif,3.42,744.7,31.5,76.6,7.08,51.9,40.6,115.9,213.4,2.62
Sugarcane,Haryana,Kharif,4.21,1052.0,26.3,55.5,8.2,99.0,48.5,112.5,124.2,110.45
Pulses,Madhya Pradesh,Rabi,3.65,1020.2,37.5,52.3,7.77,159.0,52.6,103.8,161.8,1.63
Cotton,Gujarat,Zaid,2.36,834.5,26.7,52.1,6.35,125.8,62.6,98.3,252.3,2.22
Groundnut,Haryana,Kharif,1.07,1010.0,25.5,50.2,6.51,88.5,20.8,75.7,123.5,2.77
Sugarcane,Uttar Pradesh,Rabi,1.23,926.8,28.3,92.6,7.06,160.0,59.5,137.4,238.3,106.42
Sugarcane,Maharashtra,Zaid,1.6,729.9,22.8,85.9,6.7,56.6,69.9,71.0,128.2,89.66
Potato,Andhra Pradesh,Rabi,4.49,946.3,33.3,50.9,7.09,148.2,43.1,158.6,183.1,26.75
Wheat,Maharashtra,Kharif,8.8,876.7,24.5,78.4,8.13,77.7,56.9,104.7,234.7,4.36
Sugarcane,Uttar Pradesh,Zaid,7.38,611.6,23.6,73.8,6.52,190.4,43.0,154.5,178.2,97.72
Cotton,Maharashtra,Zaid,6.75,659.1,35.0,63.6,6.52,123.4,25.6,60.3,151.8,2.15
Pulses,Punjab,Zaid,3.94,1099.0,24.7,62.1,6.99,118.6,42.4,119.1,188.5,1.92
Rice,West Bengal,Rabi,2.28,702.0,27.9,88.6,7.29,115.1,59.3,84.9,110.6,4.78
Rice,Maharashtra,Rabi,5.59,609.7,27.3,73.4,5.42,104.3,53.2,55.6,140.9,4.35
Wheat,Karnataka,Zaid,5.14,746.6,36.4,75.4,5.5,127.8,31.7,133.3,114.9,3.79
Cotton,Gujarat,Kharif,11.22,250.0,23.5,56.8,6.06,139.5,65.0,79.4,157.1,2.48
Rice,Punjab,Zaid,4.99,432.6,24.2,67.4,6.66,193.2,61.0,104.5,68.2,3.94
Rice,Uttar Pradesh,Rabi,3.07,1128.9,38.0,70.9,7.22,107.5,65.7,97.6,107.5,4.4
Cotton,Tamil Nadu,Zaid,4.11,1104.6,34.3,58.9,6.5,134.4,62.7,116.8,69.0,2.16
Sugarcane,Punjab,Rabi,1.08,812.1,19.6,69.7,6.03,107.6,110.7,82.3,163.5,112.64
Cotton,Andhra Pradesh,Zaid,2.87,595.1,20.3,76.4,5.71,139.1,61.6,73.3,167.6,2.22
Pulses,Andhra Pradesh,Kharif,2.8,1017.4,26.1,77.2,6.63,40.0,72.8,91.6,122.3,1.8
Sugarcane,Punjab,Rabi,6.41,888.9,25.8,78.9,6.25,172.0,95.2,74.5,173.9,115.58
Sugarcane,Gujarat,Kharif,8.83,748.7,29.8,88.2,5.82,102.6,54.0,142.4,168.1,100.77
Potato,Gujarat,Kharif,1.3,1006.0,23.3,60.7,6.96,143.2,89.2,77.7,107.3,26.71
Cotton,Tamil Nadu,Zaid,10.08,257.5,26.4,69.9,7.7,53.6,56.8,50.9,112.2,2.27
Maize,Uttar Pradesh,Rabi,4.49,,25.1,84.7,7.53,75.8,85.6,46.2,181.0,4.67
Groundnut,Tamil Nadu,Zaid,2.75,964.4,28.2,47.3,6.86,118.7,55.8,56.0,241.8,2.64
Potato,Karnataka,Rabi,1.89,655.4,27.4,62.9,,113.6,51.0,136.1,108.2,23.86
Sugarcane,Maharashtra,Kharif,8.87,1149.4,15.0,66.0,7.45,190.3,86.5,139.4,85.5,96.09
Maize,Karnataka,Zaid,6.03,422.4,21.7,72.0,7.38,152.9,30.5,137.4,59.6,4.36
Pulses,Andhra Pradesh,Zaid,5.56,1017.7,26.3,85.7,5.59,100.1,83.5,138.4,163.2,1.54
Wheat,Tamil Nadu,Kharif,2.63,741.2,28.2,70.3,6.14,171.8,53.3,82.4,176.2,4.79
Potato,Maharashtra,Rabi,3.74,708.6,23.0,64.7,6.94,154.3,22.7,51.2,178.6,24.17
Potato,West Bengal,Rabi,3.9,723.5,26.3,79.4,7.01,114.7,68.7,117.0,154.4,29.48
Maize,Maharashtra,Zaid,5.95,1235.7,34.5,52.6,7.14,103.8,54.2,125.3,189.2,4.6
Maize,Gujarat,Zaid,3.33,1296.0,29.0,47.9,6.75,117.7,50.1,87.2,76.7,4.37
Maize,Karnataka,Kharif,2.59,565.0,27.4,65.0,5.98,116.7,27.1,76.3,136.6,4.49
Potato,Maharashtra,Zaid,4.89,478.7,26.9,63.8,8.2,140.4,23.0,101.2,50.5,22.45
Maize,Madhya Pradesh,Zaid,4.87,724.2,24.6,43.2,6.82,127.4,34.3,121.8,178.1,4.88
Rice,Gujarat,Kharif,1.9,825.9,32.7,64.5,7.38,133.8,29.4,92.5,99.9,4.25
Groundnut,Haryana,Zaid,3.84,949.8,17.3,64.2,6.23,161.4,86.1,60.0,106.2,2.58
Wheat,Uttar Pradesh,Rabi,4.36,797.6,26.0,79.3,7.17,55.0,36.0,120.9,156.0,4.32
Maize,Maharashtra,Zaid,4.68,986.5,29.4,74.0,7.63,117.7,72.8,130.3,222.2,4.38
Pulses,Haryana,Rabi,2.25,703.0,18.0,64.2,6.51,160.3,15.0,94.3,110.8,1.65
Cotton,West Bengal,Zaid,7.29,689.4,24.8,89.4,6.19,163.8,49.6,53.6,170.3,2.28
Sugarcane,Punjab,Kharif,6.27,873.6,27.7,71.3,7.08,149.8,55.3,111.7,164.0,115.48
Cotton,Tamil Nadu,Rabi,11.48,404.9,24.9,65.7,5.76,209.3,76.5,114.2,111.6,2.7
Sugarcane,Madhya Pradesh,Zaid,3.23,655.8,34.7,86.0,7.33,42.4,68.7,103.5,144.1,78.75
Sugarcane,Tamil Nadu,Kharif,3.83,637.7,28.8,72.4,8.03,132.9,69.8,30.0,90.1,79.26
Maize,Maharashtra,Kharif,5.92,1172.4,31.5,72.2,7.24,120.3,75.8,134.3,176.9,4.83
Wheat,West Bengal,Rabi,7.44,821.0,27.1,77.3,6.02,162.1,47.2,125.7,61.0,4.5
Groundnut,Karnataka,Zaid,2.42,841.0,21.5,63.7,5.4,158.5,72.4,66.0,197.4,2.47
Pulses,Maharashtra,Rabi,5.62,556.8,25.7,60.1,6.71,156.1,36.4,141.4,132.9,1.57
Sugarcane,West Bengal,Zaid,8.39,1052.1,30.0,66.7,5.71,82.8,41.8,84.8,68.2,87.38
Sugarcane,West Bengal,Zaid,3.76,819.7,30.0,76.6,6.81,202.9,28.6,145.0,127.1,90.54
Rice,Maharashtra,Rabi,4.53,1533.4,30.2,60.5,6.74,117.4,67.8,124.6,47.0,3.84
Sugarcane,Karnataka,Zaid,6.63,1075.2,25.0,58.1,6.48,125.6,64.2,103.0,147.7,80.3
Wheat,Punjab,Kharif,4.28,800.0,28.9,72.9,8.2,170.4,62.4,150.7,157.1,4.74
Sugarcane,Punjab,Kharif,8.63,778.9,27.9,80.2,6.31,66.2,89.4,77.6,135.0,113.63
Pulses,West Bengal,Kharif,6.5,699.9,32.8,74.4,6.1,128.4,32.5,113.9,62.5,1.65
Sugarcane,Uttar Pradesh,Zaid,2.86,987.4,19.7,62.0,8.1,175.8,45.7,205.1,190.3,95.19
Wheat,Karnataka,Kharif,7.28,655.1,23.9,79.4,7.34,84.4,51.0,77.8,130.2,4.2
Sugarcane,Maharashtra,Zaid,1.75,1357.2,25.2,52.0,7.24,96.4,96.3,101.7,193.4,94.83
Maize,Tamil Nadu,Kharif,3.46,1114.6,28.1,73.8,6.83,152.1,22.5,81.3,50.0,5.28
Rice,Madhya Pradesh,Kharif,5.66,1053.3,22.9,60.0,7.08,81.2,101.9,76.7,23.6,4.38
Rice,Gujarat,Zaid,6.26,743.5,24.2,64.7,8.05,126.8,57.7,118.8,150.3,3.99
Cotton,West Bengal,Rabi,11.66,1341.5,18.1,66.6,5.55,157.4,58.6,156.4,189.4,2.58
Wheat,Haryana,Zaid,5.27,1054.1,25.9,55.3,6.25,138.5,77.5,81.2,190.5,4.52
Rice,Tamil Nadu,Kharif,4.16,654.7,30.7,66.1,6.79,108.1,59.3,126.3,20.0,4.22
Groundnut,Madhya Pradesh,Rabi,5.56,852.0,36.5,69.3,6.69,141.5,69.2,84.4,95.2,2.64
Rice,Andhra Pradesh,Kharif,5.38,893.2,24.9,74.2,6.61,158.6,22.2,122.6,143.4,4.63
Groundnut,West Bengal,Kharif,5.53,853.2,31.6,72.8,5.84,89.1,53.1,112.3,99.0,2.94
Rice,Maharashtra,Kharif,3.02,531.3,32.8,83.7,6.1,170.9,82.5,71.6,112.4,4.69
Pulses,Gujarat,Kharif,2.62,,25.2,75.1,7.36,97.5,35.8,143.8,112.2,1.89
Sugarcane,Tamil Nadu,Kharif,5.37,1256.5,19.9,61.0,7.0,220.2,53.7,123.2,129.7,106.74
Cotton,West Bengal,Rabi,6.12,616.8,28.7,69.8,5.93,124.7,44.3,89.0,198.4,2.63
Rice,Tamil Nadu,Zaid,3.24,1213.9,33.1,63.5,7.09,166.8,44.8,105.1,175.9,4.39
Pulses,Maharashtra,Zaid,3.74,385.9,24.4,66.7,7.16,129.1,78.5,108.4,144.8,1.7
Potato,Madhya Pradesh,Zaid,4.01,624.4,24.0,71.1,5.45,137.4,45.7,38.6,131.6,23.08
Pulses,Madhya Pradesh,Kharif,5.79,1341.3,15.1,32.9,5.82,120.6,42.3,88.5,166.8,1.86
Potato,Karnataka,Kharif,4.92,455.4,23.3,91.4,7.01,133.7,27.1,158.0,220.3,27.75
Wheat,West Bengal,Rabi,6.44,918.2,21.8,95.0,5.53,149.9,78.2,100.4,41.9,4.8
Wheat,Andhra Pradesh,Rabi,4.9,1136.6,26.8,65.6,7.5,40.0,51.0,41.7,111.0,3.81
Cotton,Tamil Nadu,Rabi,3.97,896.7,29.9,94.1,6.57,118.7,71.8,48.0,75.7,2.39
Pulses,Haryana,Zaid,2.83,268.2,26.5,73.8,6.99,120.7,47.6,138.9,124.5,1.64
Pulses,Gujarat,Zaid,1.69,1027.8,27.4,64.0,5.9,135.8,51.7,102.5,159.3,1.54
Potato,Andhra Pradesh,Rabi,2.84,1013.3,23.3,64.5,6.02,122.9,50.8,179.8,215.9,28.58
Wheat,Maharashtra,Rabi,4.96,803.9,29.2,58.4,5.84,121.4,60.3,99.2,253.9,3.92
Sugarcane,Haryana,Zaid,8.3,692.1,40.0,53.6,8.19,133.4,38.3,194.0,156.3,93.2
Maize,West Bengal,Kharif,4.18,864.7,25.8,77.7,6.32,145.2,19.3,76.9,,5.05
Maize,Karnataka,Kharif,6.73,650.4,29.3,71.2,7.0,,63.7,121.0,153.0,5.13
Cotton,Andhra Pradesh,Rabi,3.39,1271.1,26.2,65.6,6.97,95.7,96.7,153.3,31.4,2.42
Sugarcane,Andhra Pradesh,Zaid,7.1,1248.4,32.1,49.6,7.57,135.0,91.9,82.9,164.1,95.54
Wheat,Tamil Nadu,Rabi,4.68,834.8,22.2,61.0,5.67,130.1,53.7,136.0,242.3,4.34
Groundnut,Uttar Pradesh,Kharif,5.54,672.5,22.9,78.5,7.41,123.1,44.9,108.3,168.9,3.03
Wheat,Uttar Pradesh,Kharif,2.05,1013.3,17.9,73.5,7.04,83.8,36.2,82.9,88.5,4.12
Wheat,Madhya Pradesh,Kharif,3.76,626.1,39.0,50.7,6.56,75.7,40.5,81.2,169.2,4.38
Groundnut,Madhya Pradesh,Zaid,3.71,586.5,,72.7,5.64,97.9,50.5,91.0,127.9,2.52
Sugarcane,Haryana,Kharif,8.94,687.0,35.6,63.4,6.64,155.3,38.1,89.7,56.7,96.9
Wheat,West Bengal,Zaid,1.89,1370.0,33.2,66.6,5.97,205.9,28.9,86.5,88.9,3.59
Rice,Madhya Pradesh,Kharif,5.42,1094.2,32.4,67.6,7.04,96.2,49.0,80.1,101.6,4.22
Wheat,Punjab,Rabi,3.82,802.2,20.8,62.5,6.04,140.8,79.5,149.8,133.9,5.16
Maize,West Bengal,Rabi,1.82,1198.0,27.4,76.3,5.35,80.7,58.7,106.9,195.4,4.8
Cotton,Punjab,Rabi,11.89,1218.5,34.4,69.3,6.85,119.5,57.9,135.0,57.8,2.73
Maize,Madhya Pradesh,Rabi,1.81,250.0,35.1,79.7,7.67,119.4,36.0,109.2,200.9,4.34
Wheat,Andhra Pradesh,Zaid,9.32,570.3,30.5,66.4,6.17,164.0,64.4,117.1,220.4,4.15
Rice,Tamil Nadu,Rabi,6.49,678.8,22.8,66.9,5.48,78.3,38.6,76.4,20.0,4.41
Groundnut,Maharashtra,Zaid,4.0,494.6,30.0,74.2,6.31,169.9,59.1,124.2,150.1,2.71
Sugarcane,Maharashtra,Kharif,1.59,948.7,24.3,73.1,7.46,190.9,52.4,110.2,125.0,91.25
Potato,Andhra Pradesh,Kharif,3.13,582.0,35.4,57.0,6.45,158.1,65.4,75.9,205.8,25.88
Rice,Tamil Nadu,Rabi,6.38,992.7,21.4,93.6,7.34,103.7,43.0,93.1,209.5,4.63
Pulses,Madhya Pradesh,Kharif,2.03,579.1,28.3,64.4,5.65,78.2,51.7,100.4,231.8,1.72
Sugarcane,Uttar Pradesh,Rabi,8.12,1396.8,31.8,59.5,6.33,97.9,26.2,124.8,205.9,93.85
Groundnut,Punjab,Zaid,1.08,434.1,30.5,56.6,7.11,111.5,44.7,,256.7,2.88
Potato,Haryana,Zaid,4.84,590.4,19.7,70.0,6.1,132.4,69.1,69.8,56.3,25.46
Groundnut,West Bengal,Kharif,2.85,743.0,16.4,60.9,5.94,152.5,44.9,110.1,41.2,2.93
Rice,Haryana,Rabi,6.01,1166.5,26.4,72.4,5.24,127.3,65.3,,61.7,4.87
Maize,Gujarat,Kharif,5.18,978.2,26.2,65.4,6.29,175.6,51.6,58.2,75.2,5.09
Wheat,Punjab,Zaid,1.04,794.2,32.6,52.9,7.02,122.1,59.8,52.8,105.3,4.26
Potato,Karnataka,Kharif,4.85,1140.5,24.5,67.3,7.55,133.8,51.7,44.5,207.3,25.98
Sugarcane,Punjab,Zaid,1.21,1043.5,36.0,63.4,7.03,96.3,47.7,91.8,112.7,85.44
Sugarcane,Maharashtra,Kharif,3.57,1021.1,28.1,54.9,7.32,160.9,67.2,30.0,107.7,105.25
Wheat,West Bengal,Kharif,6.51,619.7,35.5,77.0,6.14,143.5,46.1,169.0,104.5,4.56
Potato,Madhya Pradesh,Rabi,0.99,364.5,30.4,61.5,6.6,140.9,38.0,94.1,100.5,24.47
Pulses,West Bengal,Kharif,3.97,1063.0,34.4,90.2,6.01,217.4,76.7,108.1,179.6,1.85
Wheat,Uttar Pradesh,Rabi,1.43,779.3,37.4,56.0,6.3,100.6,52.1,111.1,61.2,4.02
Groundnut,Uttar Pradesh,Kharif,5.52,1098.7,27.9,95.0,5.85,115.4,41.1,,196.7,3.2
Pulses,Andhra Pradesh,Rabi,1.65,581.1,22.1,67.7,6.99,94.3,67.9,103.2,123.5,1.73
Cotton,Maharashtra,Kharif,9.59,972.3,30.8,94.6,6.76,161.6,36.3,161.3,30.3,2.53
Groundnut,Haryana,Rabi,4.03,1395.5,20.7,81.4,7.12,155.3,74.3,56.5,68.4,2.71
Maize,Madhya Pradesh,Zaid,4.25,798.5,30.2,74.1,7.04,155.3,23.0,110.5,101.5,3.89
Cotton,Andhra Pradesh,Zaid,8.27,713.3,22.4,66.2,5.75,137.9,39.2,106.0,202.0,2.43
Maize,Maharashtra,Rabi,1.27,537.8,24.9,75.2,6.6,106.8,56.2,112.9,178.0,4.78
Maize,Punjab,Kharif,5.86,587.3,24.7,54.0,5.87,137.4,40.9,143.0,83.9,5.42
Wheat,Maharashtra,Kharif,6.13,1336.0,23.4,88.1,6.62,100.1,46.5,111.1,61.5,3.78
Potato,West Bengal,Rabi,0.51,326.3,31.8,79.1,6.11,114.8,27.2,69.1,173.6,26.15
Rice,Gujarat,Kharif,4.83,980.9,29.3,60.5,6.11,123.4,61.1,179.2,135.8,4.84
Rice,Haryana,Rabi,2.82,663.3,33.0,79.5,5.61,78.5,65.9,171.1,76.9,4.81
Sugarcane,Uttar Pradesh,Rabi,7.98,878.1,27.5,65.8,6.84,159.0,52.0,118.7,168.0,107.37
Rice,Tamil Nadu,Rabi,4.39,924.8,31.4,68.9,6.06,157.0,48.7,98.8,133.0,4.59
Pulses,Madhya Pradesh,Kharif,5.51,632.8,28.3,69.7,7.04,60.9,32.9,162.4,73.0,1.64
Maize,Haryana,Zaid,2.09,867.1,29.8,56.3,5.78,98.7,51.7,103.7,210.6,5.19
Maize,Madhya Pradesh,Zaid,2.59,637.8,30.7,84.0,6.52,108.6,62.7,93.1,108.4,4.05
Maize,West Bengal,Kharif,3.82,955.4,24.6,62.3,7.19,174.6,24.0,104.2,152.6,4.98
Sugarcane,Maharashtra,Zaid,5.53,1277.7,32.6,81.6,6.23,136.4,56.9,33.4,29.9,83.73
Pulses,Maharashtra,Zaid,3.42,892.8,25.7,64.2,6.64,103.9,52.5,89.7,89.9,1.61
Cotton,Haryana,Kharif,5.22,1054.4,28.4,69.8,6.22,178.1,51.5,111.5,85.1,2.91
Maize,Gujarat,Kharif,1.96,817.2,30.3,74.5,5.72,166.0,61.2,111.5,137.5,4.85
Potato,Tamil Nadu,Kharif,0.69,589.6,23.3,90.1,7.15,95.4,62.1,107.8,139.3,26.32
Sugarcane,Uttar Pradesh,Rabi,8.38,1378.9,27.5,48.8,4.8,109.0,21.0,111.3,227.4,103.71
Cotton,Uttar Pradesh,Zaid,3.33,655.8,30.5,79.4,6.52,80.1,21.5,54.5,20.0,2.42
Potato,Gujarat,Rabi,2.87,832.3,36.8,88.1,6.83,99.6,44.8,107.0,183.9,27.12
Cotton,Maharashtra,Zaid,6.08,632.2,19.5,64.9,7.17,131.1,40.5,79.7,144.4,2.11
Wheat,Madhya Pradesh,Zaid,3.03,803.2,37.7,69.8,7.08,146.2,64.1,186.4,152.3,4.12
Wheat,Andhra Pradesh,Kharif,9.6,1025.2,32.9,48.9,6.88,98.6,78.1,126.8,111.0,4.56
Pulses,Andhra Pradesh,Kharif,5.44,1114.3,24.0,56.3,6.71,92.1,62.4,153.1,126.9,1.89
Wheat,Haryana,Rabi,3.55,835.6,24.9,71.0,6.34,148.2,93.4,30.7,206.4,4.97
Groundnut,Andhra Pradesh,Zaid,4.71,616.4,21.0,58.6,7.92,72.0,74.1,121.1,125.8,2.49
Pulses,Tamil Nadu,Rabi,2.62,1006.0,30.2,69.3,6.31,75.5,49.5,132.1,20.0,1.67
Maize,Tamil Nadu,Zaid,5.57,1201.6,34.7,54.1,7.23,165.7,49.2,111.4,224.9,4.86
Pulses,West Bengal,Kharif,6.68,1021.6,24.8,86.1,7.18,137.1,60.7,121.8,87.2,1.81
Pulses,Punjab,Kharif,3.02,871.6,23.0,65.8,6.77,160.3,59.6,37.2,,2.12
Potato,Andhra Pradesh,Kharif,2.09,551.0,25.3,52.6,6.05,174.1,77.7,88.9,177.2,27.96
Sugarcane,Tamil Nadu,Kharif,3.93,1240.6,,64.5,7.38,150.3,43.6,107.0,142.1,103.53
Maize,Haryana,Zaid,1.92,684.5,28.5,83.1,7.33,57.4,55.0,89.9,204.3,4.49
Maize,Haryana,Rabi,5.23,1024.3,25.8,45.0,6.91,140.5,51.8,128.7,77.9,6.03
Sugarcane,Punjab,Rabi,8.69,1047.9,29.3,63.9,7.58,113.6,29.8,68.2,60.5,107.44
Wheat,Punjab,Kharif,3.15,755.0,29.2,66.5,7.2,102.6,55.1,79.9,172.7,4.64
Potato,Maharashtra,Zaid,3.72,610.8,32.9,79.0,7.02,174.7,94.2,156.1,62.1,25.21
Potato,Gujarat,Kharif,2.03,362.7,22.7,56.4,6.99,148.2,56.2,81.1,158.1,26.41
Rice,Tamil Nadu,Zaid,5.78,695.5,30.7,67.1,8.2,56.8,66.6,101.5,61.0,3.89
Maize,Haryana,Kharif,6.69,616.5,23.1,65.3,6.05,138.8,54.6,128.2,187.0,5.51
Pulses,Tamil Nadu,Kharif,2.35,1015.4,25.8,68.4,7.44,200.4,45.4,100.2,178.5,1.8
Cotton,Andhra Pradesh,Kharif,10.97,558.7,28.8,67.1,8.2,160.3,71.6,121.1,139.8,2.4
Rice,Maharashtra,Kharif,7.09,1167.9,34.9,71.9,7.23,97.9,85.9,164.3,184.7,4.27
Pulses,Madhya Pradesh,Kharif,3.58,440.8,19.4,65.9,6.4,145.2,39.0,147.2,198.8,1.87
Rice,Haryana,Zaid,6.67,408.2,32.9,55.2,6.79,98.0,86.3,179.5,,4.75
Groundnut,Haryana,Zaid,5.54,776.1,24.0,77.9,7.26,111.1,47.9,103.1,172.2,2.88
Groundnut,Karnataka,Zaid,1.74,870.0,25.2,69.6,6.43,132.0,75.1,,48.0,2.7
Potato,Gujarat,Zaid,3.17,1139.0,32.5,71.3,6.96,93.8,77.2,39.7,113.7,23.16
Potato,Maharashtra,Kharif,3.24,739.8,32.7,90.7,6.27,145.6,50.4,128.5,,29.47
Cotton,Uttar Pradesh,Kharif,9.86,910.8,27.0,62.5,7.03,113.6,62.8,136.6,210.9,2.96
Pulses,Uttar Pradesh,Zaid,1.91,1659.6,21.2,59.6,7.21,174.9,92.5,140.5,20.0,1.61
Maize,Haryana,Zaid,6.48,718.3,28.9,63.5,5.41,74.2,62.3,140.6,145.0,4.98
Maize,Tamil Nadu,Rabi,5.85,1197.9,27.0,67.9,7.64,137.8,42.8,119.9,162.3,5.16
Maize,Tamil Nadu,Rabi,6.03,379.4,25.6,74.6,7.02,192.4,57.5,103.1,81.1,5.1
Maize,Tamil Nadu,Kharif,1.9,925.8,25.8,49.3,6.62,100.5,65.4,119.6,131.8,5.07
Sugarcane,Punjab,Kharif,4.56,966.6,22.4,68.8,6.79,118.6,47.2,103.1,177.5,112.09
Rice,West Bengal,Zaid,4.9,702.5,24.3,67.7,7.11,118.2,70.9,118.0,202.4,4.1
Wheat,Madhya Pradesh,Kharif,1.26,557.7,35.1,73.6,7.51,126.7,59.2,168.4,73.7,4.25
Pulses,Tamil Nadu,Zaid,1.76,624.4,37.4,72.9,6.84,123.8,56.4,42.1,189.0,1.5
Wheat,Karnataka,Rabi,9.89,802.4,23.0,70.8,7.77,169.8,32.1,114.1,218.8,3.96
Sugarcane,Uttar Pradesh,Kharif,4.2,633.9,38.6,73.8,6.0,152.1,17.3,109.4,217.2,101.74
Maize,Karnataka,Zaid,1.61,647.2,23.0,64.5,7.73,153.9,92.1,57.7,188.5,4.57
Sugarcane,Gujarat,Zaid,6.63,655.8,,76.7,7.14,142.7,36.3,98.0,188.9,101.3
Groundnut,Madhya Pradesh,Kharif,3.0,1430.6,35.1,77.8,4.8,52.6,42.2,82.5,133.5,2.42
Groundnut,Haryana,Rabi,1.79,770.5,18.1,68.6,6.86,90.1,67.2,107.1,136.0,2.97
Groundnut,Tamil Nadu,Rabi,4.21,775.5,33.1,69.2,7.79,133.9,41.4,68.9,121.2,2.75
Groundnut,Madhya Pradesh,Zaid,4.64,1157.5,20.4,60.8,5.81,90.1,,52.2,165.5,2.24
Groundnut,Haryana,Rabi,3.45,1391.3,29.7,76.8,7.2,145.5,53.9,84.3,136.5,3.18
Cotton,Karnataka,Rabi,6.53,889.3,25.0,69.6,6.01,176.6,40.6,67.9,254.5,2.7
Sugarcane,Madhya Pradesh,Zaid,1.5,1213.2,25.7,40.3,6.7,167.3,33.2,107.3,217.0,89.12
Rice,Gujarat,Rabi,5.5,1289.4,28.7,49.5,7.16,168.9,72.9,144.0,124.5,
Sugarcane,Karnataka,Rabi,6.55,,28.6,69.6,6.95,130.4,50.8,71.5,60.0,95.17
Groundnut,Andhra Pradesh,Zaid,2.89,665.2,20.8,47.4,5.03,197.6,53.6,60.2,136.6,2.41
Cotton,West Bengal,Rabi,10.96,1027.6,30.0,59.4,6.86,65.1,74.6,67.3,177.2,2.69
Cotton,Maharashtra,Rabi,11.91,,24.0,79.6,6.83,114.7,54.4,172.4,266.4,2.6
Maize,Uttar Pradesh,Rabi,6.26,775.4,34.0,69.3,6.19,121.1,41.5,53.6,144.5,4.85
Sugarcane,Tamil Nadu,Rabi,8.5,699.7,31.6,66.8,6.33,114.6,90.7,65.8,20.0,89.7
Groundnut,Uttar Pradesh,Kharif,5.05,1041.9,25.2,57.9,6.99,128.6,62.6,57.0,103.8,3.03
Wheat,Madhya Pradesh,Kharif,9.07,1005.9,29.6,59.3,6.94,99.6,67.4,81.7,65.8,4.27
Potato,Maharashtra,Zaid,2.38,1199.7,33.7,42.7,7.29,75.2,67.0,134.4,68.3,21.33
Pulses,Karnataka,Zaid,1.91,807.1,21.1,75.2,7.31,182.5,60.1,138.6,58.4,1.53
Wheat,Gujarat,Rabi,8.11,1245.6,27.6,84.5,7.41,55.0,33.3,167.0,103.7,4.5
Wheat,Uttar Pradesh,Rabi,3.69,592.9,19.7,71.4,5.45,166.2,51.5,83.5,140.4,4.08
Maize,Madhya Pradesh,Zaid,4.34,699.0,21.3,86.8,6.26,81.6,19.6,77.5,131.9,4.53
Maize,West Bengal,Rabi,3.63,1138.6,17.8,95.0,6.79,87.3,67.0,124.6,105.5,5.01
Groundnut,Andhra Pradesh,Kharif,4.07,603.6,25.6,49.7,6.16,81.6,62.6,111.5,58.0,2.88
Groundnut,Uttar Pradesh,Kharif,2.41,710.6,29.1,84.7,8.1,191.9,77.9,154.7,187.6,3.25
Maize,Uttar Pradesh,Rabi,5.32,577.3,25.2,71.2,7.34,90.2,65.7,101.3,213.3,5.82
Wheat,Maharashtra,Rabi,9.47,835.8,20.7,45.9,6.48,151.3,68.1,144.8,276.5,4.29
Potato,West Bengal,Zaid,0.64,1213.0,29.9,63.2,6.59,119.7,46.6,111.3,160.9,28.23
Groundnut,Maharashtra,Kharif,4.49,918.4,25.5,66.1,6.02,,99.4,82.9,138.2,2.77
Wheat,Uttar Pradesh,Zaid,4.75,900.4,,64.9,7.01,101.5,87.5,118.3,41.8,3.87
Rice,West Bengal,Kharif,3.35,702.7,24.3,76.0,7.46,156.5,59.1,88.9,129.1,5.11
Maize,Punjab,Rabi,4.12,748.4,19.5,68.8,6.55,161.0,62.8,81.2,131.0,5.9
Wheat,West Bengal,Kharif,4.26,1360.3,36.6,72.9,7.13,200.1,55.9,76.9,71.5,4.43
Groundnut,Haryana,Kharif,5.25,971.0,26.7,51.6,6.57,114.9,45.0,134.7,169.7,3.06
Groundnut,Uttar Pradesh,Kharif,4.92,1427.5,32.8,77.2,7.9,104.5,26.9,121.0,113.2,2.86
Rice,Uttar Pradesh,Kharif,2.75,747.8,25.6,68.7,,118.3,71.3,71.9,97.4,4.68
Pulses,Maharashtra,Zaid,1.13,979.8,28.5,35.4,7.05,129.9,57.6,51.5,195.3,1.56
Rice,Madhya Pradesh,Rabi,6.81,684.0,30.6,78.0,6.74,225.8,33.4,122.8,82.4,4.05
Groundnut,Andhra Pradesh,Zaid,4.63,338.9,19.7,60.8,6.3,134.3,84.6,83.9,49.7,2.42
Sugarcane,Tamil Nadu,Rabi,1.88,978.0,29.4,78.1,6.15,124.8,15.0,79.3,139.3,102.28
Maize,West Bengal,Kharif,3.68,1135.7,21.2,56.3,5.22,161.2,54.9,78.5,156.2,5.11
Rice,Tamil Nadu,Kharif,2.28,707.6,28.9,83.3,7.45,58.0,48.2,73.2,159.7,4.29
Cotton,Karnataka,Rabi,10.63,1174.7,29.8,69.8,5.61,138.3,29.8,114.0,209.9,2.36
Maize,Maharashtra,Kharif,3.26,973.4,30.6,74.0,7.68,168.9,62.1,138.5,150.0,4.65
Sugarcane,Gujarat,Kharif,2.83,897.1,23.6,35.2,6.23,110.0,21.3,89.5,171.3,97.73
Wheat,Karnataka,Rabi,6.1,,25.4,82.4,7.63,155.8,43.8,78.3,59.2,3.85
Groundnut,Andhra Pradesh,Rabi,4.04,496.5,29.9,80.9,6.81,50.5,69.0,122.4,261.1,2.72
Potato,West Bengal,Rabi,1.95,439.2,30.3,74.5,6.34,134.8,41.2,92.8,144.4,26.48
Cotton,Karnataka,Rabi,7.31,835.6,27.0,43.6,7.64,144.5,63.5,114.5,94.7,2.61
Wheat,Andhra Pradesh,Zaid,6.42,1121.1,28.6,95.0,5.4,150.3,58.0,176.9,125.4,3.91
Wheat,Maharashtra,Kharif,6.27,445.9,29.7,51.2,6.59,91.3,86.3,97.7,191.8,4.21
Maize,Haryana,Rabi,5.76,1060.6,24.4,42.5,7.91,92.5,24.3,107.8,155.1,5.61
Maize,Madhya Pradesh,Zaid,3.07,751.6,30.7,63.5,7.23,83.6,78.6,74.2,117.2,4.9
Rice,Haryana,Zaid,2.86,1259.6,27.7,63.9,5.66,115.7,72.4,135.7,113.5,4.39
Pulses,Andhra Pradesh,Kharif,2.32,1357.1,23.3,72.3,7.19,123.8,48.0,103.6,115.6,1.79
Maize,Punjab,Rabi,3.02,1436.9,19.6,55.4,7.68,179.8,,104.3,109.5,4.72
Rice,Maharashtra,Zaid,4.22,996.3,31.7,54.7,,92.5,23.7,130.6,181.9,4.22
Groundnut,West Bengal,Rabi,1.11,1236.2,21.0,59.0,6.43,57.3,108.5,98.3,86.7,2.73
Wheat,Haryana,Rabi,8.5,1288.3,25.3,69.9,6.6,143.4,27.1,44.2,39.2,4.15
Wheat,Andhra Pradesh,Zaid,3.73,932.8,30.5,76.6,6.78,93.7,56.5,144.4,154.5,3.88
Wheat,Maharashtra,Rabi,2.76,512.1,25.5,67.5,6.7,103.4,94.0,76.0,,4.16
Maize,Gujarat,Rabi,6.41,277.2,23.1,60.7,8.11,102.7,65.6,125.0,162.8,5.58
Cotton,Uttar Pradesh,Zaid,4.23,846.0,31.9,67.5,6.5,154.7,41.6,105.0,238.5,2.54
Wheat,Gujarat,Rabi,1.12,1626.1,27.7,59.6,6.88,196.4,63.6,70.9,149.1,3.97
Rice,Haryana,Kharif,1.16,987.8,30.5,73.4,7.61,115.3,51.3,55.0,53.8,4.95
Wheat,Maharashtra,Rabi,4.13,839.7,17.7,74.6,7.34,152.1,20.2,138.9,55.3,3.99
Potato,Karnataka,Zaid,1.54,557.6,35.1,66.6,7.66,70.8,46.3,110.4,206.7,23.8
Groundnut,Punjab,Kharif,5.79,809.9,37.6,64.9,6.68,103.2,44.5,98.4,119.7,2.88
Pulses,Tamil Nadu,Zaid,5.28,1053.9,29.7,81.0,5.67,157.4,37.4,89.9,90.3,1.61
Rice,Tamil Nadu,Kharif,1.84,907.4,17.6,79.5,6.29,131.6,65.2,98.1,209.4,4.72
Potato,Madhya Pradesh,Zaid,1.02,854.5,23.9,66.2,7.23,232.9,67.5,69.1,111.0,24.33
Maize,Haryana,Rabi,1.61,393.5,32.1,61.2,6.11,173.0,51.8,54.5,110.9,5.1
Sugarcane,Karnataka,Zaid,6.67,250.0,35.9,59.1,5.43,128.5,56.1,,131.9,88.35
Cotton,Maharashtra,Zaid,3.68,366.4,21.8,65.2,5.87,170.2,61.0,91.3,279.7,2.4
Groundnut,Tamil Nadu,Rabi,1.69,1410.4,34.6,72.8,6.21,64.6,75.6,90.3,227.7,2.74
Wheat,Tamil Nadu,Zaid,1.4,534.4,24.3,78.2,6.15,218.3,19.0,128.4,142.8,3.81
Sugarcane,Andhra Pradesh,Kharif,1.8,1174.5,27.7,75.3,7.32,40.0,75.6,76.5,143.5,91.15
Pulses,West Bengal,Zaid,1.62,804.4,19.2,88.3,6.65,133.2,84.2,76.1,144.1,1.51
Pulses,Haryana,Rabi,3.31,1118.1,37.0,64.6,8.08,173.9,46.6,110.7,120.7,1.79
Potato,Uttar Pradesh,Zaid,4.01,926.8,31.7,49.3,6.12,120.9,58.7,32.5,251.8,25.27
Wheat,Gujarat,Zaid,4.27,800.3,28.0,66.5,5.93,143.5,84.0,125.0,169.5,4.05
Cotton,Haryana,Zaid,4.56,788.4,27.1,73.5,5.4,109.4,52.1,111.6,115.2,2.47
Cotton,Gujarat,Zaid,9.55,,25.5,67.5,6.43,147.9,65.6,30.0,180.5,2.34
Pulses,Tamil Nadu,Zaid,3.88,945.0,27.1,47.0,6.89,124.8,31.2,99.3,148.3,1.64
Rice,Karnataka,Kharif,2.91,649.8,29.6,73.7,5.32,58.0,26.2,85.9,154.7,4.24
Wheat,Maharashtra,Kharif,5.83,598.1,27.8,88.3,8.03,55.7,53.1,68.4,140.6,3.63
Cotton,Maharashtra,Zaid,8.79,783.9,29.1,31.5,6.38,210.4,87.4,142.7,202.9,2.61
Pulses,Haryana,Rabi,2.53,705.5,29.1,41.4,7.26,141.5,,140.4,209.1,1.82
Sugarcane,Punjab,Zaid,1.91,907.6,25.7,67.6,6.58,104.7,30.4,90.5,95.5,94.1
Potato,Tamil Nadu,Kharif,3.18,734.1,27.2,82.0,7.17,121.9,57.8,91.6,151.4,27.82
Sugarcane,West Bengal,Kharif,8.36,687.5,31.3,68.0,7.37,93.1,60.8,76.2,213.3,96.15
Cotton,West Bengal,Kharif,7.57,1168.8,29.6,84.2,6.41,122.5,42.7,91.3,136.6,2.48
Rice,Madhya Pradesh,Rabi,1.74,250.0,22.6,58.9,8.03,183.9,45.9,93.6,28.0,4.06
Pulses,Maharashtra,Kharif,5.84,1120.5,20.9,93.0,6.65,76.9,77.2,151.2,103.0,1.74
Maize,Andhra Pradesh,Rabi,4.37,1124.2,31.7,68.0,8.07,99.2,23.7,30.0,145.3,4.55
Potato,Maharashtra,Zaid,1.1,865.5,28.2,54.3,7.11,191.7,85.6,118.7,144.9,24.05
Wheat,Andhra Pradesh,Rabi,4.24,1230.2,31.0,72.0,5.4,172.2,52.5,156.1,57.6,4.24
Pulses,Haryana,Kharif,1.48,815.3,28.9,79.6,6.48,76.9,81.8,98.1,,2.04
Rice,Maharashtra,Zaid,6.76,1326.7,20.5,43.0,6.67,106.2,52.4,61.1,187.3,4.12
Wheat,Andhra Pradesh,Rabi,4.86,550.2,30.0,69.9,7.22,172.2,36.1,45.3,97.2,4.01
Sugarcane,Tamil Nadu,Zaid,2.56,924.6,32.4,78.6,7.05,49.2,24.6,114.1,104.8,89.13
Wheat,Uttar Pradesh,Rabi,2.05,1154.4,31.4,67.8,6.51,117.2,70.0,155.8,63.4,4.52
Pulses,Tamil Nadu,Zaid,5.19,250.0,32.4,64.0,7.99,129.5,75.7,58.1,138.8,1.54
Rice,Karnataka,Zaid,2.19,748.0,37.5,69.9,6.59,175.8,41.0,105.4,83.4,3.83
Wheat,Punjab,Kharif,3.74,732.8,32.4,66.4,7.52,113.3,36.0,150.2,157.8,4.84
Pulses,Karnataka,Kharif,2.26,1229.1,23.1,87.2,6.79,104.2,38.5,95.2,228.6,1.66
Rice,Haryana,Zaid,6.29,672.2,20.8,57.3,5.92,118.5,35.1,170.3,148.3,4.47
Potato,Haryana,Rabi,0.68,839.0,26.7,75.7,6.13,151.6,73.1,106.9,145.7,27.17
Rice,Karnataka,Kharif,4.29,250.0,29.2,58.1,7.29,126.5,30.5,79.2,88.6,4.45
Maize,Punjab,Kharif,5.51,844.3,24.3,47.9,5.63,97.3,64.8,139.3,152.2,5.8
Potato,Maharashtra,Rabi,4.58,828.7,24.4,46.7,5.03,210.7,47.1,95.4,131.6,23.49
Rice,Punjab,Kharif,4.09,1019.7,24.3,75.1,6.37,145.1,65.2,30.0,137.2,5.12
Wheat,Uttar Pradesh,Kharif,4.11,829.4,37.2,58.9,6.94,122.5,59.5,121.1,170.4,4.7
Groundnut,Haryana,Kharif,1.35,1254.8,28.2,71.0,7.05,117.3,34.1,127.5,191.0,3.07
Wheat,Uttar Pradesh,Zaid,1.64,527.6,32.1,74.1,6.39,108.2,60.3,99.9,111.1,3.7
Wheat,Uttar Pradesh,Kharif,4.31,821.7,19.3,41.8,7.59,126.7,57.4,101.0,149.9,4.17
Groundnut,Haryana,Kharif,4.44,,31.4,48.2,7.34,122.6,38.5,95.7,143.3,3.1
Cotton,Maharashtra,Kharif,5.54,884.1,29.8,71.7,6.23,171.5,34.6,100.8,119.8,2.52
Wheat,Punjab,Zaid,7.01,1070.9,28.1,71.7,6.56,133.4,63.3,143.2,89.0,3.99
Wheat,West Bengal,Zaid,8.79,1015.9,31.7,83.2,5.95,213.3,49.7,78.0,268.4,3.83
Wheat,Punjab,Kharif,6.59,1431.1,28.4,74.9,7.11,138.2,65.7,87.4,155.2,4.66
Rice,Uttar Pradesh,Kharif,3.24,1062.9,27.0,79.8,7.2,156.7,82.9,71.0,201.4,5.29
Potato,Andhra Pradesh,Zaid,0.97,395.4,23.8,54.5,5.74,143.8,77.9,114.1,283.1,26.37
Potato,Punjab,Kharif,1.94,822.6,26.9,71.3,6.99,93.2,73.3,113.0,84.8,29.16
Maize,Madhya Pradesh,Kharif,2.63,682.6,19.4,56.4,7.37,130.8,67.7,148.8,131.8,4.71
Sugarcane,Haryana,Rabi,6.15,996.6,34.5,60.2,8.02,182.3,40.0,64.2,123.6,98.51
Groundnut,Maharashtra,Kharif,5.64,858.6,25.8,72.7,6.67,146.6,46.5,93.1,123.4,2.97
Maize,Tamil Nadu,Zaid,6.26,1342.8,24.3,70.7,7.45,112.2,52.3,,123.0,4.71
Wheat,Uttar Pradesh,Kharif,4.78,1225.9,20.4,86.5,6.43,160.4,30.7,119.1,160.5,4.63
Sugarcane,West Bengal,Kharif,7.07,512.0,25.8,71.8,7.26,145.9,53.3,114.0,220.5,102.01
Potato,Punjab,Zaid,1.51,836.7,29.5,61.5,7.03,170.0,33.0,122.7,70.3,24.79
Rice,Karnataka,Kharif,7.53,707.5,23.2,81.2,6.37,156.9,77.6,109.5,134.5,4.69
Wheat,Andhra Pradesh,Rabi,8.51,906.7,20.7,80.3,7.32,90.7,58.3,59.5,121.7,4.45
Cotton,Gujarat,Kharif,8.35,1212.7,19.9,65.8,8.2,94.2,60.2,107.7,188.7,2.5
Maize,Haryana,Rabi,1.96,807.9,,67.4,5.81,76.2,86.5,96.8,159.2,5.17
Rice,Andhra Pradesh,Kharif,7.93,911.4,22.9,66.7,6.52,143.0,50.2,30.0,179.2,4.58
Pulses,Gujarat,Kharif,4.46,954.1,29.0,69.3,7.53,127.9,15.0,146.4,165.2,1.8
Potato,Madhya Pradesh,Kharif,3.57,846.4,26.7,57.8,5.42,149.0,38.4,96.9,101.0,26.84
Pulses,Haryana,Kharif,6.87,875.4,26.5,59.1,7.43,146.6,44.6,51.7,141.7,2.04
Wheat,Andhra Pradesh,Kharif,6.59,1526.5,30.1,86.9,6.31,114.6,78.0,66.1,65.7,4.3
Wheat,Andhra Pradesh,Rabi,4.0,1097.2,24.4,59.1,6.25,116.4,65.7,123.0,202.8,4.45
Groundnut,Punjab,Rabi,1.1,1098.3,20.0,58.9,6.79,142.1,56.3,97.3,89.5,2.99
Potato,Haryana,Rabi,4.52,788.7,30.3,59.9,6.08,173.0,84.7,153.6,91.3,29.63
Sugarcane,West Bengal,Kharif,6.39,630.4,30.2,57.6,6.35,214.3,52.8,88.7,232.6,101.13
Rice,Madhya Pradesh,Rabi,1.32,1047.6,30.2,68.7,5.82,90.3,62.9,76.3,128.5,4.6
Groundnut,Karnataka,Kharif,4.42,1060.7,24.9,70.6,6.32,84.9,32.2,59.9,110.4,2.82
Pulses,Gujarat,Rabi,1.11,1087.8,17.1,88.1,6.94,92.9,65.1,76.6,132.6,1.61
Sugarcane,Madhya Pradesh,Zaid,1.66,1295.6,35.0,54.8,5.49,130.6,89.0,81.6,102.2,75.19
Groundnut,Madhya Pradesh,Rabi,5.3,997.2,28.9,58.5,6.72,175.1,47.7,56.2,138.0,2.83
Pulses,Punjab,Zaid,3.52,631.9,34.6,43.6,6.1,184.8,58.6,66.8,67.7,1.75
Cotton,Madhya Pradesh,Zaid,4.3,710.7,33.5,68.6,6.69,101.9,55.2,95.2,157.6,2.31
Rice,Maharashtra,Kharif,1.45,1140.7,31.9,71.3,7.3,105.0,19.4,47.4,119.1,4.7
Sugarcane,Maharashtra,Kharif,6.41,948.5,33.1,78.5,7.23,107.4,15.0,65.2,155.3,93.24
Wheat,Punjab,Kharif,6.58,779.7,30.3,70.0,7.27,106.1,46.0,169.5,238.2,5.22
Potato,Punjab,Rabi,4.62,898.5,26.9,51.4,7.48,164.0,73.0,97.9,188.3,32.81
Maize,Maharashtra,Zaid,2.48,450.6,28.6,83.4,6.76,103.4,45.1,102.6,123.8,4.59
Maize,Uttar Pradesh,Kharif,2.39,633.5,17.2,79.9,6.84,63.8,37.0,150.1,143.5,4.8
Potato,Uttar Pradesh,Zaid,0.72,940.0,25.2,75.9,6.77,120.4,51.9,113.7,67.5,24.52
Cotton,Tamil Nadu,Rabi,2.53,558.8,33.2,60.3,6.58,85.3,87.3,87.5,64.8,2.52
Pulses,Madhya Pradesh,Rabi,3.01,532.3,23.7,69.1,6.69,65.2,57.1,135.5,121.1,1.72
Groundnut,Andhra Pradesh,Zaid,5.59,1574.3,26.3,43.2,7.66,138.7,59.6,61.9,60.6,2.46
Maize,West Bengal,Zaid,4.02,907.7,28.2,79.0,6.45,167.6,75.3,121.9,135.7,4.7
Sugarcane,Andhra Pradesh,Rabi,5.01,530.4,31.2,71.5,6.39,58.0,84.4,77.4,85.2,95.78
Wheat,Madhya Pradesh,Rabi,3.52,881.3,34.1,71.2,7.25,161.7,64.3,87.6,156.7,4.21
Cotton,Uttar Pradesh,Zaid,5.81,1515.6,23.2,69.8,6.45,94.1,81.4,98.0,53.9,2.28
Groundnut,Madhya Pradesh,Kharif,4.03,651.0,24.3,73.1,6.14,178.8,37.7,116.3,,2.83
Potato,Karnataka,Kharif,2.47,829.5,25.8,52.3,8.2,128.2,34.5,62.0,102.5,26.32
Rice,Karnataka,Kharif,2.09,1363.8,26.4,67.1,6.45,104.2,26.5,128.2,180.3,4.63
Rice,Karnataka,Zaid,5.95,884.6,25.1,65.5,7.7,136.2,65.2,121.2,112.8,4.4
Maize,Maharashtra,Zaid,2.06,1569.1,37.1,66.7,7.46,87.8,81.8,184.7,204.5,4.54
Rice,Tamil Nadu,Kharif,7.98,710.8,28.3,74.6,7.38,172.0,57.2,170.0,124.9,4.77
Wheat,Karnataka,Rabi,4.25,926.5,,46.7,7.41,166.9,108.2,50.0,144.9,4.31
Groundnut,Karnataka,Zaid,2.67,936.3,31.8,67.7,7.32,86.0,59.1,132.9,166.2,2.44
Rice,Andhra Pradesh,Rabi,7.84,524.3,31.2,71.3,5.99,151.3,59.9,89.2,133.5,4.76
Rice,Gujarat,Kharif,3.37,771.0,20.5,54.0,8.09,157.1,54.9,133.8,176.3,4.49
Maize,Tamil Nadu,Zaid,3.54,799.9,24.8,59.8,6.8,156.0,64.7,50.4,51.2,4.83
Pulses,Haryana,Kharif,5.79,717.1,31.7,,6.09,156.4,51.3,67.2,223.3,1.85
Potato,Madhya Pradesh,Kharif,3.73,727.9,23.1,42.1,6.53,139.8,72.8,108.8,233.2,25.75
Pulses,Uttar Pradesh,Rabi,2.66,970.2,25.2,63.2,6.38,88.4,37.6,79.9,170.4,1.87
Rice,Punjab,Kharif,5.06,631.0,29.6,66.9,5.99,154.4,67.5,101.2,146.7,5.6
Sugarcane,Maharashtra,Kharif,8.27,434.2,24.5,65.2,6.33,185.1,23.2,111.5,149.0,96.47
Groundnut,West Bengal,Kharif,2.15,758.9,35.9,77.7,5.54,99.3,91.5,109.0,149.6,2.8
Maize,Karnataka,Kharif,6.96,831.2,23.1,52.9,6.88,127.8,67.0,143.3,86.2,5.44
Potato,West Bengal,Kharif,3.68,1466.4,24.4,61.7,6.91,160.5,27.4,97.2,130.4,28.14
Sugarcane,Madhya Pradesh,Rabi,4.97,1145.5,30.2,65.6,5.77,122.2,61.5,87.5,197.3,100.6
Wheat,Karnataka,Kharif,8.78,1161.5,30.2,72.6,7.32,63.1,47.5,66.5,178.0,4.35
Wheat,Uttar Pradesh,Kharif,9.37,605.6,33.2,84.3,6.37,98.9,60.5,144.7,207.0,4.67
Maize,Madhya Pradesh,Rabi,6.24,680.3,25.3,54.0,6.78,72.8,58.0,107.4,227.0,5.23
Groundnut,Maharashtra,Kharif,1.53,861.7,24.7,64.1,5.42,127.3,63.4,88.1,54.5,2.73
Cotton,Andhra Pradesh,Zaid,6.96,945.8,25.1,82.1,6.32,40.0,45.2,118.9,125.4,2.37
Maize,Tamil Nadu,Rabi,6.36,827.4,25.7,81.9,7.15,146.2,42.2,82.0,39.1,4.74
Pulses,Uttar Pradesh,Rabi,1.85,727.0,27.6,67.0,5.84,40.0,49.8,133.5,142.9,1.9
Maize,Maharashtra,Kharif,5.7,1185.2,19.8,83.1,6.31,173.0,35.4,91.2,159.6,4.72
Pulses,Madhya Pradesh,Zaid,6.93,1357.9,29.2,71.2,5.61,121.6,59.3,123.5,68.6,1.44
Potato,Karnataka,Kharif,3.09,1174.8,24.4,58.5,5.98,196.0,32.2,68.1,219.9,27.53
Potato,Tamil Nadu,Rabi,3.8,616.7,29.3,55.8,7.48,120.0,52.2,130.7,137.0,26.46
Sugarcane,West Bengal,Kharif,8.85,530.1,26.5,59.3,5.44,153.0,55.6,121.6,135.5,94.14
Wheat,Punjab,Rabi,4.34,1440.0,22.0,80.3,5.79,46.1,58.6,121.6,95.2,4.29
Potato,West Bengal,Rabi,1.25,864.5,25.6,53.3,7.71,191.4,41.2,117.3,231.6,27.81
Cotton,West Bengal,Kharif,11.85,773.5,19.6,58.3,6.49,83.3,34.9,116.5,149.8,2.69
Wheat,Maharashtra,Kharif,8.89,1217.0,30.1,60.8,6.01,68.3,54.0,100.0,173.6,4.26
Rice,West Bengal,Rabi,3.95,678.1,27.5,75.5,6.96,55.7,61.0,45.1,115.6,
Cotton,West Bengal,Kharif,9.76,1416.7,33.7,64.8,7.81,44.2,47.8,142.5,156.8,2.83
Rice,West Bengal,Rabi,1.28,1081.9,28.2,61.3,6.96,135.4,37.0,110.7,72.5,4.69
Maize,Andhra Pradesh,Rabi,1.32,1002.8,26.3,69.5,5.34,131.1,51.7,100.2,68.9,4.71
Groundnut,Punjab,Kharif,1.4,1199.4,26.4,56.7,6.5,108.7,96.6,77.1,152.5,3.06
Rice,Haryana,Rabi,3.4,990.8,20.6,84.6,6.31,158.5,76.6,138.3,175.8,4.73
Cotton,Gujarat,Kharif,11.52,945.8,24.9,90.5,7.18,141.9,79.0,68.0,267.4,2.76
Cotton,Punjab,Kharif,9.64,1407.2,29.0,57.5,5.86,47.2,57.9,136.5,31.9,2.59
Cotton,Uttar Pradesh,Rabi,4.25,879.9,25.3,80.9,6.53,183.2,81.4,139.5,121.3,2.84
Sugarcane,Gujarat,Rabi,5.93,574.2,29.2,76.9,5.66,123.7,35.8,,161.5,112.82
Maize,Gujarat,Kharif,5.99,465.1,,,6.86,141.8,62.4,119.9,186.3,4.77
Pulses,Andhra Pradesh,Kharif,6.1,867.9,17.7,74.5,6.18,103.5,80.3,81.1,44.8,1.84
Rice,Tamil Nadu,Kharif,6.12,950.0,24.5,67.7,5.82,174.8,31.0,54.9,98.3,4.76
Sugarcane,Madhya Pradesh,Zaid,2.77,1015.0,22.2,57.8,7.56,126.5,39.2,112.9,154.1,94.37
Wheat,Punjab,Rabi,7.55,873.8,33.1,78.8,6.34,100.9,49.2,138.3,142.2,4.45
Maize,Haryana,Zaid,3.18,836.5,22.0,77.8,6.84,160.3,47.0,160.5,145.5,5.27
Sugarcane,Karnataka,Rabi,1.87,929.0,21.2,60.8,7.11,140.0,52.7,128.6,55.8,93.45
Maize,Karnataka,Rabi,5.06,703.7,19.5,70.3,7.2,117.5,35.3,109.9,168.0,4.94
Rice,Punjab,Rabi,2.12,792.6,39.2,77.6,6.48,117.7,49.3,135.8,23.5,4.56
Groundnut,Haryana,Zaid,4.68,964.5,29.3,90.8,6.48,123.7,60.5,89.1,23.0,2.75
Potato,Karnataka,Kharif,1.9,887.2,23.9,55.7,6.56,73.3,52.4,138.8,101.9,28.75
Pulses,Tamil Nadu,Kharif,4.56,1229.3,18.7,77.5,8.06,191.2,98.5,117.1,162.3,1.77
Rice,Uttar Pradesh,Kharif,1.38,1123.8,20.6,85.4,6.58,132.7,15.0,44.3,113.0,4.78
Groundnut,West Bengal,Rabi,5.73,956.4,33.7,60.6,7.37,214.9,57.2,92.2,211.8,2.91
Cotton,West Bengal,Kharif,7.49,1134.5,35.0,89.9,7.0,149.6,41.3,87.5,105.9,
Wheat,Karnataka,Zaid,6.36,1318.1,29.8,62.5,6.97,125.7,39.5,75.7,203.3,3.61
Cotton,Madhya Pradesh,Rabi,10.05,898.7,22.0,67.3,7.22,40.0,72.6,53.1,239.2,2.67
Sugarcane,Haryana,Zaid,7.37,250.0,19.2,79.6,5.84,113.8,78.9,56.5,130.8,94.17
Sugarcane,West Bengal,Zaid,3.45,730.3,25.9,69.5,6.31,130.5,76.5,143.2,123.1,94.2
Pulses,West Bengal,Zaid,1.26,1105.4,29.3,72.9,7.81,55.7,74.6,87.3,52.9,1.53
Sugarcane,Gujarat,Zaid,1.07,491.9,24.9,62.3,7.17,119.4,52.1,62.7,117.0,81.93
Wheat,Gujarat,Rabi,8.23,250.0,32.1,44.7,6.71,85.3,64.2,96.6,120.0,3.72
Pulses,Gujarat,Zaid,5.41,733.0,22.6,66.0,7.63,122.8,82.7,92.1,83.0,1.59
Potato,Haryana,Rabi,1.3,358.2,23.9,75.6,7.41,200.1,47.4,30.0,,28.4
Cotton,Haryana,Zaid,5.59,1346.8,15.0,67.0,7.06,148.8,55.2,81.1,20.0,2.33
Rice,Tamil Nadu,Zaid,3.81,492.9,26.9,81.8,7.0,124.8,58.0,32.4,199.3,4.25
Maize,West Bengal,Zaid,5.04,652.1,28.3,66.9,8.2,113.1,52.1,108.3,273.3,5.03
Pulses,Tamil Nadu,Rabi,2.6,1064.7,27.3,68.0,6.52,161.6,68.3,152.2,20.0,1.63
Cotton,Maharashtra,Zaid,10.27,829.6,25.3,72.8,6.92,54.4,47.8,42.6,20.0,2.09
Pulses,Haryana,Kharif,1.66,1005.8,33.4,81.6,7.7,144.0,15.0,68.6,283.0,1.88
Rice,Karnataka,Kharif,6.94,937.2,28.3,81.4,6.88,139.0,22.4,110.4,130.1,4.28
Maize,Madhya Pradesh,Zaid,5.32,880.7,17.8,67.2,6.77,160.0,34.9,97.2,81.8,4.64
Sugarcane,Uttar Pradesh,Rabi,3.78,989.7,27.5,55.0,7.13,158.2,35.7,83.5,151.0,102.71
Sugarcane,Gujarat,Kharif,1.49,1059.1,26.5,63.0,5.89,114.0,39.5,57.3,115.8,94.49
Pulses,Maharashtra,Zaid,6.56,725.6,22.5,60.8,7.41,130.8,47.6,83.1,107.6,1.52
Cotton,Maharashtra,Zaid,4.83,1521.2,29.7,72.6,7.12,89.2,31.6,139.5,133.0,2.19
Wheat,Tamil Nadu,Rabi,7.77,1264.3,24.3,67.0,7.09,161.6,66.4,98.7,145.8,4.52
Groundnut,Haryana,Kharif,2.5,515.8,34.4,67.5,6.57,144.2,60.1,95.6,82.3,3.16
Rice,Haryana,Zaid,1.26,1116.2,32.3,71.5,5.64,98.2,47.5,68.9,146.4,4.05
Pulses,Gujarat,Rabi,2.51,425.9,24.8,66.0,6.93,102.5,50.9,124.3,114.9,1.53
Groundnut,Uttar Pradesh,Zaid,5.83,802.6,15.0,67.0,7.33,128.2,36.5,136.4,228.9,2.88
Wheat,Haryana,Zaid,1.35,370.0,23.9,56.6,7.17,135.5,39.0,80.8,83.2,3.62
Rice,Maharashtra,Zaid,5.82,846.6,28.5,56.9,7.78,175.0,45.9,112.5,238.4,4.73
Cotton,Punjab,Rabi,6.68,477.5,15.0,56.4,5.83,109.4,22.3,30.0,209.1,2.8
Sugarcane,Gujarat,Rabi,7.3,882.1,17.8,52.8,6.63,75.9,69.1,86.7,154.4,95.67
Groundnut,Punjab,Rabi,2.06,1132.1,18.0,82.0,6.14,96.3,66.1,88.7,80.0,3.12
Potato,West Bengal,Kharif,4.99,607.6,19.4,72.5,7.12,156.6,73.7,30.0,90.6,25.79
Maize,Madhya Pradesh,Rabi,3.03,703.5,26.1,80.1,7.19,70.5,31.9,145.4,65.5,4.41
Cotton,Tamil Nadu,Kharif,3.16,518.6,27.9,62.9,6.31,129.1,15.0,116.0,125.6,2.8
Sugarcane,Punjab,Kharif,1.51,913.0,26.1,73.2,6.64,128.4,76.6,94.5,164.9,105.12
Rice,Andhra Pradesh,Zaid,5.78,1564.1,17.2,80.4,6.64,66.5,53.5,118.7,93.8,4.39
Pulses,Tamil Nadu,Kharif,2.95,250.0,22.8,67.6,7.23,40.0,63.9,108.8,209.0,1.86
Maize,Madhya Pradesh,Zaid,5.33,814.1,26.1,68.9,6.52,40.0,15.0,117.4,80.2,4.19
Pulses,Gujarat,Rabi,3.24,367.2,23.4,62.5,6.32,55.3,68.7,169.5,142.3,1.59
Maize,Uttar Pradesh,Zaid,1.18,1025.3,35.2,85.5,7.72,,49.4,30.0,129.9,4.48
Maize,Haryana,Zaid,3.35,801.4,30.4,85.1,6.47,166.7,81.9,94.0,86.8,5.02
Wheat,Madhya Pradesh,Zaid,5.96,774.8,22.9,84.9,7.42,170.3,63.5,162.9,140.1,4.24
Rice,Karnataka,Kharif,3.39,725.0,15.4,75.1,7.92,82.2,55.0,101.1,170.9,4.43
Pulses,Tamil Nadu,Kharif,4.02,719.6,28.1,54.7,6.87,171.9,82.5,51.6,153.6,1.78
Maize,Karnataka,Zaid,1.46,818.0,33.4,46.3,6.39,40.0,114.5,137.1,177.2,4.43
Groundnut,Maharashtra,Zaid,2.43,1202.8,30.1,83.5,6.09,116.9,52.5,125.4,189.5,2.23
Cotton,Karnataka,Rabi,11.26,299.8,18.7,49.2,6.6,146.1,40.1,101.3,105.8,2.58
Wheat,Madhya Pradesh,Rabi,5.91,1083.7,26.1,77.2,6.46,75.3,35.0,69.5,77.2,4.26
Potato,Gujarat,Rabi,1.73,828.7,26.6,86.3,5.63,127.9,15.0,126.5,70.5,27.24
Maize,Gujarat,Kharif,5.78,1019.3,17.1,72.6,8.01,113.9,64.1,96.6,177.9,5.5
Rice,Uttar Pradesh,Kharif,7.99,1336.8,26.2,71.5,6.43,92.6,33.2,138.0,143.8,4.74
Maize,West Bengal,Rabi,3.35,823.0,27.1,42.2,7.53,121.6,58.8,89.7,148.1,4.83
Rice,Maharashtra,Kharif,5.31,364.2,23.5,60.4,6.7,,46.6,153.1,187.1,4.43
Groundnut,Tamil Nadu,Kharif,3.19,792.5,36.5,82.1,6.58,186.1,47.2,127.5,192.3,2.71
Rice,West Bengal,Rabi,5.25,1049.2,30.8,73.6,6.95,119.8,72.3,86.4,246.5,5.47
Pulses,Madhya Pradesh,Kharif,1.48,1104.8,30.9,78.6,6.63,40.6,80.0,76.7,102.4,1.77
Cotton,Haryana,Zaid,7.38,,24.9,66.1,6.5,133.9,55.7,119.3,238.2,2.77
Rice,Punjab,Kharif,6.8,942.9,29.9,63.3,5.86,121.9,56.9,177.9,134.3,4.99
Maize,Uttar Pradesh,Rabi,4.78,583.9,31.7,60.4,6.99,166.3,36.9,76.3,143.1,5.2
Wheat,Andhra Pradesh,Kharif,6.1,1581.5,23.8,44.1,6.78,156.2,16.4,83.2,174.6,4.09
Maize,Madhya Pradesh,Kharif,3.54,1153.4,33.4,52.8,7.23,137.5,57.4,86.9,192.6,5.27
Groundnut,Punjab,Kharif,1.53,840.3,24.3,73.7,7.05,193.2,42.5,139.3,209.8,3.26
Sugarcane,Gujarat,Kharif,4.4,468.0,27.0,74.0,7.6,98.5,30.3,175.0,109.3,85.78
Sugarcane,West Bengal,Kharif,4.33,1117.4,34.5,69.5,6.68,113.5,76.4,186.8,249.4,100.48
Pulses,Karnataka,Rabi,4.19,250.0,26.6,67.6,6.31,177.0,80.4,120.6,130.1,1.68
Potato,Maharashtra,Rabi,0.67,773.1,30.5,55.3,6.51,245.6,64.3,181.1,215.6,25.65
Rice,Maharashtra,Zaid,4.47,876.9,28.6,85.2,7.0,123.3,64.1,139.8,109.8,4.01
Potato,West Bengal,Rabi,1.24,923.4,26.8,73.9,5.79,107.5,47.1,107.2,173.3,26.92
Sugarcane,Uttar Pradesh,Zaid,7.35,812.1,35.9,68.3,6.86,167.9,19.9,77.4,197.0,
Rice,Uttar Pradesh,Kharif,4.55,859.5,26.4,63.3,7.16,140.9,70.6,97.3,118.7,5.36
Maize,Haryana,Zaid,2.57,973.2,25.0,66.4,6.52,140.5,,127.9,116.4,4.79
Potato,Uttar Pradesh,Kharif,0.64,862.5,23.2,50.1,7.01,178.5,78.3,132.1,104.6,28.74
Pulses,Maharashtra,Kharif,5.98,390.9,19.9,88.3,6.94,126.0,63.4,103.5,171.3,1.75
Cotton,Haryana,Rabi,6.66,771.3,28.2,50.6,7.82,173.8,60.4,114.2,127.3,2.93
Potato,Tamil Nadu,Kharif,4.19,728.7,30.1,74.1,6.59,85.5,,124.4,95.0,27.5
Maize,Maharashtra,Zaid,1.07,1058.5,15.0,65.8,7.56,84.0,53.3,97.3,242.3,4.75
Cotton,Tamil Nadu,Kharif,2.21,570.6,29.2,,7.18,98.8,46.1,144.8,166.9,
Sugarcane,Gujarat,Zaid,3.11,975.0,27.1,80.4,7.06,119.8,32.8,92.4,113.1,85.74
Cotton,Tamil Nadu,Zaid,4.7,337.0,23.9,95.0,6.57,142.8,73.4,175.9,137.1,2.29
Pulses,Andhra Pradesh,Rabi,2.56,599.3,24.3,57.8,6.02,123.5,87.4,170.8,180.8,1.7
Sugarcane,Tamil Nadu,Zaid,8.73,312.5,29.7,79.0,5.97,151.3,65.3,90.9,126.4,85.98
Cotton,Tamil Nadu,Zaid,9.68,618.4,33.9,71.2,7.01,96.8,42.2,67.5,198.6,2.29
Groundnut,Punjab,Zaid,4.57,766.7,26.7,76.4,6.86,109.7,17.4,62.3,99.3,2.8
Pulses,West Bengal,Kharif,3.29,770.7,26.6,76.7,8.0,158.7,85.0,168.0,172.6,1.8
Potato,Andhra Pradesh,Zaid,3.74,728.0,30.3,77.9,6.46,77.9,61.1,127.9,66.0,25.03
Maize,Karnataka,Rabi,5.92,294.3,23.7,85.7,5.47,68.4,15.0,93.3,118.9,4.54
Rice,West Bengal,Zaid,2.88,821.5,32.4,74.2,7.15,118.6,35.8,168.9,162.5,4.26
Groundnut,Maharashtra,Zaid,4.93,1224.0,27.6,59.3,6.78,109.8,67.4,146.8,155.0,2.42
Maize,Haryana,Zaid,5.5,1359.4,28.1,83.4,6.35,119.1,38.8,153.6,168.3,4.87
Rice,Haryana,Rabi,4.23,658.9,25.3,49.9,6.08,169.1,42.7,121.1,108.5,4.81
Potato,Tamil Nadu,Kharif,1.74,881.9,30.0,67.4,6.9,120.4,47.8,101.3,172.0,25.96
Maize,Punjab,Kharif,4.17,1010.4,30.5,65.0,6.0,127.1,45.1,135.8,108.2,5.93
Rice,Punjab,Rabi,2.33,1188.4,,70.5,6.98,106.4,59.2,118.7,29.7,4.81
Potato,Haryana,Zaid,1.87,409.0,28.7,82.4,5.86,163.1,56.9,88.4,,25.35
Cotton,Madhya Pradesh,Rabi,9.29,520.1,36.7,32.9,6.1,164.4,69.7,53.4,174.8,2.6
Pulses,Madhya Pradesh,Kharif,3.53,900.2,30.4,60.4,7.18,72.4,43.7,128.9,117.6,1.71
Groundnut,Haryana,Zaid,3.98,1194.6,18.9,54.6,6.36,111.6,60.9,117.6,192.3,2.82
Wheat,Tamil Nadu,Kharif,6.46,348.8,27.3,46.4,6.31,108.7,32.2,80.8,195.9,4.33
Sugarcane,Maharashtra,Kharif,4.8,1211.0,25.8,75.0,7.2,40.0,25.6,105.5,108.0,91.71
Potato,Gujarat,Zaid,0.72,789.3,23.6,84.4,8.2,66.8,64.7,62.4,20.0,23.51
Pulses,Uttar Pradesh,Zaid,5.1,717.3,24.5,75.0,6.6,107.3,87.3,97.5,178.8,1.76
Rice,Andhra Pradesh,Zaid,7.26,1025.4,28.9,71.3,5.93,84.3,26.0,108.9,202.4,4.69
Wheat,Maharashtra,Zaid,5.09,433.5,24.0,67.8,6.57,112.2,72.3,93.6,91.9,3.86
Potato,Maharashtra,Zaid,4.15,1017.0,25.8,68.1,8.14,178.7,57.9,157.0,108.0,23.72
Pulses,Tamil Nadu,Zaid,5.51,704.0,37.4,61.5,7.03,109.2,,120.1,158.2,1.61
Sugarcane,Haryana,Zaid,4.03,907.2,25.1,84.9,7.45,137.1,56.4,148.7,175.6,102.33
Cotton,Uttar Pradesh,Zaid,3.09,625.5,22.5,47.8,6.96,192.2,53.4,92.1,217.5,2.45
Pulses,Andhra Pradesh,Zaid,6.09,1157.3,37.5,60.6,5.89,136.7,21.9,57.2,163.9,1.7
Wheat,Maharashtra,Kharif,8.21,989.7,31.4,73.2,,186.4,36.7,73.7,233.8,4.45
Cotton,Madhya Pradesh,Rabi,8.72,1157.8,29.8,65.9,6.13,114.0,28.2,94.0,87.9,2.44
Rice,Madhya Pradesh,Kharif,1.54,840.8,22.1,81.9,6.86,124.0,69.7,123.5,132.3,4.5
Rice,Tamil Nadu,Zaid,4.46,635.0,25.7,53.0,6.72,124.5,56.1,41.7,74.5,3.88
Sugarcane,Maharashtra,Rabi,5.8,761.6,22.3,61.8,6.15,199.6,71.6,75.4,98.5,102.36
Cotton,Karnataka,Rabi,6.0,1205.6,31.6,72.2,6.63,103.1,61.0,62.1,98.4,2.37
Sugarcane,Uttar Pradesh,Zaid,3.24,1098.1,22.7,82.8,6.16,119.9,44.6,152.7,184.9,97.28
Pulses,Madhya Pradesh,Zaid,6.78,945.8,25.2,73.8,6.13,119.6,56.2,52.2,273.5,1.73
Pulses,Madhya Pradesh,Kharif,6.97,778.9,34.2,57.7,7.01,63.7,53.4,153.9,124.6,1.64
Groundnut,Madhya Pradesh,Rabi,2.75,1043.3,32.4,49.5,5.23,102.4,62.2,165.9,78.2,2.66
Pulses,Gujarat,Kharif,6.99,918.9,24.2,63.9,6.96,100.2,69.2,110.3,145.8,1.77
Potato,Gujarat,Zaid,3.65,1307.7,27.7,52.6,5.74,134.7,70.1,105.2,95.6,25.74
Sugarcane,West Bengal,Kharif,6.34,504.5,34.3,60.2,7.67,163.4,86.3,146.3,185.6,103.65
Groundnut,Uttar Pradesh,Rabi,1.13,758.4,32.2,49.1,6.64,147.2,63.5,112.6,255.0,2.88
Cotton,Uttar Pradesh,Kharif,3.02,1062.8,20.1,,,139.5,39.4,37.0,194.5,2.76
Sugarcane,Gujarat,Kharif,4.27,387.8,28.6,43.1,7.78,88.6,39.0,68.8,169.2,82.68
Maize,Punjab,Rabi,2.38,776.5,21.5,83.4,6.55,91.5,34.6,30.0,78.4,5.39
Wheat,Andhra Pradesh,Rabi,5.43,776.6,25.0,85.6,7.37,80.6,77.8,73.4,193.7,4.32
Sugarcane,Madhya Pradesh,Kharif,1.43,763.8,20.2,78.4,6.88,157.1,76.0,188.3,194.5,104.09
Groundnut,Madhya Pradesh,Zaid,5.84,1442.0,22.5,88.1,7.47,112.4,28.5,155.1,121.3,2.57
Sugarcane,Gujarat,Rabi,6.11,381.3,30.1,71.6,6.13,162.5,39.4,46.2,129.1,88.81
Groundnut,Maharashtra,Zaid,2.78,1230.7,31.2,79.0,6.82,64.2,41.0,103.9,,2.65
Cotton,Andhra Pradesh,Rabi,10.03,726.3,24.1,72.7,6.27,112.8,70.1,176.2,147.3,2.51
Wheat,Uttar Pradesh,Rabi,8.2,647.6,20.7,83.0,6.22,78.0,70.6,102.7,160.6,4.2
Rice,Gujarat,Zaid,6.03,859.3,33.5,69.1,7.12,140.9,116.6,120.4,118.6,4.15
Pulses,Punjab,Kharif,2.26,706.0,28.3,57.3,7.17,90.1,61.2,127.1,96.8,2.18
Wheat,Haryana,Kharif,8.53,1167.6,32.0,59.5,5.45,108.1,17.6,113.0,128.7,4.78
Groundnut,Gujarat,Rabi,5.61,830.2,34.8,75.5,7.02,126.0,41.1,96.6,167.0,2.99
Rice,Haryana,Kharif,7.77,863.9,25.6,71.1,6.05,161.2,53.9,97.5,90.9,5.25
Groundnut,Madhya Pradesh,Kharif,2.62,865.9,28.7,62.7,6.63,156.1,42.1,84.9,185.4,3.13
Maize,Maharashtra,Rabi,2.14,573.4,29.5,59.5,7.02,158.9,60.8,78.1,183.7,5.19
Maize,Uttar Pradesh,Zaid,5.89,682.5,27.5,81.3,6.35,,105.2,55.1,106.4,4.51
Potato,Madhya Pradesh,Zaid,3.33,1010.0,22.3,72.5,7.97,131.9,83.0,67.3,195.6,25.07
Wheat,Madhya Pradesh,Zaid,3.37,1032.0,27.8,43.7,7.36,176.9,50.9,108.6,97.6,3.7
Potato,Gujarat,Rabi,1.87,1102.4,23.7,69.8,4.89,123.0,36.1,114.2,219.2,27.36
Cotton,Punjab,Zaid,10.72,1183.5,32.2,83.8,8.0,143.1,73.6,107.4,133.7,2.6
Sugarcane,Punjab,Rabi,8.19,713.9,28.9,90.2,5.86,96.6,94.7,125.6,106.3,104.74
Groundnut,Punjab,Zaid,3.83,874.2,25.6,51.6,7.33,163.9,81.7,67.9,255.1,2.96
Sugarcane,Madhya Pradesh,Zaid,4.35,339.0,35.0,55.7,6.65,136.3,24.5,160.4,68.5,85.36
Potato,Punjab,Zaid,2.24,811.7,19.5,67.5,6.77,107.7,61.5,105.6,140.0,26.14
Cotton,Uttar Pradesh,Rabi,6.93,706.8,18.2,64.0,6.79,123.0,56.5,100.5,108.5,2.44
Wheat,Gujarat,Zaid,3.37,1196.3,23.3,42.0,7.3,95.0,37.4,101.4,109.0,3.85
Sugarcane,Uttar Pradesh,Rabi,2.3,1280.8,17.8,61.2,,89.5,74.4,120.4,76.2,98.27
Cotton,Haryana,Kharif,7.03,924.9,25.7,83.8,7.01,138.6,66.4,118.9,173.2,2.89
Maize,Punjab,Rabi,5.35,902.8,23.5,65.7,6.91,123.3,63.1,75.6,138.8,5.85
Cotton,Tamil Nadu,Rabi,9.86,452.9,34.1,75.6,5.9,95.5,45.9,119.0,106.6,2.53
Groundnut,Punjab,Zaid,2.47,711.1,24.8,67.7,6.69,93.0,50.6,97.8,94.1,2.94
Cotton,Haryana,Kharif,9.64,946.5,20.1,67.4,5.8,196.0,34.2,168.1,75.8,3.22
Groundnut,Gujarat,Kharif,5.91,1173.2,32.2,76.9,6.88,98.4,27.7,96.4,209.9,2.89
Groundnut,Uttar Pradesh,Zaid,1.28,650.5,36.2,72.3,5.54,,47.6,139.4,175.2,2.37
Groundnut,West Bengal,Rabi,2.24,722.5,33.2,70.4,,44.6,15.0,154.1,113.1,2.72
Rice,Andhra Pradesh,Kharif,4.56,435.2,34.5,65.3,5.75,174.0,45.1,137.3,113.8,4.32
Maize,Gujarat,Kharif,6.22,1667.3,28.2,,6.29,163.3,47.9,93.0,222.9,5.42
Cotton,Maharashtra,Zaid,8.93,1304.2,25.0,61.8,6.98,146.1,108.0,149.3,68.4,2.46
Wheat,Gujarat,Kharif,4.8,806.2,29.3,73.7,5.92,142.7,60.5,152.6,259.7,4.88
Potato,Gujarat,Zaid,2.35,635.1,27.5,60.6,8.2,67.3,78.3,71.6,151.9,21.77
Pulses,Haryana,Zaid,6.42,729.5,25.2,83.5,5.95,101.3,53.6,64.6,69.8,1.75
Wheat,Karnataka,Zaid,5.08,875.6,21.3,52.6,6.89,77.5,88.4,75.0,164.1,3.75
Groundnut,Punjab,Kharif,4.89,250.0,26.2,55.8,6.61,95.9,71.0,86.8,199.5,3.48
Pulses,Punjab,Kharif,2.92,,19.2,71.4,6.55,128.5,50.6,85.3,126.6,1.97
Groundnut,Haryana,Zaid,3.48,890.6,26.1,73.8,6.25,47.6,56.4,115.5,136.3,2.61
Sugarcane,Uttar Pradesh,Kharif,5.09,734.9,28.4,60.6,6.86,175.6,45.3,69.0,96.9,105.88
Pulses,Tamil Nadu,Kharif,2.66,1576.4,31.1,72.6,6.29,112.7,56.3,70.7,221.7,1.72
Wheat,Andhra Pradesh,Rabi,6.42,250.0,26.6,57.6,5.83,130.7,31.6,115.9,123.0,4.17
Pulses,Gujarat,Rabi,6.08,606.2,28.9,75.3,7.16,113.2,45.4,105.5,217.2,1.7
Groundnut,Haryana,Rabi,4.99,828.4,27.3,53.3,8.12,101.8,19.4,65.8,178.7,3.05
Rice,Punjab,Rabi,7.76,846.8,32.2,70.1,5.42,127.1,39.2,137.2,132.8,5.11
Groundnut,Madhya Pradesh,Kharif,1.13,367.0,28.6,80.5,6.69,142.1,35.0,121.0,166.7,2.91
Groundnut,West Bengal,Zaid,1.68,996.7,25.4,36.7,7.58,197.9,45.4,135.8,185.3,2.62
Groundnut,Tamil Nadu,Kharif,1.85,688.6,26.0,67.9,6.63,58.8,77.3,62.9,69.0,2.76
Rice,Karnataka,Rabi,3.82,1495.9,37.1,70.4,6.24,76.4,38.0,105.2,80.8,3.92
Potato,Maharashtra,Kharif,3.87,670.0,19.2,53.3,6.45,94.4,73.1,146.2,118.7,27.49
Rice,Gujarat,Zaid,1.24,1143.1,29.9,74.6,7.34,172.6,45.9,135.1,62.2,4.22
Maize,Punjab,Kharif,2.04,631.8,24.6,86.4,5.08,160.2,46.8,137.5,140.5,5.58
Cotton,Maharashtra,Kharif,11.97,1428.4,30.0,64.0,7.88,,40.5,126.1,176.8,2.33
Sugarcane,Punjab,Rabi,8.35,783.2,15.6,80.0,6.15,109.9,55.8,45.6,71.9,105.27
Potato,Maharashtra,Kharif,2.36,608.1,34.2,69.9,6.66,141.7,46.8,64.1,166.9,24.78
Sugarcane,Maharashtra,Zaid,7.7,884.0,24.2,64.8,6.69,67.4,58.7,77.0,136.4,87.35
Groundnut,Uttar Pradesh,Kharif,4.78,463.0,26.2,87.8,7.71,87.8,51.4,80.9,158.0,2.87
Maize,Karnataka,Zaid,6.04,1068.5,32.4,80.1,5.9,65.6,27.6,154.1,216.3,4.74
Cotton,West Bengal,Rabi,6.9,1211.2,32.7,61.9,6.02,91.6,61.3,108.1,145.2,2.81
Maize,Tamil Nadu,Kharif,3.86,1055.9,29.1,73.5,5.85,147.2,97.3,75.4,172.8,5.13
Cotton,Karnataka,Rabi,8.0,1262.7,31.0,80.5,5.79,170.9,47.7,142.8,20.0,2.19
Wheat,Andhra Pradesh,Rabi,9.39,749.6,28.9,70.6,6.11,109.5,44.5,78.9,152.2,4.26
Pulses,Madhya Pradesh,Zaid,1.71,1059.6,25.8,70.9,6.74,99.9,43.2,,131.7,1.53
Cotton,Andhra Pradesh,Zaid,11.54,439.9,22.2,51.5,5.93,146.5,46.9,125.8,129.4,2.44
Maize,Haryana,Rabi,2.14,961.8,15.0,74.5,6.82,114.6,21.2,170.1,180.8,5.55
Wheat,Maharashtra,Zaid,8.74,614.3,21.3,85.8,4.8,141.6,71.9,61.8,143.4,3.63
Sugarcane,Madhya Pradesh,Rabi,7.84,1037.8,25.2,72.7,6.92,157.4,53.6,90.4,198.6,104.18
Wheat,Karnataka,Kharif,2.46,1296.5,22.0,60.4,7.41,126.7,20.4,48.9,114.3,3.65
Pulses,Andhra Pradesh,Zaid,5.61,1127.5,34.3,57.8,8.16,86.3,22.6,77.3,152.5,1.67
Potato,Tamil Nadu,Kharif,2.52,1075.4,29.7,55.7,6.57,178.3,35.4,79.9,165.5,27.08
Sugarcane,Haryana,Kharif,1.02,620.8,27.5,59.0,7.2,192.8,32.9,96.7,220.0,109.03
Cotton,Tamil Nadu,Zaid,10.12,1141.1,34.6,70.0,7.25,147.4,59.1,123.4,110.9,2.38
Cotton,Madhya Pradesh,Rabi,8.72,1257.8,30.0,81.1,7.57,186.7,71.8,93.4,153.4,2.4
Wheat,Tamil Nadu,Zaid,8.88,927.3,27.3,69.6,8.0,94.6,69.7,134.0,140.5,4.16
Wheat,Karnataka,Zaid,3.77,1030.3,24.4,79.1,8.2,172.7,42.7,62.9,69.8,3.63
Maize,Karnataka,Zaid,3.11,468.0,30.2,63.6,6.45,95.4,59.3,157.3,42.2,4.32
Wheat,West Bengal,Rabi,6.01,1197.4,27.1,68.4,7.28,103.1,64.7,159.1,102.6,4.12
Maize,Karnataka,Kharif,4.76,438.7,32.0,58.2,7.25,97.5,61.0,,221.1,5.19
Cotton,Maharashtra,Kharif,3.96,250.0,26.8,73.9,6.1,120.3,70.7,95.6,146.0,2.59
Cotton,Andhra Pradesh,Zaid,10.87,1133.2,26.9,58.3,6.84,157.4,84.1,109.9,90.5,2.43
Sugarcane,Tamil Nadu,Zaid,1.27,776.0,21.3,63.0,5.82,122.0,70.3,171.0,171.9,98.66
Groundnut,Punjab,Kharif,1.35,723.1,26.0,78.2,6.04,119.8,41.8,151.7,143.4,3.26
Cotton,Madhya Pradesh,Rabi,11.55,557.9,23.3,48.3,7.3,144.3,55.8,110.9,273.8,2.86
Wheat,Karnataka,Kharif,4.65,1040.3,23.3,75.1,7.27,61.7,44.6,133.3,83.2,4.1
Rice,Uttar Pradesh,Zaid,1.81,601.0,21.3,59.7,7.64,71.7,100.2,102.9,160.8,4.16
Maize,Maharashtra,Zaid,5.11,593.3,25.8,77.2,6.86,82.2,86.0,62.9,139.0,4.49
Maize,Tamil Nadu,Zaid,2.43,715.9,25.5,71.0,6.44,151.4,67.8,95.6,270.4,4.79
Pulses,Andhra Pradesh,Rabi,2.21,1281.2,24.7,54.6,7.87,151.2,65.3,103.2,88.6,1.75
Sugarcane,Haryana,Kharif,8.34,291.7,30.6,70.6,7.01,125.9,33.4,186.2,155.0,112.94
Potato,Tamil Nadu,Kharif,0.51,1343.5,31.4,82.6,5.63,116.8,45.3,170.1,221.0,27.28
Pulses,Madhya Pradesh,Kharif,4.04,610.0,31.0,66.7,7.34,133.0,75.4,118.0,60.4,1.77
Potato,Maharashtra,Rabi,4.22,1237.8,25.0,71.2,6.33,119.1,15.0,55.4,158.9,25.69
Rice,West Bengal,Kharif,1.2,1263.5,21.6,71.0,6.74,127.2,56.1,55.6,146.4,4.7
Pulses,West Bengal,Zaid,6.19,363.1,19.7,62.3,7.23,105.4,56.7,91.5,161.9,1.61
Sugarcane,Punjab,Zaid,8.25,1260.4,31.6,58.5,7.15,133.0,78.7,40.2,108.0,83.92
Sugarcane,West Bengal,Zaid,4.51,969.5,33.6,56.1,7.67,93.9,83.3,126.2,86.2,94.08
Maize,Tamil Nadu,Rabi,6.68,416.3,30.5,55.8,7.88,115.9,66.5,116.8,118.7,4.97
Maize,Andhra Pradesh,Rabi,5.1,1194.7,27.1,71.2,7.08,110.2,71.2,100.3,229.3,5.51
Potato,Madhya Pradesh,Rabi,1.59,253.6,19.1,74.3,7.12,129.1,62.1,44.1,129.1,26.25
Groundnut,Haryana,Rabi,1.7,1603.2,34.8,62.6,5.95,143.2,64.4,137.9,124.5,2.66
Cotton,Uttar Pradesh,Zaid,10.35,608.7,27.1,60.0,7.28,167.9,76.7,149.5,107.5,2.28
Groundnut,Haryana,Kharif,1.03,933.6,29.6,76.1,5.77,161.8,82.0,,103.3,3.24
Maize,Gujarat,Kharif,4.82,1002.1,25.7,70.4,7.97,117.1,65.5,77.7,130.9,5.18
Wheat,Tamil Nadu,Kharif,1.5,689.8,33.5,63.5,6.89,134.0,31.9,62.6,,4.01
Sugarcane,Uttar Pradesh,Zaid,8.36,939.4,29.1,71.2,6.75,43.0,45.6,40.4,254.1,92.6
Rice,Andhra Pradesh,Zaid,4.3,1160.6,22.1,60.9,8.2,105.7,73.3,106.7,125.5,4.12
Maize,Madhya Pradesh,Kharif,2.89,1400.0,25.9,70.8,7.03,177.4,40.1,143.8,129.5,4.7
Potato,Gujarat,Kharif,1.93,936.4,27.6,64.7,7.96,193.2,65.3,113.6,161.5,26.83
Pulses,Karnataka,Rabi,4.71,899.4,20.5,79.1,6.24,228.7,101.5,98.9,153.2,1.8
Groundnut,Punjab,Kharif,4.32,816.9,30.1,80.3,6.87,86.8,42.3,100.2,,3.26
Maize,Tamil Nadu,Kharif,2.18,1485.3,18.9,71.4,8.2,157.5,76.6,94.1,97.0,5.0
Cotton,Gujarat,Zaid,3.5,1051.1,28.3,63.5,7.13,161.5,31.4,106.6,205.1,2.42
Groundnut,Karnataka,Zaid,1.21,1208.5,30.4,63.3,6.91,79.3,23.5,124.4,117.9,2.59
Wheat,Karnataka,Kharif,6.71,462.5,28.0,41.4,7.22,109.5,15.0,125.8,110.9,4.06
Maize,Punjab,Kharif,3.94,871.0,25.9,72.4,6.2,98.2,15.0,117.1,168.8,5.41
Maize,Uttar Pradesh,Zaid,3.27,1339.4,23.4,73.7,5.63,40.0,90.0,143.9,186.2,4.75
Groundnut,Uttar Pradesh,Kharif,2.58,519.2,24.5,95.0,7.24,144.9,31.2,85.3,108.4,2.71
Rice,Uttar Pradesh,Zaid,4.69,1325.1,25.6,70.3,6.3,76.9,44.6,119.7,86.8,4.2
Cotton,Madhya Pradesh,Kharif,7.95,1156.1,,69.9,8.2,137.8,41.5,69.2,189.4,2.64
Maize,West Bengal,Rabi,1.36,643.1,19.2,82.6,8.05,200.3,61.6,84.7,182.1,5.08
Pulses,Uttar Pradesh,Zaid,4.84,691.2,15.4,52.4,,154.4,15.0,94.2,193.1,1.69
Rice,West Bengal,Rabi,3.1,1156.9,27.4,60.3,6.82,149.5,49.9,104.9,161.0,4.85
Maize,Tamil Nadu,Rabi,2.65,275.2,39.8,66.8,7.15,121.0,58.8,30.0,164.9,4.7
Rice,Tamil Nadu,Rabi,3.4,721.3,20.9,42.7,6.14,125.8,16.8,,198.3,4.81
Sugarcane,Tamil Nadu,Zaid,4.45,,25.8,66.5,6.84,160.5,42.7,65.9,189.6,89.87
Sugarcane,Uttar Pradesh,Zaid,4.67,991.1,23.8,39.0,5.72,175.7,71.2,151.0,178.1,85.45
Maize,West Bengal,Rabi,2.85,698.2,28.5,70.2,6.22,43.7,95.3,114.9,174.9,5.18
Pulses,West Bengal,Zaid,2.16,549.6,29.4,68.5,7.28,126.7,93.8,181.6,196.1,1.68
Cotton,Madhya Pradesh,Rabi,8.71,667.9,33.9,70.7,7.34,121.3,36.2,149.1,101.4,2.34
Maize,Haryana,Zaid,2.11,934.0,35.0,79.3,7.25,82.7,66.4,98.8,132.8,5.14
Cotton,Tamil Nadu,Zaid,9.19,859.4,22.0,70.0,6.06,150.5,84.1,156.9,203.7,2.57
Wheat,Tamil Nadu,Rabi,7.94,925.3,33.0,61.5,6.45,215.5,76.7,82.4,25.6,4.11
Rice,Andhra Pradesh,Rabi,1.26,899.8,32.1,67.8,6.38,140.8,34.0,45.9,102.6,5.04
Pulses,Uttar Pradesh,Kharif,5.55,852.6,34.7,61.3,7.27,79.8,81.5,112.2,145.6,1.98
Cotton,Madhya Pradesh,Rabi,11.29,1309.5,21.2,61.1,4.8,193.3,61.3,142.6,208.3,2.39
Maize,Tamil Nadu,Zaid,6.32,775.1,36.5,71.9,6.49,152.9,59.8,143.8,120.5,4.6
Groundnut,Andhra Pradesh,Kharif,5.15,882.7,25.1,53.1,7.12,152.9,58.7,103.8,108.6,3.0
Cotton,Punjab,Kharif,3.86,1570.0,23.1,52.8,5.61,103.1,57.3,103.1,125.2,2.66
Pulses,Madhya Pradesh,Rabi,6.33,1510.8,20.5,62.4,6.54,89.8,21.3,103.4,257.6,1.71
Maize,Maharashtra,Zaid,3.16,772.4,22.9,69.6,6.77,150.7,47.1,60.7,132.2,4.48
Wheat,Punjab,Rabi,4.36,279.4,25.6,77.9,7.68,,47.7,82.8,197.3,4.69
Sugarcane,Maharashtra,Rabi,4.57,1287.4,18.3,85.8,7.65,161.7,85.7,90.5,163.6,81.39
Potato,Andhra Pradesh,Kharif,0.63,858.0,25.4,,6.03,208.4,67.6,128.4,187.1,28.34
Potato,Karnataka,Zaid,4.26,768.0,26.1,94.3,5.93,102.8,48.1,130.1,162.3,22.92
Maize,Karnataka,Zaid,5.84,1127.6,31.8,69.1,6.27,147.4,88.9,127.0,164.6,4.57
Groundnut,Uttar Pradesh,Kharif,4.39,1164.0,37.9,74.2,7.18,135.3,74.4,138.4,98.9,2.99
Maize,Andhra Pradesh,Rabi,6.27,853.0,31.0,95.0,6.78,222.5,72.7,41.7,152.5,5.51
Maize,Tamil Nadu,Rabi,3.73,996.5,40.0,75.0,7.05,140.6,78.9,91.6,163.1,5.53
Groundnut,Punjab,Kharif,3.33,845.1,28.0,59.4,6.24,224.4,35.7,148.3,208.1,3.9
Groundnut,Madhya Pradesh,Kharif,4.68,933.1,30.4,,5.53,129.4,103.5,76.8,120.8,2.61
Groundnut,Karnataka,Kharif,3.19,567.3,28.4,66.7,7.46,52.5,75.3,116.0,115.2,2.83
Wheat,Punjab,Rabi,2.07,465.4,28.1,82.7,7.1,131.0,57.1,117.1,20.0,4.16
Potato,West Bengal,Zaid,3.18,584.2,31.5,78.2,6.06,137.2,75.8,142.9,187.9,25.61
Sugarcane,West Bengal,Rabi,5.54,1107.0,22.5,64.9,7.56,118.3,98.0,124.2,,109.74
Wheat,Madhya Pradesh,Kharif,3.15,658.7,24.1,78.1,7.59,86.0,59.1,93.5,225.4,4.06
Groundnut,West Bengal,Kharif,1.08,449.3,22.8,58.7,7.59,188.4,81.3,,78.4,2.71
Maize,West Bengal,Zaid,2.32,550.8,27.0,65.5,6.17,132.1,48.8,87.2,186.6,4.74
Cotton,Haryana,Rabi,2.3,1071.8,19.8,66.8,7.15,182.4,68.8,124.6,153.5,2.67
Potato,Andhra Pradesh,Kharif,3.24,250.0,22.0,74.9,7.79,183.4,33.2,91.2,208.0,27.74
Maize,Gujarat,Zaid,3.92,263.5,22.9,56.3,7.06,122.2,35.0,103.5,106.5,4.38
Rice,Punjab,Kharif,6.68,646.5,34.0,72.4,5.95,126.5,66.6,102.0,129.2,4.9
Rice,Haryana,Rabi,4.13,1263.0,,69.6,7.35,131.4,25.8,135.1,189.9,4.74
Cotton,Andhra Pradesh,Rabi,2.21,1151.5,38.7,73.1,6.64,106.3,54.1,114.8,211.2,2.53
Cotton,Gujarat,Rabi,11.59,851.9,31.8,75.5,6.03,180.8,34.1,174.9,150.0,2.65
Sugarcane,Andhra Pradesh,Rabi,7.89,894.0,22.5,67.5,5.8,126.9,44.5,110.0,148.8,95.03
Cotton,Tamil Nadu,Rabi,4.1,1141.9,31.5,56.0,6.52,140.4,63.0,105.9,125.2,2.38
Rice,Karnataka,Kharif,5.48,1135.3,28.0,50.4,6.27,105.1,42.1,111.3,101.8,4.72
Potato,Haryana,Rabi,0.71,757.6,20.9,76.4,7.82,77.3,78.0,88.9,143.6,29.58
Wheat,Madhya Pradesh,Kharif,5.4,671.8,26.2,65.5,6.82,82.5,70.6,74.4,115.8,4.08
Rice,Gujarat,Kharif,1.62,843.3,29.7,51.7,,191.0,93.1,109.6,140.2,4.5
Wheat,Andhra Pradesh,Rabi,2.56,781.1,37.4,77.8,7.12,93.2,56.5,124.7,147.3,4.03
Cotton,Karnataka,Rabi,8.02,856.9,25.6,55.4,6.19,111.4,70.5,118.5,168.1,2.38
Potato,Haryana,Kharif,4.7,485.0,22.8,79.8,6.61,90.2,95.6,83.2,129.4,28.31
Pulses,Punjab,Rabi,4.94,649.4,29.6,76.7,6.12,130.4,62.3,141.4,48.3,1.81
Pulses,Karnataka,Kharif,3.34,785.8,24.2,60.6,6.25,62.2,42.6,102.6,168.1,1.73
Rice,Madhya Pradesh,Kharif,6.13,511.5,21.2,48.3,6.95,117.6,66.8,73.7,200.7,4.61
Groundnut,Madhya Pradesh,Zaid,4.84,948.3,31.1,52.5,6.41,143.9,36.6,46.0,264.0,2.47
Pulses,Karnataka,Rabi,1.66,1177.5,24.6,77.3,7.92,190.2,56.2,125.7,56.4,1.53
Maize,Haryana,Rabi,2.42,1210.5,16.9,65.1,,143.3,68.6,,155.1,5.4
Groundnut,Madhya Pradesh,Zaid,5.73,703.5,26.3,76.0,7.8,,25.8,119.9,214.2,2.3
Wheat,Madhya Pradesh,Kharif,9.36,874.6,15.0,73.0,7.29,116.7,36.1,63.3,192.7,4.16
Maize,Madhya Pradesh,Rabi,6.26,500.3,29.4,54.5,5.15,90.4,42.4,101.1,164.3,4.69
Maize,Maharashtra,Zaid,5.64,507.2,33.1,62.2,6.36,86.0,48.4,193.9,144.9,4.7
Pulses,Gujarat,Kharif,2.27,924.2,17.0,65.0,6.72,168.3,54.7,136.3,214.5,2.01
Wheat,Maharashtra,Rabi,7.78,801.4,18.1,59.3,6.38,141.3,45.1,133.7,131.5,4.24
Maize,West Bengal,Kharif,4.04,864.1,21.5,52.1,7.55,89.5,47.4,154.2,62.3,5.18
Groundnut,Haryana,Kharif,4.55,641.1,22.3,55.2,6.61,60.6,71.9,110.2,99.1,2.82
Rice,Maharashtra,Zaid,4.8,497.0,25.4,74.9,5.58,88.0,52.8,123.3,154.5,3.93
Rice,Uttar Pradesh,Zaid,7.27,341.7,23.2,44.7,6.09,54.8,67.7,130.7,75.2,3.93
Potato,West Bengal,Zaid,1.36,558.4,30.5,75.8,6.56,125.2,60.1,74.1,154.8,23.98
Rice,West Bengal,Kharif,1.66,922.4,22.1,61.7,5.88,71.4,54.7,159.4,63.8,4.5
Potato,Madhya Pradesh,Zaid,3.27,761.9,25.9,65.3,7.78,64.7,50.9,90.7,190.8,25.35
Groundnut,West Bengal,Zaid,3.04,704.9,15.0,,6.96,138.5,32.2,57.1,181.0,2.66
Potato,Punjab,Kharif,0.94,612.2,20.9,75.6,,167.5,36.3,97.2,121.7,30.68
Wheat,Tamil Nadu,Zaid,5.56,609.3,29.7,78.3,7.43,119.6,62.2,79.9,141.4,4.0
Sugarcane,Madhya Pradesh,Kharif,3.49,429.1,27.8,87.1,6.52,96.0,37.2,50.1,179.3,86.04
Cotton,Gujarat,Zaid,8.19,1147.4,20.3,63.8,6.91,133.7,15.0,78.9,154.7,2.36
Sugarcane,Karnataka,Kharif,8.83,1108.1,22.9,60.5,5.63,114.2,61.7,91.4,163.3,95.07
Cotton,West Bengal,Zaid,8.25,997.8,31.5,53.5,5.95,41.7,69.3,86.7,132.0,2.26
Potato,West Bengal,Zaid,3.08,802.0,24.6,68.5,6.19,188.7,39.5,41.4,56.0,25.12
Groundnut,Punjab,Zaid,3.6,1321.7,30.3,71.3,6.47,101.4,47.1,88.7,192.3,2.83
Groundnut,Maharashtra,Kharif,3.22,1154.9,25.8,62.3,7.29,128.3,51.4,86.5,179.1,2.94
Rice,Andhra Pradesh,Rabi,4.97,844.2,34.7,93.9,6.14,91.2,94.4,126.3,181.6,4.58
Potato,Uttar Pradesh,Zaid,2.59,1146.3,25.9,82.0,7.01,82.7,76.0,49.4,137.9,23.94
Pulses,Punjab,Rabi,4.96,250.0,20.6,91.8,8.03,68.2,41.4,114.3,20.0,1.83
Sugarcane,Karnataka,Zaid,4.39,1010.0,32.2,65.1,6.42,185.7,40.4,131.4,180.9,89.09
Pulses,Gujarat,Zaid,5.58,1132.1,29.1,62.7,7.86,91.0,42.0,116.6,88.8,1.48
Groundnut,Punjab,Kharif,5.61,1157.2,29.2,47.8,6.35,177.5,66.7,96.3,90.6,3.11
Sugarcane,Karnataka,Kharif,5.03,815.1,31.6,53.0,6.24,101.3,36.6,75.7,175.7,98.06
Maize,West Bengal,Zaid,2.8,1093.0,24.0,73.3,7.64,140.8,38.8,102.5,20.0,4.85
Maize,Uttar Pradesh,Rabi,6.81,650.2,27.9,40.9,6.91,114.0,52.6,78.8,176.3,5.43
Maize,Gujarat,Rabi,6.73,834.1,33.9,66.0,6.51,178.1,65.7,98.7,181.6,5.08
Rice,Madhya Pradesh,Kharif,5.34,784.4,33.2,60.7,5.95,157.1,64.6,155.7,50.2,4.5
Maize,Tamil Nadu,Kharif,2.67,398.9,28.4,79.2,7.14,151.4,25.4,98.8,158.4,4.77
Wheat,Maharashtra,Kharif,9.83,1128.0,26.3,55.2,7.39,103.3,45.6,81.2,247.3,4.1
Groundnut,Haryana,Kharif,4.82,537.2,22.3,74.2,6.77,118.9,51.3,61.5,261.6,3.22
Sugarcane,Haryana,Rabi,1.26,1118.8,39.0,68.5,6.04,111.9,17.2,98.3,148.8,108.77
Pulses,Maharashtra,Zaid,5.63,860.1,19.5,75.8,6.99,121.5,69.5,117.3,142.4,1.57
Pulses,Uttar Pradesh,Kharif,2.71,870.5,26.4,43.9,6.44,110.3,36.5,158.3,145.7,1.85
Sugarcane,Karnataka,Rabi,3.93,346.7,28.1,58.8,6.65,118.6,62.4,135.5,21.4,79.2
Wheat,West Bengal,Rabi,6.63,805.5,23.5,79.7,7.33,,47.9,137.4,132.9,4.59
Maize,Maharashtra,Kharif,4.88,1526.9,34.5,59.1,7.18,156.7,43.5,61.7,76.0,5.01
Groundnut,Andhra Pradesh,Zaid,2.5,657.4,33.7,46.6,7.17,98.7,50.7,64.2,173.2,2.42
Rice,Andhra Pradesh,Zaid,6.22,847.6,25.8,62.4,7.27,136.3,64.8,124.9,110.0,4.02
Cotton,Gujarat,Zaid,4.56,250.0,25.6,65.4,4.97,144.9,62.0,113.3,130.4,2.2
Pulses,Uttar Pradesh,Zaid,5.75,519.7,20.9,76.8,6.7,102.7,52.5,49.0,130.4,1.77
Maize,Maharashtra,Kharif,2.21,1360.9,30.3,46.5,6.98,93.5,24.6,106.5,140.6,4.17
Wheat,Madhya Pradesh,Zaid,6.78,1205.1,23.6,51.5,7.13,89.7,58.2,100.8,147.4,3.97
Potato,Haryana,Rabi,0.98,662.3,34.5,51.6,6.93,170.2,51.8,128.7,119.0,28.13
Groundnut,Tamil Nadu,Rabi,3.59,332.8,28.4,77.8,7.12,150.9,31.2,92.3,101.6,2.63
Sugarcane,Uttar Pradesh,Rabi,5.71,532.6,24.7,82.8,6.24,155.0,46.5,119.4,250.2,108.36
Sugarcane,West Bengal,Zaid,1.22,628.7,26.6,34.8,6.21,156.6,103.8,83.9,145.5,95.27
Pulses,Gujarat,Zaid,2.19,755.6,28.3,50.9,7.08,99.0,75.3,100.1,186.3,1.55
Maize,Haryana,Rabi,5.34,728.0,26.2,59.7,6.24,107.0,52.2,99.2,164.8,5.63
Wheat,Karnataka,Zaid,6.84,882.4,29.8,55.7,5.56,111.8,28.9,103.0,177.4,3.45
Potato,Madhya Pradesh,Rabi,1.06,779.6,21.7,64.8,5.76,155.1,39.2,124.0,192.7,25.35
Sugarcane,Tamil Nadu,Zaid,1.0,1193.1,26.5,68.3,5.87,,88.5,74.5,155.2,83.22
Maize,Haryana,Rabi,4.12,657.9,36.7,74.1,6.83,102.3,49.2,118.8,137.8,5.21
Maize,Uttar Pradesh,Kharif,4.32,988.9,17.4,66.3,7.13,100.2,76.7,84.6,62.8,5.27
Sugarcane,Punjab,Zaid,5.36,753.5,16.4,72.3,6.66,161.4,52.0,107.5,90.4,99.54
Sugarcane,Haryana,Kharif,2.27,567.2,30.0,59.2,7.65,100.3,28.6,79.2,136.0,101.9
Sugarcane,Uttar Pradesh,Kharif,5.09,944.4,22.2,90.1,6.85,62.2,56.1,156.4,143.9,101.95
Maize,Gujarat,Zaid,5.89,793.9,28.0,77.7,6.12,174.7,94.3,139.8,195.4,4.67
Sugarcane,Maharashtra,Zaid,5.34,348.8,21.8,66.2,7.19,168.0,49.0,114.9,109.4,88.39
Wheat,Haryana,Zaid,3.01,690.3,30.0,67.6,6.78,127.5,52.6,157.7,98.0,4.43
Cotton,Gujarat,Zaid,7.6,1173.1,22.6,78.3,6.71,92.1,41.4,30.9,221.1,2.35
Groundnut,Tamil Nadu,Rabi,4.79,408.6,25.0,67.0,7.26,92.5,48.2,84.1,66.5,2.57
Rice,Uttar Pradesh,Rabi,3.46,882.5,29.0,67.2,5.59,41.0,74.9,53.2,133.4,4.51
Potato,Gujarat,Rabi,3.75,1012.7,24.6,54.1,7.34,98.8,36.7,120.7,83.7,24.99
Cotton,Haryana,Kharif,4.05,807.5,29.6,68.5,5.35,129.5,33.2,64.5,220.8,2.71
Maize,West Bengal,Rabi,3.54,670.2,29.2,63.5,6.74,108.8,60.2,76.4,111.1,5.59
Pulses,Punjab,Kharif,5.24,649.3,23.3,75.0,6.45,80.0,74.5,74.5,222.1,1.97
Potato,Maharashtra,Rabi,2.61,544.0,26.9,65.6,6.53,178.2,15.2,129.0,184.2,26.57
Potato,Punjab,Zaid,4.49,681.6,32.2,56.5,6.01,99.3,25.4,78.5,83.1,25.46
Rice,Haryana,Kharif,4.44,,34.8,58.8,6.9,162.1,61.1,135.9,108.7,4.89
Wheat,Andhra Pradesh,Zaid,4.65,776.4,28.6,70.3,5.73,161.5,71.3,115.3,153.1,4.13
Sugarcane,Punjab,Rabi,7.23,693.2,28.9,59.2,6.73,195.4,73.5,177.9,138.5,108.88
Sugarcane,Madhya Pradesh,Rabi,5.21,875.0,29.6,47.5,6.36,164.3,82.8,113.7,235.0,93.18
Pulses,Tamil Nadu,Rabi,2.74,988.8,24.1,78.7,6.91,144.0,63.9,118.1,213.9,1.76
Maize,Andhra Pradesh,Zaid,3.24,364.9,33.1,82.1,6.78,63.6,41.8,76.2,124.0,4.24
Wheat,Haryana,Rabi,8.77,585.3,27.4,65.6,6.12,127.0,77.4,39.9,179.6,4.47
Sugarcane,Maharashtra,Zaid,3.18,504.6,28.3,37.3,7.84,121.5,37.4,100.9,149.8,86.46
Potato,Punjab,Rabi,4.43,678.8,31.9,84.3,5.86,121.4,66.6,94.1,128.3,27.77
Pulses,Karnataka,Rabi,6.83,1386.9,34.0,78.3,7.3,101.9,49.7,116.4,168.4,1.77
Rice,Madhya Pradesh,Kharif,6.3,667.1,21.4,49.0,7.99,122.3,59.5,54.2,,4.14
Cotton,West Bengal,Rabi,11.7,783.8,18.4,94.3,7.45,121.2,57.9,168.0,264.3,2.86
Wheat,Haryana,Kharif,5.4,1019.7,34.9,78.9,7.13,109.5,43.5,66.5,166.5,4.8
Cotton,Uttar Pradesh,Rabi,9.09,835.7,21.6,59.8,7.46,142.6,54.0,94.4,202.1,2.91
Wheat,Andhra Pradesh,Rabi,6.47,,25.3,62.9,6.33,133.5,34.0,84.2,179.1,4.23
Groundnut,Andhra Pradesh,Zaid,4.75,322.6,25.0,67.7,5.46,40.0,53.9,100.3,96.3,2.44
Pulses,West Bengal,Zaid,4.88,714.3,21.9,73.8,7.68,149.2,19.8,107.9,67.8,1.65
Groundnut,Punjab,Kharif,1.7,637.8,28.9,68.6,6.01,146.1,,64.1,197.6,3.2
Pulses,Madhya Pradesh,Zaid,1.07,688.4,26.7,67.5,7.55,176.1,62.1,82.1,109.6,1.6
Groundnut,Punjab,Kharif,2.3,1030.7,30.4,91.7,6.55,103.6,15.0,90.3,134.4,3.1
Groundnut,Tamil Nadu,Zaid,4.21,1289.2,26.6,61.2,6.71,121.0,66.6,92.0,94.8,2.46
Potato,Andhra Pradesh,Kharif,2.37,745.0,26.3,55.3,6.96,138.8,79.1,51.2,150.2,27.75
Rice,Punjab,Kharif,1.3,609.1,27.4,74.7,6.57,133.4,51.5,123.7,199.8,4.97
Sugarcane,Maharashtra,Rabi,6.01,993.3,29.2,51.6,8.12,215.5,36.0,117.4,184.9,92.53
Pulses,Andhra Pradesh,Rabi,5.12,953.2,31.1,94.1,7.69,128.5,54.1,102.6,156.6,1.88
Maize,Maharashtra,Kharif,3.0,884.6,32.9,65.5,6.5,104.1,18.1,118.9,172.3,5.13
Potato,Madhya Pradesh,Zaid,4.54,1676.7,26.7,70.7,6.16,94.8,44.2,132.0,283.2,26.45
Potato,Andhra Pradesh,Kharif,0.6,462.8,23.0,86.3,6.45,177.7,35.5,146.7,215.4,30.06
Cotton,Karnataka,Rabi,9.78,1494.5,19.8,80.4,6.49,137.3,50.3,,110.8,2.52
Sugarcane,Maharashtra,Zaid,1.63,1067.7,35.4,57.0,7.57,145.3,76.6,165.4,112.8,84.37
Wheat,Madhya Pradesh,Rabi,4.2,1023.2,29.1,67.5,7.74,124.1,22.4,116.4,198.8,4.34
Pulses,Haryana,Zaid,2.63,1184.5,33.7,65.5,6.08,141.2,37.0,63.1,167.6,1.67
Wheat,Madhya Pradesh,Zaid,6.97,355.3,23.8,49.6,6.54,116.5,57.8,69.5,132.4,3.61
Groundnut,Punjab,Rabi,2.04,,38.8,78.0,6.25,85.9,59.3,135.8,300.0,3.28
Potato,Maharashtra,Rabi,3.89,829.9,28.0,60.1,6.82,77.5,66.3,96.7,157.9,27.93
Rice,Maharashtra,Rabi,4.72,250.0,31.0,50.7,6.61,137.9,82.4,88.9,108.2,4.59
Maize,Uttar Pradesh,Rabi,3.51,602.5,29.5,52.0,6.21,110.9,51.5,60.2,77.6,4.96
Wheat,Haryana,Zaid,5.86,1118.0,27.7,61.8,5.87,93.1,52.5,114.4,252.5,4.67
Wheat,Maharashtra,Kharif,7.59,250.0,23.0,57.4,6.68,239.5,58.9,145.0,235.3,4.8
Wheat,Madhya Pradesh,Rabi,1.39,,27.7,81.1,5.28,64.1,65.2,115.1,95.9,3.87
Wheat,Gujarat,Zaid,3.3,1632.1,27.0,71.7,4.8,129.5,74.5,88.2,167.0,3.54
Cotton,Tamil Nadu,Kharif,2.32,952.8,27.7,62.9,6.12,155.8,46.8,126.1,204.2,2.55
Potato,Gujarat,Zaid,4.44,860.9,22.5,70.7,6.98,40.0,59.8,72.0,192.2,22.93
Groundnut,Maharashtra,Kharif,1.99,778.5,34.2,64.2,7.0,141.6,89.1,144.2,158.1,2.84
Cotton,Andhra Pradesh,Rabi,4.38,725.7,25.2,69.4,5.82,97.9,82.4,114.3,100.2,2.8
Maize,Madhya Pradesh,Kharif,6.51,,33.4,73.0,6.26,140.5,60.0,177.6,63.2,5.3
Potato,Andhra Pradesh,Kharif,1.69,667.6,28.5,72.1,5.73,123.1,65.0,152.9,163.7,26.84
Maize,Karnataka,Kharif,3.5,982.8,30.0,83.8,7.0,101.2,56.2,69.1,100.7,4.81
Cotton,Gujarat,Zaid,3.34,1046.0,27.4,74.5,5.98,61.7,71.8,107.0,168.1,2.38
Cotton,Karnataka,Zaid,10.06,796.8,24.9,69.9,7.4,211.0,57.4,96.0,223.9,2.27
Cotton,Punjab,Zaid,7.03,1030.3,32.3,57.6,6.0,78.0,77.5,112.8,20.0,2.47
Wheat,Punjab,Rabi,8.28,910.6,23.7,44.3,6.45,149.8,44.5,107.5,174.8,4.92
Wheat,Tamil Nadu,Zaid,3.94,557.6,24.0,60.3,6.07,75.0,68.9,116.6,97.7,3.71
Cotton,Karnataka,Kharif,2.3,881.6,26.4,57.6,5.62,65.9,64.5,,20.0,2.68
Groundnut,Tamil Nadu,Rabi,4.3,1287.7,29.7,49.7,6.97,155.0,80.5,118.5,173.1,3.03
Wheat,Haryana,Kharif,8.6,250.0,29.9,80.8,6.9,132.3,62.9,88.9,131.2,4.5
Groundnut,Andhra Pradesh,Rabi,1.47,1465.4,23.6,71.0,6.57,144.3,41.9,65.9,136.2,2.71
Pulses,Gujarat,Rabi,2.65,744.0,29.2,74.6,7.53,131.9,56.2,111.7,100.5,1.64
Sugarcane,Haryana,Kharif,6.18,1469.5,20.4,75.5,6.62,75.1,63.9,129.7,190.2,101.38
Groundnut,Maharashtra,Zaid,3.15,1319.8,26.4,60.2,7.07,96.1,51.1,80.0,112.3,2.29
Sugarcane,Madhya Pradesh,Zaid,6.13,560.6,26.8,89.7,8.0,190.1,67.4,139.9,225.6,87.38
Groundnut,Haryana,Zaid,3.41,1008.3,21.1,76.9,6.52,131.5,39.9,79.3,214.6,2.83
Groundnut,Tamil Nadu,Rabi,5.53,515.3,30.7,76.2,5.49,120.4,43.2,116.3,,2.65
Sugarcane,Punjab,Rabi,2.68,610.4,25.8,77.8,5.02,100.9,55.1,75.5,164.7,105.49
Maize,Gujarat,Zaid,4.03,810.8,27.1,70.8,6.59,83.3,53.9,97.7,226.8,5.26
Maize,West Bengal,Rabi,3.8,623.2,26.6,,5.97,169.3,48.0,151.3,116.8,5.08
Cotton,West Bengal,Zaid,9.67,740.1,23.3,,6.11,146.2,90.1,124.0,220.9,2.36
Cotton,West Bengal,Rabi,2.03,1058.4,18.6,,6.65,169.2,39.3,44.3,78.7,2.75
Wheat,Haryana,Zaid,9.22,815.5,26.7,55.9,6.13,166.6,94.6,97.6,129.3,3.98
Cotton,Gujarat,Rabi,3.99,1032.3,24.0,94.1,7.62,109.3,39.4,45.6,161.1,2.5
Groundnut,Maharashtra,Zaid,3.89,915.7,27.0,41.6,5.99,113.8,57.2,131.9,20.0,2.81
Pulses,Madhya Pradesh,Kharif,4.29,1241.4,23.5,70.7,6.08,141.5,102.7,103.4,65.0,1.71
Groundnut,Haryana,Rabi,2.25,912.7,31.3,76.8,7.11,147.1,30.9,97.2,90.8,3.33
Maize,Madhya Pradesh,Kharif,5.01,621.8,31.0,70.4,6.5,107.3,52.8,50.2,86.1,5.25
Maize,Karnataka,Kharif,5.74,908.7,19.8,67.5,6.85,91.1,44.9,162.1,55.0,4.71
Sugarcane,Gujarat,Zaid,1.72,325.2,24.8,62.6,6.51,142.7,67.7,37.8,130.5,91.8
Wheat,Karnataka,Rabi,4.07,838.9,22.2,57.0,6.87,104.2,46.0,91.3,208.1,4.56
Maize,Madhya Pradesh,Zaid,1.74,653.8,25.2,56.4,,161.3,54.4,141.7,157.5,4.66
Rice,Haryana,Rabi,6.18,652.0,24.6,61.0,5.54,137.4,40.3,92.3,87.4,4.6
Pulses,Haryana,Rabi,3.33,755.0,26.1,58.7,6.9,127.8,42.9,110.7,79.2,1.78
Rice,Madhya Pradesh,Zaid,3.18,960.9,19.2,74.2,6.37,43.7,62.5,164.0,230.0,4.3
Potato,Maharashtra,Kharif,3.08,1109.7,24.1,61.7,7.74,110.3,47.6,85.1,127.9,26.13
Maize,Haryana,Rabi,1.18,855.4,19.1,52.5,6.64,106.4,62.0,137.5,,5.57
Wheat,Haryana,Zaid,1.47,936.3,21.9,73.6,6.89,77.4,97.1,163.9,161.4,4.27
Sugarcane,Madhya Pradesh,Rabi,3.08,654.7,28.7,84.9,6.7,88.8,41.1,140.8,112.2,98.44
Potato,Haryana,Rabi,4.31,958.5,34.5,64.2,4.8,142.7,64.9,95.3,20.0,28.16
Groundnut,Karnataka,Rabi,4.74,944.1,27.9,73.4,6.83,151.5,55.1,82.3,120.2,2.78
Pulses,Andhra Pradesh,Kharif,1.67,646.4,26.9,60.5,6.88,161.8,60.1,68.0,181.8,1.78
Wheat,Andhra Pradesh,Rabi,9.78,1441.6,32.3,59.2,6.53,101.9,19.1,125.4,64.9,4.17
Groundnut,Maharashtra,Zaid,3.6,582.2,24.4,79.2,7.55,115.0,79.5,30.0,193.0,2.35
Rice,Andhra Pradesh,Kharif,6.8,784.2,33.5,41.6,7.04,141.7,63.4,170.4,98.2,4.27
Sugarcane,Andhra Pradesh,Rabi,3.6,410.5,20.8,53.6,5.5,107.4,61.0,42.6,149.0,90.89
Wheat,Punjab,Rabi,3.27,1072.9,22.9,74.5,6.4,184.8,35.6,147.2,227.0,4.58
Maize,Uttar Pradesh,Zaid,5.76,941.4,24.6,41.5,6.03,118.1,42.2,141.0,163.2,5.09
Groundnut,Gujarat,Zaid,3.7,973.2,27.0,71.8,5.18,154.9,49.6,94.7,192.4,2.41
Sugarcane,Maharashtra,Rabi,5.49,955.4,24.3,59.6,5.5,40.0,87.0,87.7,210.1,99.17
Pulses,Maharashtra,Zaid,4.73,712.7,18.4,51.4,6.85,92.6,34.8,76.4,196.0,1.64
Groundnut,Karnataka,Rabi,4.0,677.3,18.1,53.4,7.65,123.0,46.3,64.4,165.7,2.63
Sugarcane,Madhya Pradesh,Rabi,1.53,250.0,24.5,63.4,7.46,147.9,46.3,114.9,164.1,82.82
Groundnut,Uttar Pradesh,Zaid,4.13,,24.4,73.6,5.58,141.4,56.5,167.0,41.9,2.38
Rice,West Bengal,Kharif,1.52,1106.6,22.3,73.7,5.98,156.3,68.5,116.4,181.9,4.51
Maize,Punjab,Rabi,2.05,681.6,19.5,53.5,6.92,60.8,47.5,96.0,235.4,5.7
Rice,West Bengal,Rabi,7.76,647.3,29.8,80.0,6.06,133.1,93.7,85.3,184.3,4.82
Maize,Andhra Pradesh,Kharif,3.61,846.9,31.2,61.1,6.44,99.0,48.3,30.0,199.7,5.29
Cotton,Andhra Pradesh,Zaid,5.47,779.5,27.7,76.9,7.57,105.1,55.4,113.1,179.7,2.55
Maize,Tamil Nadu,Rabi,5.58,659.0,23.8,69.9,7.17,74.4,48.0,50.4,204.9,5.7
Cotton,Uttar Pradesh,Kharif,11.33,1367.0,24.8,50.8,6.77,116.6,55.0,174.0,182.5,2.58
Maize,Gujarat,Zaid,2.06,1010.2,24.9,69.2,6.96,131.2,30.8,96.8,214.5,4.87
Potato,West Bengal,Rabi,3.75,1160.2,24.2,85.9,6.97,109.7,101.3,159.0,136.2,25.81
Pulses,Madhya Pradesh,Zaid,5.43,1185.4,28.5,56.7,7.3,177.6,66.1,92.1,131.4,1.53
Sugarcane,West Bengal,Zaid,7.91,1003.2,31.5,59.8,7.36,172.0,86.1,177.6,173.0,99.84
Wheat,Karnataka,Zaid,6.02,727.2,29.6,73.1,7.03,169.1,46.2,113.5,179.5,4.25
Rice,Karnataka,Zaid,1.02,686.9,33.6,64.6,5.79,131.5,68.5,148.1,71.9,3.52
Rice,Andhra Pradesh,Rabi,4.53,718.6,22.3,74.4,5.74,149.5,35.9,100.6,141.0,4.97
Potato,Punjab,Rabi,3.47,1155.7,29.7,48.9,6.68,40.0,77.8,113.4,163.8,28.08
Sugarcane,Karnataka,Rabi,1.63,950.1,29.8,45.1,6.53,146.6,92.6,152.6,142.1,93.48
Wheat,West Bengal,Kharif,3.44,1717.2,31.2,78.5,6.46,169.6,79.1,93.8,44.1,4.11
Wheat,Andhra Pradesh,Rabi,3.1,639.6,26.5,69.5,5.87,185.2,48.3,50.5,47.9,3.87
Cotton,Uttar Pradesh,Rabi,2.28,586.1,31.1,62.5,7.6,105.4,33.6,80.4,105.0,2.31
Groundnut,Madhya Pradesh,Kharif,5.94,1510.8,32.8,88.3,6.23,86.4,86.6,109.7,161.2,2.65
Wheat,Uttar Pradesh,Kharif,6.8,932.4,24.3,55.6,6.67,207.7,57.3,111.4,282.1,5.19
Potato,Madhya Pradesh,Rabi,1.7,834.7,31.5,54.4,6.06,147.6,63.6,167.9,229.3,27.4
Maize,Tamil Nadu,Zaid,2.99,1522.1,25.7,73.2,7.74,115.5,51.3,68.3,172.8,4.5
Sugarcane,Uttar Pradesh,Rabi,7.33,707.3,26.2,65.2,6.9,100.5,61.2,109.0,300.0,114.51
Cotton,Uttar Pradesh,Zaid,9.2,709.4,40.0,73.3,6.9,98.0,100.2,130.7,151.1,2.37
Sugarcane,Uttar Pradesh,Kharif,7.37,1106.7,34.5,85.5,7.59,110.8,54.5,165.8,205.5,104.51
Groundnut,West Bengal,Rabi,1.2,1409.2,27.4,54.2,6.61,126.9,41.8,100.7,67.2,2.64
Cotton,Gujarat,Kharif,2.86,844.7,19.8,81.0,6.93,169.4,30.9,82.6,207.6,2.49
Maize,Gujarat,Zaid,5.8,762.2,28.6,61.7,5.3,120.3,101.5,115.7,203.9,4.63
Wheat,Maharashtra,Zaid,8.93,904.0,27.0,74.8,7.84,204.4,50.8,139.2,171.6,4.16
Rice,West Bengal,Rabi,4.07,531.5,31.9,62.0,7.08,112.5,36.0,107.3,148.1,
Groundnut,Gujarat,Zaid,2.34,839.1,26.8,73.4,6.68,164.7,57.1,160.7,141.6,2.73
Potato,West Bengal,Zaid,3.58,660.5,25.3,46.4,5.74,127.6,38.6,56.0,169.6,26.91
Wheat,Uttar Pradesh,Kharif,5.86,1256.5,19.3,48.5,6.69,120.8,70.6,118.9,99.4,4.0
Potato,Punjab,Kharif,2.18,1026.3,28.2,67.5,6.73,157.1,64.5,65.8,289.5,34.35
Maize,Punjab,Rabi,1.99,372.6,17.4,74.5,6.07,168.3,68.6,138.8,153.2,5.62
